Breastfeeding children age group 6 to 23 months receiving an adequate diet (%),Deaths in the last 3 years registered with the civil authority (%),Population and household profile-households with any usual member covered under a health insurance or financing scheme (%),Married women age group 15 to 49 years using injectables as one of the family planning methods (%),Institutional births in public facility (%),Men age group 15 years and above who use any kind of tobacco (%),Elevated blood pressure or taking medicine to control blood pressure (%),Mothers who consumed iron folic acid for 100 days or more when they were pregnant (%),Mothers who had an antenatal check-up in the first trimester (%),Population living in households with electricity (%),Pregnant women age group 15 to 49 years who are anaemic (%),"Population and household profile-sex ratio of the total population (females per 1,000 males)",Women age 15 years and above who use any kind of tobacco (%),Women age group 15 to 24 years who use hygienic methods of protection during their menstrual period (%),Women registered for Ante Natal Care(ANC),Women discharged under 48 hours of delivery in public facilities,Women received first post partum check up within 48 hours of delivery,Women received post partum check up within 48 hours of delivery (to total reported deliveries) (%),Reported live births (to reported births) (%),Newborns having weight less than 25 kg (to newborns weighed at birth) (%),Complicated pregnancies treated with blood transfusion (to total women with obstetric complications) (%),Pregnant women given 360 calcium tablets to total Ante Natal Care (ANC) registrations (%),Pregnant women given one Albendazole tablet after first trimester (%),Facility based maternal death reviews done,Medical Termination of Pregnancies conducted at public institutions (to total abortions) (%),Emergency pills distributed,Newborns given Hep-B0 (Birth Dose) at birth (to total reports live births) (%),Immunization dropout between Bacillus Calmette Guerin (BCG) and measles vaccine (%),Children in In-patient Department (IPD) (to total patients in IPD) (%),Number of In-patient Department (IPD) deaths (to total patients in IPD) (%),Number of patients in In-patient Department (IPD) (to number of patients in Out-patients Department (OPD)) (%),"Patients given Ayurveda, Yoga and Naturopathy, Unani, Siddha, and Homoeopathy (AYUSH) treatment in Out-Patient Department (OPD) (to total number of patients in OPD) (%)",Deaths due to Sepsis (to total reported infant deaths) (%),IMR,srcStateName,srcDistrictName,IMR_capped
-0.23636692964595324,0.2579233111157273,0.9392310093432501,-0.594460738947677,1.4725533484485545,1.0950696934250692,-0.6248983190951787,1.4180206750358402,1.4979775554811776,0.6421636970911848,0.18075030633475644,-0.725897964984809,0.5448878734008984,-1.4590882551957791,0.11665772829423482,-0.541267424464005,-0.4593187320463848,-0.4345356198795469,-0.7567787673598823,1.242139956047681,0.004601223430874977,1.2378802093381984,1.1228787344448166,3.0403897536868634,0.7714562130852206,-0.22737556344016566,0.5485965780067783,-1.1819633830701588,-0.9784581364903485,0.40823268851664285,2.0226856885335747,-0.18317899887449257,-0.342276560160896,34.014907149235505,madhya pradesh,jabalpur,34.014907149235505
-0.6577567065268113,0.5029026686867692,-0.5479122091603991,-0.5034917060645219,0.12965631059223584,-1.390815199047811,0.35003332293663547,-0.07410382624190842,1.6542028113713703,0.689074802510569,0.18075030633475644,-1.4741609327297556,-0.8482052075441896,1.1423086924470849,-0.5191296080858308,0.006610259063981531,-0.33638871907462253,0.8751620341978632,0.020221394589048963,-0.3835512760336223,-0.09063231498399314,0.47432916528152264,1.4389389398007146,-0.30809166631168305,-0.9829841895243452,-0.3836046823659561,0.5278686778022486,0.6102755973206998,1.0063619394305579,-0.3034470450378526,-0.9772435822940321,0.47101128081264726,-0.49319707935408463,14.291595600776333,haryana,sirsa,14.291595600776333
1.2045142429143998,0.01756620557432608,-0.6811533645754659,0.04232249123440896,-1.1457892778740388,-0.7355102990263069,-0.17381054442374252,-0.6313478529536604,0.7094119781306849,0.4545192754136517,0.5568703606067402,-1.019858416598895,-0.36754736090231704,0.8828343165952396,-0.2936094605389281,0.16131298343864003,0.16907581645273873,-0.45117547136251507,0.17562142697882638,0.27963684391290233,-0.07266686144896123,1.6387445074679536,-3.4352876544294836e-05,-0.32290795578070314,1.126286856309627,0.033096555115485024,-0.9265389865489024,0.7496551291854163,1.4958311436734968,-0.6830095696002503,-0.45670790973033787,0.5512421641705038,-0.4153026178350195,19.549054143081868,haryana,palwal,19.549054143081868
-0.9568075159261299,1.1037954325402703,-1.1625407647847397,-0.4125226731813667,-1.6363452734379906,-0.6927730229379478,1.1066966869016255,0.570641328631193,-0.42136130259832427,0.29033040644580904,-0.20059363757989418,0.10253603501852485,-0.009090661711768075,0.6167067516189876,0.21293298159388574,-0.5566122694727041,-0.5563815457186799,-0.4627719701759351,1.00442159972435,-0.0431538339371764,-0.11167518417085921,0.8280329577489535,-0.11695093290657149,0.06231557041381988,1.3391852422442707,-0.5462643759442378,-1.4170992913894334,-0.3062963241809648,-0.32732937855249444,1.4520296310632366,0.20081083456064422,-0.34981237200234894,0.013116920519838147,15.31914271298727,maharashtra,sangli,15.31914271298727
-0.16840083660065355,-1.5031547121779956,-1.2742914112618926,-0.04864654164874616,-0.9863585793157543,0.7602943640662571,-0.8140641600864262,-1.239250427548299,-0.6296616437852468,0.21996374831673457,0.9538859734493903,0.8107134866342779,-0.6363898852952288,-0.3546588605443332,2.392449711100628,1.862882831438053,1.7034305034261454,-0.4824635318729612,0.1238214161822339,-0.4774540186809178,-0.19068991036660135,-0.14324888505843608,-0.48825743432061414,-0.32290795578070314,-0.5046199149551452,1.9668041982493913,-0.4100688064527097,-0.4850657237465789,2.5376371563740623,-0.8253455163111494,-0.04575869454847397,1.1375447733240722,-0.7220120600663381,4.28069924057888,bihar,gaya,4.28069924057888
2.835700476001592,-0.7127496151091598,0.3331986572940751,-0.4125226731813667,-1.0292822289276002,0.7602943640662571,0.08811138925644646,-0.26292205016903103,-1.1132160072548887,-0.08495843690926043,-0.12745918258256367,0.39649648663261106,1.4899100803578003,-0.49437583215686515,0.4343740449998803,-0.33279102584147063,0.010547996294562545,-0.47912271227020303,-1.8963790048850049,-0.21922147640085515,-0.21788761085713576,-1.2155889542850915,-1.3619197905889497,-0.13029619268344161,-1.5060308413884704,-0.6474613138966022,-0.29779268034484224,0.754200113920135,0.44055350149835437,1.214803053211738,0.8446312716788975,-0.6275346605487762,0.10074818972878624,34.93042793384091,meghalaya,east khasi hills,34.93042793384091
0.6335990613338827,0.04529971775218037,1.880515300823883,-0.4125226731813667,0.1235243606476868,0.7175570879778981,-0.47938613371729594,-0.24450076002979962,-0.8602798786707684,-1.609569363039222,0.5777659191774063,0.7706279705050844,1.726165632097026,-1.499007389942217,-1.0229674400817381,-0.6887380566693462,-0.47857722682263387,-0.5006131768302527,-1.8963790048850049,-0.10771196950719183,-0.1702292549517039,1.114364599270207,1.356711894504871,-0.30809166631168305,0.6058685795804974,-0.6575471625620886,-0.4964350573049157,0.0876023528280153,2.01673415002378,1.1199124220711385,0.24190575607883083,-0.7077655439066328,-0.6051703677877405,13.481828839390387,chhattisgarh,narayanpur,13.481828839390387
-0.3858923343456125,0.7109040100206735,-0.0837172161014567,-0.594460738947677,-0.9556988295930073,-0.4363493664077939,0.07356017071865799,-0.3412125332607649,-0.6147830479861811,0.29033040644580904,1.622543847710695,-0.7927071585334649,-0.025384148038611297,-0.9667522599897127,-0.20555444854062896,-0.3729811764207765,-0.5508675345827434,-0.44173123133164127,0.38282147016521834,1.2127953489704015,-0.12207185867029896,1.0436238407767207,1.4427933325489575,-0.32290795578070314,-0.977727439254354,-0.42130815690740553,0.49850415251249863,0.13153720526363238,-0.5024605617219863,-0.39833767617845195,-0.18274176627576216,0.298206301272648,-0.5078022908889092,14.256162957692663,gujarat,bharuch,14.256162957692663
-0.4130787715637325,0.5445029369535505,1.3647430863139471,-0.594460738947677,-0.9556988295930073,-1.1272686631695974,1.0048381571371077,1.3489408370137221,1.3194344058923875,0.5248859335427263,0.3008997681160845,0.4766675188909982,-0.8074714917270818,0.656625886365425,0.8960820318795825,-0.1558582912194272,-0.5076474178848877,-0.013624473197436851,1.108021621317535,-1.6218936946948317,4.02570222623019,0.8381387803908795,-0.3751952470388294,-0.23401021896658242,0.36142969202590636,-0.5748973557126995,0.8526057810065435,1.17082371460271,-0.47102675961464147,2.3534906268989313,-0.3471214523485075,-0.9608014068044888,0.8942980164542613,14.191147023487009,andhra pradesh,guntur,14.191147023487009
-0.6441634879177514,0.4335688882421346,0.5137189323725526,-0.594460738947677,0.9574695531064046,0.318675844486548,-0.4066300410283546,1.4963111581275739,0.38952216845076815,0.26687485373611536,1.0270204284467201,-0.3517664811123356,0.03164305410533976,-1.0399373403581822,-0.2947445100390069,-0.642009667781986,-0.3792033937771888,-0.49672626171550543,-0.5495787241735124,-0.3365999047099744,-0.11109297039889059,1.0582211401483925,1.225662541064621,-0.011765876931280679,0.16430155690123607,-0.4863584962868182,0.6919645544214404,-1.3683077571936375,0.11274385095033085,-0.3508923606081524,0.5843634353970506,-0.05357526421949316,-0.4347762332147858,28.286681351743407,madhya pradesh,betul,28.286681351743407
-0.4266719901727924,-0.2181686479374318,0.8618651771667595,-0.5034917060645219,0.5037052572097497,0.5537308629725222,-1.0759860937666152,0.03181859205867239,0.10682884826851505,-0.5775250438127851,0.849408180596061,0.40985832534234223,0.5448878734008984,-1.3127180944588406,0.6948945079906185,1.0695676878317961,0.6410508431691911,-0.36646642047335054,-1.4301789077156286,-0.2661728477245027,-0.18794518829874926,-0.22634120455872195,-0.23129791777110373,1.0105580964311074,1.4456344352115928,0.11195570743287919,-0.6208024585320928,0.001247642868354069,-1.562228747055321,0.12356079509484483,-0.5525960599394395,-0.49793092589377663,-0.63438079085739,10.544062496522406,assam,nagaon,10.544062496522406
-0.23636692964595324,0.09152223804860353,0.9521253147059984,-0.4125226731813667,0.3626704084851128,0.9882265032041718,0.1754187004831763,0.05945052726751966,-1.1727303904511528,0.19650819560704086,0.41582534025474643,-0.05780602949824943,0.5774748460545849,-0.9734054491141191,-0.8644595509105804,-0.6183919498120752,-0.36687795712038945,-0.4561545775012411,-0.6531787457666973,0.7902330070575714,-0.22063233292498785,-0.9045541907502398,-1.059992358643275,-0.2784590873736428,1.7189854492511358,-0.5495811986597334,-1.9180235463322288,-1.0562188054095996,-1.8541140523378072,-0.73045488517055,-1.127924961194049,-0.8188544593252036,-0.8972745984842343,20.790401611943036,assam,chirang,20.790401611943036
-0.23636692964595324,0.32263483953071936,1.132645589784476,-0.5034917060645219,-0.8207959308129208,-0.17992570987763998,0.7720186605324951,0.5476147159571536,0.04731446507225162,0.6187081443814911,-0.8379081739852001,1.2382923253456761,-0.53862896733417,1.0824299903274288,-1.0075023906431648,-0.5757733107183493,-0.4860373595359598,-0.4666588852906825,-0.6531787457666973,-1.181724588535634,-0.22063233292498785,0.12511684954383692,-0.8184504130867352,-0.32290795578070314,0.27469331257105134,-0.3086038748400567,-0.2753374551232684,1.3162632261137175,-1.297286700721987,-0.9202361474517488,-0.9087520464303882,0.6191298347040749,-0.9216166177089421,14.929499585291676,uttarakhand,champawat,14.929499585291676
0.49766687524328335,1.279441009666679,-0.03213999465046297,-0.2305846074150564,-0.6000457328091424,0.767417243414317,-1.3670104645223806,0.3081379441471444,1.490538257581645,0.4545192754136517,-2.4102989564277997,-0.2047862553052925,-0.3105201587583661,-0.20828869980739434,-0.7256554116548525,-0.5389456826974715,-0.5425154294797806,-0.4631895726262798,0.17562142697882638,-0.45984725443455,0.0024387151349915957,1.43101370871724,2.221380667693974,-0.32290795578070314,-1.0026970030368123,-0.6096901490956529,0.5365053028874694,-0.2517565073643367,-0.7674026080553198,-0.8727908318814491,0.5706651282243218,-0.041232051395207546,-0.7317488677562212,19.752235056522913,gujarat,jamnagar,19.752235056522913
-0.7665024553992907,0.4012131240346389,1.773062756134313,-0.3215536402982116,0.06220486120219282,1.0380866586405904,1.4559259318085438,0.21603149345098707,-1.135533900953488,0.29033040644580904,0.4367208988254121,0.24951626082556794,0.7892901683035455,-0.6607055602670228,-0.5954350842434707,-0.5973361537914429,-0.15268295100897133,2.0809088014048385,-1.7927789832917758,0.4909180148693174,-0.18245574416304505,0.20147195394950426,1.0997523779553608,-0.24882650843560253,-0.7411736771047498,-0.6157145821911447,-1.2236388894804913,0.4587761061634001,-0.46204567329825735,0.6929045819384412,0.5432685138788643,0.24883344997550527,-0.26438209864183104,15.922517734390441,chhattisgarh,jashpur,15.922517734390441
0.4432940008070435,0.47516915650891567,0.20855370545417395,-0.5034917060645219,1.1843517010547324,1.4298450227838808,-1.0177812196154623,-0.9122725275769403,-1.0090658366614276,0.17305264289735045,1.5285138341426991,0.19606890598664317,3.5591828438668784,-0.9933650164873379,-0.9150490618320604,-0.6488414596467286,-0.47861777102216274,-0.4249307635216173,-0.3941786917837129,-0.031415991106264196,-0.08980058102403796,-0.9708034725139808,-1.094681893377459,-0.30809166631168305,-0.1195629576782893,-0.511133131263785,-0.25115490488465064,-0.3562911562628739,0.06334787621021773,0.3607873729463431,2.351445060679066,-0.596676628488062,-0.12319838713852567,18.161043959348127,tripura,dhalai,18.161043959348127
-0.26355336686407327,0.30414583141214985,1.0423854522452374,-0.594460738947677,0.09899656086948885,-0.8209848512030248,0.29182844878548203,-0.06489318117229288,1.341752299590986,0.5248859335427263,0.776273725598731,-0.3651283198220668,-0.04167763436545437,-0.015346215199611197,-0.7519566367894907,-0.16970868175771386,-0.41930160711131576,0.20458886874040733,0.7454215457413877,-0.031415991106264196,-0.12606418167808384,0.8796849401410222,0.2749123298314322,-0.29327537684266286,0.19847043365617867,-0.6029888134051619,1.22398065967103,1.017809228533837,1.7203583015831012,-0.11366578275665365,0.20081083456064422,-0.7694816080280612,-0.17675082943288295,26.105891563906834,telangana,adilabad,26.105891563906834
1.3812260848321791,-2.062447207764716,-0.38028623944466994,0.2242605570007193,1.2395392505556775,0.7175570879778981,1.9943210177067103,-1.584649617658889,-2.3630180543764254,0.07923043205858227,-0.6968631536332064,0.5301148737299229,1.0744261790233003,0.6433195081166122,-1.0670126812293266,-0.5643514086944829,-0.5040795283263404,-0.0969201004085115,-0.6531787457666973,-0.806113617946452,0.02447966507380383,-0.651908624702075,-0.9700565278509463,-0.29327537684266286,2.0672451546380537,-0.6205205906156384,0.6522360790294249,0.9738743760982198,0.8851172741593715,1.0250217909305388,0.8583295788516266,-0.8743989170344892,1.2691651125147616,21.312300721597587,arunachal pradesh,east siang,21.312300721597587
-0.9432142973170698,0.08689998601896083,1.0767702665458998,1.1339508858322707,0.2829550592059708,0.9241205890716335,-1.0468836566910389,-0.2721326952386469,-1.2545626673460153,-2.3132359443299735,-0.22148919615055987,-0.2582336101442173,2.565280177929447,-1.2195734467171524,-0.2239724001942511,0.026305034049059664,0.610034530529548,-0.44381924358336505,-2.6215791560373214,0.13291380852650297,-0.20632650881375875,0.10602807344241966,0.7387242572032986,-0.04139845586932093,0.7556859622752468,-0.22913551018716327,-0.9628128119068288,0.8057099409136174,0.09478167831756253,1.1673577376414384,-0.36081975952123624,-0.7879964272644896,-0.5856967524079743,33.026516596718814,assam,karimganj,33.026516596718814
-0.5490109576543318,0.9697501236806436,1.3647430863139471,-0.5034917060645219,0.42398990793060676,-1.4620439925284094,0.45189185270115323,1.7910518003552778,-0.4957542815936538,0.29033040644580904,0.9382143045213904,1.6525093253473429,-0.22905272712415048,1.3219447988060553,-0.7994247615857539,-0.6888981767911762,-0.5565031783172667,-0.4118887177646962,1.5224217076903188,0.16225841560378304,-0.19800916921420694,-1.8253069203479961,-1.0420051924848093,-0.32290795578070314,-0.09065083119333761,-0.6388646509401137,1.9719123920511354,0.9935693099486689,-0.6955539175242464,-0.7779002007408496,-1.0731317325031338,-0.22020863734734938,1.1231129971665141,6.642289241504244,tamil nadu,ariyalur,6.642289241504244
-0.16840083660065355,0.5029026686867692,1.106856979058979,-0.3215536402982116,0.4975733072651997,0.5750995010167015,1.9070137064799804,0.40024439484330177,-0.09403219501887386,0.5483414862524166,0.01358583776943009,0.22279258340610555,1.0173989768793494,-1.0066713947361507,-0.41075011597674593,-0.6270384363908901,0.15350684383362373,2.6926321446290937,-1.6373789509020205,-0.007940305444440087,0.9842174814660863,1.1772452734866385,1.3695598703323468,0.6105182807675642,-0.6741501111623618,-0.14987021631276956,0.22558679981952734,-0.19418670072456276,0.47198730360569824,0.3607873729463433,3.461007941670097,0.40312361027907606,0.2906159396815072,29.399987679418473,chhattisgarh,surguja,29.399987679418473
1.7210565500586774,-0.6110600704570287,-0.3630938322943388,-0.594460738947677,-0.299580185526222,1.964060973888368,0.5391991639278831,-0.5622680149315423,-0.7486904101777742,-0.10841398961895081,0.33746699561474974,-0.4987467069193787,1.12330663800383,0.9892853425857401,-1.0859360846134523,-0.6194060439169979,-0.5495701201978171,-0.40617077652151407,-1.378378896919036,-0.5830946041591252,-0.13155362581378802,-0.928134443581402,-1.220592056486719,-0.32290795578070314,0.42582488283329867,-0.4578608970373565,0.9821551572848527,0.6663304090489008,-0.6596295722587098,0.5980139507978418,-0.579992674284897,0.0883716832597917,-0.3276713486260714,3.274394237066143,arunachal pradesh,lohit,3.274394237066143
-1.1063329206257893,1.2748187576370362,1.0982607754838138,-0.4125226731813667,1.6135881971731902,2.3700650967277785,-0.69765441178412,1.3120982567352593,0.6201404033362893,0.7125303552202593,-1.5901482825291682,-1.006496577889164,4.496058307660358,1.1223491250738662,-1.0524787270837863,-0.6062495072399742,-0.5454751560453935,-0.46164765588654527,0.8490215673345727,-1.1406421386274423,0.004268529846892924,-1.2324319920216358,-1.12037784503241,-0.30809166631168305,-1.1564569484340552,-0.6156468919316449,-0.03523927775413506,0.44968613669396196,2.2367707647751915,1.4994749466335362,0.967916036233457,-0.5041025323059196,-0.36175017554066236,26.502087493192956,mizoram,champhai,26.502087493192956
0.14424319140772482,1.0483284081845632,0.8360765664412626,-0.594460738947677,1.5645325976167954,2.348696458683599,-0.9741275640020974,1.2522290637827571,0.441597253747498,0.5483414862524166,-0.14313085151056323,-0.5121085456291099,4.1701885811234956,1.002591720834553,-1.0921256514185695,-0.6498288670646796,-0.5527731119606037,-0.42390281902846094,1.2634216537073344,-1.6336315375257437,-0.22063233292498785,-1.7590576385842553,-1.4312988600573178,-0.32290795578070314,-0.9790416268218519,-0.6566671891885899,-0.5344362076798868,-0.46082580516141103,0.9569659646904453,1.404584315492937,0.48847528518794936,-0.4609012874209198,0.36364199735563063,13.659915214319359,mizoram,serchhip,13.659915214319359
-0.4674516459999723,0.41045762809392294,0.16127458579076306,-0.04864654164874616,1.5584006476722454,0.0622521879563941,-0.9013714713131561,0.6903797145361973,0.9623481067148048,0.31378595915549945,0.4628403470387443,-1.500884610149218,-0.44901479253653276,-1.9846901960238772,-0.19964864411053154,-0.48231653294362886,-0.4004080101308273,-0.4269224059771077,-0.49777871337689783,0.7315437929030115,-0.05711343639779937,1.1368219829189325,1.1331571151067974,-0.21919392949756233,-0.23521146361809603,-0.46855595803834216,0.8526057810065435,-1.6622167700387995,0.4136102425492014,0.40823268851664285,2.118573838742676,-0.21403703093520676,0.6557462280521245,34.68178826388537,madhya pradesh,guna,34.68178826388537
-0.4810448646090322,0.2764123192342962,1.0080006379445747,-0.3215536402982116,-1.6854008729943857,-1.5546414240531872,1.6887454284131564,0.4324816525869569,1.393827384887717,0.6656192498008752,-0.49835534721188124,1.9731934543808916,-0.24534621345099356,0.9360598295904898,-0.5600179928113249,-0.4896019984868895,-0.4432632290329225,2.721767946356994,1.4706216968937045,-0.2485660834781349,0.9646717334071399,1.6443588533801348,-0.30838577273595674,-0.32290795578070314,-1.6808177878656783,1.5238391400819857,0.47950357732501364,0.6557254446678898,-0.41714024171633607,0.40823268851664285,-0.8539588177394728,-0.8126828529130609,-0.7609592908258705,1.5004481858217391,telangana,karim nagar,1.5004481858217391
0.8918702149060213,0.040677465722537665,-1.1066654415461632,4.0449599380932355,1.7484910959532773,-0.6642815055457086,-0.6248983190951787,-1.2070131698046438,1.4384631722849142,0.5014303808330325,1.5964243994973628,-0.5922795778874971,-0.783031262236817,-0.24820783455383177,-1.062197588428211,-0.6699506290413041,-0.5075663294858298,-0.008838106651177726,1.315221664503949,-0.6593905825600528,0.02131907602597411,-0.32403082343067874,-1.1075298692049342,-0.32290795578070314,-1.800408856507978,-0.6524703930995954,0.7351476798475433,-1.1304535560766766,1.7697542763232144,-0.25600172946755295,0.48847528518794936,-0.8435408849737752,2.04324132386047,16.300169152698757,ladakh,kargil,16.300169152698757
-0.6985363623539911,0.5352584328942657,2.361902701033157,0.5881366885333399,1.4848172483376534,0.09074370534863332,-1.1487421864555567,-0.05107721356786908,-0.15354657821513834,0.26687485373611536,-0.3364147682892214,-0.28495728756367966,-0.5712159399878562,0.5036025365040802,1.5914683345880032,-0.21883887247252262,-0.29199282059042747,-0.5065238576659017,-1.7927789832917758,1.41820759851136,-0.16349220987606694,0.08469355897613044,0.05392714559885313,0.2401110440420613,-0.9764132516868561,0.6404135633486704,-0.1613340039983562,-2.059145436870925,0.13070602358309918,-0.6830095696002503,-0.3882163738666941,-0.9669730132166316,0.017985324364779565,40.71663747451037,rajasthan,udaipur,37.781636137288096
-0.6577567065268113,0.012943953544684026,1.9406887258500427,-0.5034917060645219,1.6626437967295853,-0.24403162401017883,-0.8286153786242147,-1.3267515557096483,0.2556148062591741,0.008863773929507775,0.5255270227507418,0.24951626082556794,-0.7178573169294445,-0.7006246950134611,-0.5438169347125442,-0.5914650826576797,-0.4347894913313729,-0.12428912253879908,-1.9481790156815753,1.3243048558640649,-0.18295478453901817,0.13297693382089049,0.21452684344229736,-0.14511248215246172,-1.5664834694933696,-0.47268506386783665,0.5019588025465868,-1.6213119074263282,0.0049708151537209274,-0.39833767617845195,0.7898380429879822,-0.9052569490952033,0.13969542048831862,21.218883459659114,rajasthan,pratapgarh,21.218883459659114
0.8782769962969617,0.4844136605682004,-0.0622267071635427,-0.4125226731813667,1.3437823996130165,-0.521823918584512,-0.057400796121436254,0.9298564863462064,0.6350189991353554,0.47797482812334213,0.8128409530973962,-0.378490158531798,-0.6200963989683856,-1.232879824965965,-0.055923001163056055,-0.6287730710440472,-0.5259733960719709,-0.512016936051206,-1.1193788429360738,1.242139956047681,-0.12257089904627205,0.739326292336486,1.0445060818972158,0.25492733351108143,0.3903418185108578,-0.353144065590997,1.0633394330859263,-1.0486438308517345,-1.1311366038688797,0.17100611066514435,1.447356787278965,-0.9176001619194888,0.5924569780678843,26.10864983440148,madhya pradesh,ratlam,26.10864983440148
-0.5761973948724516,-0.6064378184273863,-0.9562318789807652,-0.5034917060645219,0.48530940737610073,1.3728619879994024,-1.003230001077674,-0.8616139796940537,-0.43623989839739036,-0.03804733148987633,1.1576176695133813,-1.2069241585351318,-0.05797112069229745,-1.0066713947361507,0.3371854315556347,-0.49795493150901615,-0.3504575563111666,-0.49473461926001494,-0.7567787673598823,0.17986517985015057,-0.09063231498399314,1.2142999565070363,0.3956833026097021,0.2252947545730412,0.11173405420132389,-0.48290629305232285,0.6418721289271607,-1.2168082660363377,-0.10280222064288995,0.40823268851664285,1.4610550944516938,-0.4609012874209198,0.3052211512163318,23.813614090198868,madhya pradesh,chhatarpur,23.813614090198868
-0.8072821112264705,0.07303322993003401,0.8360765664412626,-0.1396155745319013,0.39333015820785977,1.1734213662537274,-0.4357324781039315,0.6028785863748478,0.307689891555905,-0.6009805965224756,0.05537695491076186,-0.2315099327247549,1.3351219602527904,0.11106437816410798,-0.4767780736141412,-0.5602683455878202,-0.3977726371614458,1.3426197924607086,-1.585578940105406,1.881852390332382,-0.14993494632879753,0.08469355897613019,-0.6193067877608643,2.66998251696136,1.0250944136122966,-0.4575224457398569,-0.19588050433923815,0.6936003174572153,-1.4409840817841344,0.2658967418057439,-0.5115011384212529,-1.1768076312294877,0.8504823818497871,25.57000083516606,assam,dibrugarh,25.57000083516606
1.6666836756224375,-0.144212615463155,0.45784360913397626,-0.4125226731813667,0.7428513050471757,0.9739807445080519,0.059008952180870024,0.38642842723887827,0.33744708315403726,0.5952525916718007,0.5150792434654088,1.4387199059916438,1.5795242551554374,0.49694934737967333,-0.539906334481804,0.10052071051721995,-0.5428803272755411,-0.46325381915710206,-0.08337862700415806,-0.4128958831109021,-0.09578906553571527,-0.5530961366476815,0.5511438101221559,-0.32290795578070314,-0.7398594895372518,-0.29513351319957476,0.6435994539442048,0.6223955566132838,0.13519656674129102,-0.5406736228893512,-0.07315530889393146,1.5201843708769278,-0.13780359867335043,11.231550267557871,odisha,kendrapara,11.231550267557871
0.49766687524328335,-2.7835185243889176,-0.767115400327122,3.40817670791115,0.6753998556571327,1.0024722619002913,1.9070137064799804,-1.0228002684123292,-2.7573008430516714,-2.336691497039664,-0.43044478185721763,0.4365820027618046,0.6752357640156436,0.9693257752125214,-1.084206907640676,-0.6352846226651301,-0.5539083495474143,-0.4552230028043182,-0.186978648597343,-1.4751706593084324,-0.03997971682272264,-1.2683638058595972,-1.3503566123442219,-0.32290795578070314,1.385181807106694,-0.6429937567696081,-0.8902651611909761,0.5072559433337359,-0.40815915539995234,-0.11366578275665365,-0.18274176627576216,0.45249646157621853,-1.023853098452715,1.2366034624896949,arunachal pradesh,upper subansiri,1.2366034624896949
-0.6713499251358712,-0.8467949239687869,0.3289005555064922,-0.3215536402982116,0.2829550592059708,0.24744705100594974,-0.7558592859352734,-0.15239430933364229,-1.09089811355629,-0.5071583856837106,1.0635876559453854,-0.29831912627341084,0.2271648900274574,-1.0665500968558073,-0.2659071586776304,-0.608331068823763,-0.3883258386712015,-0.25782553685288984,0.4346214809617887,0.4850490934538611,-0.1840360386869599,-0.2937133555048988,-0.5165229811410602,-0.32290795578070314,0.9685843482098909,-0.1855429830692218,-1.159727863849859,0.6966303072803611,-1.6924544986428918,-0.9202361474517488,-1.511477562030455,2.2792919595704952,-0.6733280216169224,14.810329591202173,assam,kamrup r,14.810329591202173
-0.6577567065268113,-0.5417262900123939,-0.9003565557421889,0.40619862276702967,-2.4212348663403134,-1.1984974566501958,0.2627260117099056,-0.47476688677019296,0.12914674196711476,0.38415261728457395,-0.06477250687056657,-0.6991742875653466,-0.726004060092866,0.3638855648915473,2.304190744895284,0.5287352896643253,2.293145885574655,-0.2688116936234982,0.48642149175840327,0.04487998729466344,-0.07141926050902847,-1.5468353631037968,-1.3503566123442219,-0.32290795578070314,0.5808990157980392,2.486530010689694,-1.500010892207551,-0.22145660913287682,1.2623228994475078,-0.44578299174875174,-1.1964164970576927,0.9832546130205018,-0.32280294478112986,6.529963549674366,uttar pradesh,meerut,6.529963549674366
-0.6169770506996315,0.3734796118567846,0.18706319651625994,-0.1396155745319013,1.2518031504447755,0.12635810208893247,0.07356017071865799,-0.023445278359022142,0.08451095456991639,0.43106372270395804,-0.3938775543585524,-1.1133912875670136,-0.24534621345099356,-0.6008268581473666,0.12902799433024964,-0.6097187765462888,-0.21053952373677629,-0.49900701355969607,-0.6013787349701049,0.8900046711203228,0.01424933736635509,0.6506196269240194,1.085619604545138,-0.15992877162148186,-0.4704510382002024,-0.4840570274638214,0.3464995510126157,-1.1804483881585854,0.04987624673564173,0.3133420573760436,1.4199601729335067,-0.8311976721494893,-0.03556711792957758,22.26862838158519,madhya pradesh,khargone,22.26862838158519
-1.5820955719428869,1.3164190259038173,0.1139954661273522,-0.5034917060645219,-0.9556988295930073,-0.856599247943324,-0.3338739483394132,1.5331537384060367,1.6170063218737054,0.40760816999426763,-2.4102989564277997,0.49002935760072935,-0.20461249763388573,-0.061918539070455504,-0.6116272747680319,-0.5039060627036942,-0.5477050870194856,0.6481469175373679,0.9008215781311651,1.6705712193759668,-0.019269541219838655,1.1592793665676584,1.5892602569821785,-0.32290795578070314,-0.718832488457287,-0.4966474157308045,-0.06978577809501775,-0.13510189917321588,-0.4261213280327207,0.12356079509484483,1.9130992311517439,-0.9978310452773457,-0.17675082943288295,10.81695966907963,gujarat,navsari,10.81695966907963
-0.3858923343456125,1.00210588788814,-0.4490558680459948,-0.3215536402982116,1.2272753506665783,0.5608537423205822,-0.5521422264062373,1.0772268074600584,0.36720427475216844,0.4545192754136517,-2.4102989564277997,-0.6056414165972283,-0.017237404875189613,0.3971515105135788,-0.27340025889299413,-0.6278657236870112,-0.5430019598741279,-0.4628040934413462,-0.7049787565632898,1.9992308186415018,-0.18370334510297784,1.32209539802092,1.5018940213553449,-0.2636427979046227,1.0776619163122083,-0.6280342094201282,-0.04905787789048799,-0.3744710952017498,0.04538570357744941,-0.01877515161605442,-0.29232822365759253,0.47101128081264726,0.5389045357735271,20.836241798129276,maharashtra,chandrapur,20.836241798129276
-0.05965508772817422,-0.42154773724169364,-1.4462154827652045,-0.594460738947677,-1.3481436260441688,0.19758689556953074,-0.5230397893306609,-1.4234633289406136,-0.019639216023544324,0.6656192498008752,-0.6916392639905398,-0.12461522304690538,0.39824649645931015,0.45037702350882997,-0.5786487662462119,-0.4314783942626345,-0.5149453738000977,-0.48053613594829303,-1.585578940105406,-0.9000163605937475,-0.14369694162913366,-1.7051599178273136,-1.4608492044605115,-0.08584732427638128,0.7885406514626921,-0.6316217931736234,0.28086120036493906,0.29212666589037023,0.741419893097224,1.6418108933444353,2.3240484463336077,-1.1706360248173449,1.1474550163912225,14.13225323588976,nagaland,dimapur,14.13225323588976
-0.3722991157365526,0.627703473487112,-0.590893227036227,-0.4125226731813667,0.00701731170124789,-0.5930527120651103,0.20452113755875273,0.12392504275482973,1.222723533198458,0.6187081443814911,0.8703037391667268,-1.1133912875670136,-0.7504442895831307,1.1689214489447104,-0.7301335366356322,-0.03269923084525978,-0.3206170254578629,0.773684638764086,0.07202140538564143,0.9721695709367068,0.09908620128178348,1.4680683917376378,0.9699878220978577,-0.32290795578070314,0.4810207606682063,-0.318080511170044,-0.09396832833363557,0.09972231212059894,0.8132685836282982,-0.8253455163111494,-0.4704062169030666,0.2488334499755056,-0.02096190639475281,15.476474802961548,haryana,mahendragarh,15.476474802961548
1.4763786150955986,0.9327721074435052,-0.8015002146277844,-0.4125226731813667,0.12965631059223584,-1.9392769088484179,2.270794169924687,0.49235084553945907,0.2928112957568389,0.6656192498008752,0.6456764845320698,-1.8215687391827666,-0.913379152851562,0.8429151818488012,-0.9098349281910735,-0.40076201755826474,-0.5530569213573064,-0.524352269969082,0.7972215565379802,-0.13118765516901562,0.017409926414184772,-0.22184972782897633,-0.6938250475602225,-0.29327537684266286,-0.33903228145042236,-0.47498653269083346,1.3569846859834274,0.34969647253014385,0.08580059200117837,-0.20855641389725318,0.14601760586972923,2.4212389070497804,-0.6587228100820978,9.166321028618832,punjab,barnala,9.166321028618832
0.2258025030620846,1.0945509284809862,0.11829356791493506,-0.3215536402982116,-0.24439263602527708,1.315878953214924,-1.1923958420689216,0.49235084553945907,1.624445619773238,0.6656192498008752,0.4576164573960778,-0.2582336101442173,0.4226867259495749,-0.42784394091280215,-0.8487905472649616,-0.46481006629022614,-0.5509080787822723,-0.3924862654563704,1.2116216429107198,-0.5009297043427416,0.6316454558410856,1.2244057791489633,1.7729863113150783,-0.32290795578070314,-0.30880596739797267,-0.6139546354441471,0.5537785530579103,-0.8683594363745477,-0.43061187119091254,-0.39833767617845195,-0.004663773030287726,0.656159473176932,-0.5759599447180912,16.254954558193543,gujarat,porbandar,16.254954558193543
0.17142962862584482,-0.13959036343351228,1.9535830312127909,-0.2305846074150564,0.5772886565443417,0.4468876727516248,-0.11560567027258914,-1.4787271993583078,-1.2099268799488174,0.31378595915549945,0.5203031331080753,-0.659088771436153,-0.08241135018256221,-0.02865259344842399,0.5407494653353885,-0.47673901536655394,-0.4382357482913332,-0.5053352968456897,0.33102145936864796,0.496786936284773,-0.10410640513526707,-0.9079227982975486,-0.4407199237589547,-0.30809166631168305,0.2208116223036417,-0.25242095945513204,0.0804914983878212,-1.6500968107462157,1.2847756152384684,-0.73045488517055,0.46107867084249116,-0.7818248208523468,-0.15727721405311676,11.402261912119153,rajasthan,bharatpur,11.402261912119153
-1.5820955719428869,0.6138367173981851,0.8403746682288455,-0.594460738947677,1.5093450481158504,-0.2582773827062982,0.1172138263320229,0.4140603624477252,-0.11635008871747357,0.5952525916718007,0.18075030633475644,-1.3405425456324438,-0.726004060092866,-0.7006246950134611,-0.7596359560634611,-0.6823065651091784,-0.5515973301742644,-0.37558942785011296,-0.34237868098714247,0.27376792249744636,-0.18511729283490164,0.3036530495512064,1.3965406195700456,-0.32290795578070314,0.38245669310587116,-0.4409383321623792,1.0961586084097656,-1.1955983372743155,-0.39019698276718406,-0.8727908318814491,0.9131228075425416,-0.6707359054337758,-0.44938144474961045,7.034558120475345,madhya pradesh,shajapur,7.034558120475345
-1.1878922322801486,1.1453957008070514,-1.1238578486964945,-0.594460738947677,0.01928121159034686,-1.0275483522967597,1.9652185806311333,0.6351158441185031,-0.10147149291840746,0.5717970389621103,-2.4102989564277997,0.20943074469637438,-0.0009439185483465372,0.7497705341071136,-0.9103226447731386,-0.6789974159246936,-0.5554490291295141,-0.4627719701759351,0.5382215025550179,1.3360426986949767,-0.16781722646783387,0.1632944017466707,0.05521194318160061,-0.32290795578070314,1.570482254123884,-0.6590363482710866,0.4898675274272778,-0.21691162439815775,-0.7988364101626645,-0.1136657827566538,0.06382776283335638,-0.07209008345592174,-0.712275252376455,6.702769886363637,maharashtra,sindhudurg,6.702769886363637
1.8705819547583364,-1.258175354606953,1.493686139941431,2.4984863790795977,-1.7712481722180775,1.9426923358441888,-1.0468836566910389,0.28050600893829714,-1.2024875820492844,-2.782346998523808,0.01880972741209661,0.6236477446980413,3.0703782540615845,-2.0113029525215023,-1.002217316408423,-0.6194327306039696,-0.45425070710526666,-0.5094470748183152,-1.0675788321394593,-1.0936907673037946,-0.22063233292498785,-1.27959249768396,-0.9392213858650049,-0.32290795578070314,-1.3273013322087694,-0.6507781366120977,-2.059664197729847,-1.4561774620648718,3.682725661713047,-0.6830095696002503,-0.19644007344849054,0.656159473176932,-0.5516179254933834,24.64381979206777,meghalaya,jaintia hills,24.64381979206777
1.6394972384043176,-1.401465167525865,-0.8702698432291092,-0.4125226731813667,0.44238575776425565,1.2304044010382058,1.310413746430661,1.044989549716403,1.4087059806867819,0.38415261728457395,-0.7386542707745377,1.0111410672802459,2.9644705929371042,0.23082178240342124,-0.8931195507875694,-0.5918386962752828,-0.529541285630518,-0.49383516782850323,1.7814217616732813,-1.7686167300812308,-0.05428554093395175,-1.1841486171768758,-1.3696285760854352,-0.32290795578070314,1.4771749368315406,-0.3653960025604805,-0.5188902825264895,0.4527161265171078,0.9434943352158683,-0.5406736228893512,-0.8676571249122019,0.07602847043550641,-1.023853098452715,1.0303967027305514,manipur,thoubal,1.0303967027305514
0.33454825193456394,-1.9422686549940156,-1.0808768308206664,0.9520128200659604,0.5159691570988477,0.8386460368949153,-1.4979714313624752,-1.5017538120323473,-0.942112155565631,0.07923043205858227,0.5203031331080753,1.4253580672819126,-0.009090661711768075,-1.5123137681910297,0.8299387957773351,3.0186031841193253,0.5797885576809549,-0.4386152745867611,0.2792214485720334,-0.0020713840289844523,-0.1388728846613936,0.07009625960445856,0.0218072060301645,-0.32290795578070314,-1.0355516922242571,0.21315264538524348,0.3171350257228658,-0.325991258031414,2.6319385626960967,-0.7779002007408496,2.2692552176426926,0.730218750122646,-0.5710915408731495,4.301983248510852,bihar,supaul,4.301983248510852
-0.7393160181811709,0.39659087200499615,1.0939626736962307,-0.594460738947677,-0.47740673391815447,-1.2056203359982554,0.18996991902096427,0.9666990666246692,1.4012666827872495,0.689074802510569,0.6352287052467368,-0.03108235207878705,-0.6119496558049641,1.2487597184375863,-0.01684360157831242,-0.2684227368658494,-0.37117564227045763,0.3229631017804421,1.2116216429107198,-0.8882785177628356,-0.01136806860026443,0.4372744822611248,-0.5011054101480896,-0.32290795578070314,-0.6649507981898772,-0.5340801292342542,1.118613833631338,0.8708547221112558,-0.6461579427841333,-0.73045488517055,0.5158718995334068,-0.448558074596634,3.8153403234191994,15.796237203459576,telangana,nalgonda,15.796237203459576
0.06268387975336524,-1.7204005575711847,-1.3430610398632172,-0.1396155745319013,-1.4523867751015087,0.6534511738453597,-0.2465666371126839,-1.303724943035609,-2.534121906065683,-0.2726028585867935,1.1628415591560481,2.4007722930922895,0.007202824615075001,-2.550211271598413,0.6296823671814049,1.4152937175495293,0.2102281789746183,-0.5158396046351311,-0.3941786917837129,0.009666458801927756,-0.18195670378707196,-0.37343706745787525,-0.16962763379922088,-0.32290795578070314,0.2208116223036417,0.19548548765576718,-0.5033443573730926,-0.1366168940847885,-0.6596295722587098,-0.39833767617845195,1.2692787940334904,0.1686025666176488,0.12022180510855243,17.08524605574443,bihar,kishanganj,17.08524605574443
0.06268387975336524,-1.230441842429099,-1.1109635433337461,0.04232249123440896,-0.1278855870788386,0.3614131205749066,-0.69765441178412,-1.4280686514754215,-1.8571457972081842,-0.10841398961895081,1.0792593248733846,0.6637332608272348,-0.6200963989683856,-0.6607055602670228,1.7800727706596873,3.9935479192546364,0.5428122477105568,-0.2989754398445546,0.5382215025550179,-0.3072552976326947,-0.21797078425313127,-0.7428610284794143,-0.6193067877608643,-0.30809166631168305,1.6453909454712585,-0.028975412845931782,0.7178744296771022,-0.6547451538427547,1.8281313373797112,-0.7779002007408496,0.47477697801522023,0.9523965809597874,0.03259053589960433,4.98289417816409,bihar,vaishali,4.98289417816409
2.0744802338942354,1.3533970421409558,1.0939626736962307,-0.594460738947677,-0.4038233345835615,-1.5688871827493067,0.5683016010034595,1.7956571228900853,0.21841831676150936,0.7125303552202593,-2.4102989564277997,-0.03108235207878705,-0.7178573169294445,1.2753724749352109,-0.7624381095167806,-0.6887380566693462,-0.5557733827257457,-0.49971372539874104,-0.23877865939391338,1.5707995553132152,-0.17422157795948878,0.2340351602401567,-0.6308699660055924,-0.2784590873736428,0.37719994283587965,-0.6486120483081006,0.5347779778704254,1.4556427579784335,-0.8078174964790487,-0.6355642540299506,-0.1827417662757618,-0.4670728938330626,-0.19135604096770759,12.274085669560268,goa,north goa,12.274085669560268
-1.3374176369798079,-0.5694598021902479,1.3690411881015303,-0.594460738947677,-0.360899684971716,-0.00897660552420418,1.3977210576573909,0.5430093934223457,-0.6966153248810437,0.689074802510569,0.41060145061207987,2.8951603253523435,-0.6282431421318072,1.0358576664565844,-0.844019792334943,-0.4783935899587963,-0.374662443429947,-0.4560260844395966,0.07202140538564143,-0.3835512760336223,-0.008956040116394438,0.0016012394758447947,-1.3053886969480573,-0.32290795578070314,-0.47307941333519815,-0.20334552131769787,-0.1319694787086063,1.1011339486703522,-0.7718931512135121,-0.8253455163111494,-0.7443723603576426,0.5821001962312178,-0.6051703677877405,10.123185754360287,uttarakhand,tehri garhwal,10.123185754360287
1.4899718337046588,-0.0795010870481623,0.23864041796725335,-0.3215536402982116,0.5404969568770457,1.3230018325629835,0.24817479317211766,0.36340181456483894,0.3151291894554386,0.19650819560704086,1.267319352009377,1.7460421963154613,1.8402200363849277,0.583440805996956,-0.44348033242042395,0.07346040992796625,-0.5290952994356998,-0.4690360069311065,-0.186978648597343,0.24442331542016632,-0.17156002928763217,-0.7204036448306885,-0.5666300868682148,-0.23401021896658242,-0.12350552038078276,0.2496376952556946,1.3068922604891484,0.732990185158113,0.2744034046452467,-0.25600172946755295,0.3925871349788474,1.112858347675501,-0.3958290024552533,11.620530565167245,odisha,bhadrak,11.620530565167245
-0.45385842739091214,-1.6741780372747614,-1.1152616451213289,-0.2305846074150564,-0.5387262333636484,0.3115529651384881,-0.5666934449440257,-1.4234633289406136,-0.9941872408623619,-0.15532509503833491,-0.017757500086568647,-0.9263255456307768,-0.5141887378439053,-0.5409481560277095,0.9007109056220912,0.268540091690732,0.845920683388952,0.48692024843887827,0.9526215889277576,-0.019678148275352296,-0.20915440427760637,-0.10731707122047497,-0.6527115249123008,-0.32290795578070314,0.8542500298375819,1.2820495331483097,-0.5482548078162394,-0.166916792316249,0.2788939478034385,-0.39833767617845195,-0.018362080203016475,1.5078411580526419,-0.2887241178665389,1.6571799120974133,uttar pradesh,firozabad,1.6571799120974133
-0.9568075159261299,1.00210588788814,-0.590893227036227,-0.2305846074150564,-0.20146898641343156,-0.07308251965674253,-0.8868202527753677,0.5199827807483064,0.4787937432451627,0.5952525916718007,-2.4102989564277997,-0.6457269327264218,-0.5304822241707484,0.6898918319874565,1.1297337449856433,-0.5785220394764293,-0.553340730754009,-0.4627719701759351,0.5382215025550179,0.44396664354566917,0.09293136997811512,1.2277743866962714,0.8132425170026567,7.6334394890831,1.0776619163122083,-0.5877585050176822,0.042490348012850454,-0.1366168940847888,0.638137400458806,-0.7779002007408496,-0.7580706675303713,0.18094577944193443,0.1883794589377342,9.241819708607514,maharashtra,nagpur,9.241819708607514
0.6335990613338827,0.2163230428489462,0.18706319651625994,-0.594460738947677,1.2824629001675225,-0.429226487059734,-0.10105445173480117,0.20682084838137121,1.5798098323760408,0.4545192754136517,0.7397064981000657,0.5568385511493853,-0.595656169478121,-1.8449732244113448,-0.048749133619589255,-0.23108806179251026,-0.3976104603633301,-0.4794118216589033,-0.6531787457666973,2.269201203752476,-0.16989656136772185,-0.1398802775111274,0.2851907104934126,-0.30809166631168305,0.9541282849674148,-0.5836970894476877,0.757602905069117,-0.006327331689511145,0.16213982569044397,0.028670163954245275,3.1596451838700643,-0.8929137362709176,0.2127214781624422,16.55806523877704,madhya pradesh,jhabua,16.55806523877704
-1.119926139234849,0.7155262620503162,-0.8874622503794405,-0.594460738947677,-0.39155943469446297,-2.0318743403731956,2.5327161036048755,0.12853036528963765,-0.3841648131006595,0.6187081443814911,0.1703025270494234,-1.1000294488572824,-0.8889389233612974,0.7763832906047382,-0.49923963911179403,-0.05943929119085367,-0.5429614156745991,-0.4666267620252713,0.5382215025550179,-0.7885068537000842,-0.016774339339973115,0.09704511998292939,-0.5178077787238078,-0.32290795578070314,-0.30880596739797267,-0.49813660143980243,0.7627848801202498,0.5724007245313745,-0.3408010080270709,-0.25600172946755295,-0.29232822365759253,1.9830548517876398,-0.5321443101136171,3.566239598467838,punjab,sangrur,3.566239598467838
-0.521824520436212,0.21170079081930349,0.20855370545417395,-0.4125226731813667,0.3136148089287178,2.3130820619433,-0.21746420003710745,0.2574793962642578,-0.8156440912735706,0.6421636970911848,-0.8431320636278666,-0.3384046424026044,4.76490083205327,0.32396643014510984,-1.0833999583867138,-0.6228753132233126,-0.530352169621097,-0.48946640373258876,1.00442159972435,-1.422350366569329,-0.04546916095842684,-1.104424905223899,-0.9135254342100539,-0.32290795578070314,-1.800408856507978,-0.6578179236000883,-0.8971744612591526,0.6269405413480031,0.8761361878429869,1.214803053211738,1.3103737155516768,0.7549051757712173,-0.03069871408463603,24.514811031664966,mizoram,saiha,24.514811031664966
-1.1878922322801486,0.07765548195967673,0.7973936503530175,-0.04864654164874616,0.5956845063779906,0.6961884499337188,-1.3088055903712277,-0.470161564235385,-1.4628630085329377,-3.5798357906533242,-0.11178751365456449,-0.097891545627443,1.7668993479141337,-1.3526372292052786,-0.060835637280584456,-0.15046758045115383,-0.3826091065376202,-0.4657594338591707,-2.466179123647522,1.05433447075309,-0.14303155446116952,-0.01524179826069953,0.26334915158670436,4.433120963774754,0.9817262238848687,-0.461177719752852,-0.6346210586684458,-0.7426148587139885,0.0049708151537209274,-0.25600172946755295,0.10492268435154298,-1.3557842171816297,0.6411410165172998,19.888922833486085,assam,cachar,19.888922833486085
-0.7529092367902309,0.8495715709099431,2.1341033062912684,-0.2305846074150564,0.03154511147944583,-0.36512057292719563,-0.26111785565047185,0.11471439768521387,0.9474695109157397,0.47797482812334213,0.5046314641800758,-0.05780602949824943,-0.8156182348905032,0.9227534513416771,-0.13769977061404443,-0.5792158933376922,-0.4403440466668384,-0.36832956986719634,-0.44597870258028327,0.4909180148693174,-0.07200147428099711,0.8538589489449876,0.6847627587279014,-0.11547990321442149,-0.7766567414271902,-0.0655958432353826,-0.10605960345294448,-1.2122632813016185,0.584250882560501,-0.1136657827566538,-1.319701261612252,-0.47324450024520537,-0.006356694859928298,11.334271915598881,rajasthan,hanumangarh,11.334271915598881
-0.92962107870801,-1.7111560535119,-1.1883293755102364,-0.3215536402982116,1.3131226498902695,0.9454892271158127,-0.9450251269265211,-0.8754299472984773,-0.44367919629692293,-0.6713472546515533,0.2538847613320866,-0.29831912627341084,-0.4897485083536406,-0.9534458817409004,-0.15978003042026445,-0.3198746693471918,0.11255720230938901,0.1965901756530345,-0.44597870258032746,0.4909180148693174,0.15264986830289712,-1.0606330071088839,-1.18333292658704,-0.2784590873736428,0.28783518824602916,0.8878214618208384,-0.18033457918584195,-0.17903675160883264,0.9165510762667163,-0.8253455163111494,0.14601760586972923,-0.20169381811092096,0.626535804982475,8.056667693255312,uttar pradesh,lalitpur,8.056667693255312
-1.3374176369798079,0.23018979893787303,1.321762068438119,-0.594460738947677,-0.8453237305911183,-0.977688196860341,0.16086748194538783,0.8515660032544726,1.4682203638830464,0.5248859335427263,0.906870966665392,-0.017720513369055862,-0.21275924079730726,1.1556150706958976,-0.4845726713529635,-0.3468015365015872,-0.12620758871657006,4.027353822461778,1.1598216321141495,-0.9352298890864835,0.779610927317112,1.0256579338577396,-0.3430753074701406,-0.32290795578070314,-0.7608864906172168,-0.5927675842206755,-0.04905787789048799,0.9147895745468729,-0.25099014486322885,-0.39833767617845195,-0.16904345910303306,-0.6522210861973474,-0.6684596177719808,6.633339742357239,telangana,mahbubnagar,6.633339742357239
-0.3587058971274927,-1.4245764276740764,-1.2528009023239786,-0.1396155745319013,-0.8698515303693158,-0.09445115770092233,-1.3961129015979572,-1.1563546219217573,-1.4851809022315365,0.47797482812334213,0.917318745950725,-0.9263255456307768,-0.7667377759099739,-0.25486102367823865,3.248702677722558,3.53104094734896,1.7661118358978949,-0.024803369560512066,-0.08337862700415806,-0.06662951959899988,-0.17638408625537225,0.004969847023153708,-0.7683433073595806,3.9441834112970904,1.3825534319716986,1.1587178803394753,1.1047952334949858,-0.44567585604568094,1.3521337626113492,6.860795606077402,-0.579992674284897,0.7363903565347886,-0.1621456178980583,14.801153605487626,bihar,patna,14.801153605487626
0.2937685961073843,1.2701965056073943,-0.982020489706262,-0.594460738947677,-1.2009768273749832,-1.098777145777358,1.2813113093550852,0.5982732638400399,-0.012199918124011794,0.43106372270395804,0.1441830788360912,0.07581235759906248,-0.15573203865335633,0.9161002622172711,0.5386123799485215,-0.3790390543633411,-0.5547192335379931,-0.45846745261084293,1.2116216429107198,-0.45984725443455,-0.10776603455906987,0.954917175364254,0.35328498237903283,-0.32290795578070314,1.8254346422184573,-0.4408029516433794,-0.4791618071344747,-0.17903675160883264,-1.6250963512700103,0.3133420573760436,0.5569668210515931,-0.23872345658377797,1.386006804793359,10.305693210012771,maharashtra,kolhapur,10.305693210012771
-1.0519600461895493,-1.8082233461343886,-0.9691261843435136,2.407517346196443,0.8164347043817686,0.6534511738453597,-0.9450251269265211,-1.372804781057727,-0.9569907513646971,-1.89103599555552,-0.09089195508389879,1.1046739382483641,0.023496310941918223,-0.4810694539080524,0.49230590737499486,1.506535500305603,1.3535746056908764,0.4353624074540056,-0.6531787457666973,1.2127953489704015,-0.009122386908385464,-0.7484753743915956,-0.7991784493455218,-0.29327537684266286,1.5560261908814086,1.5537582347809453,-0.32542988061754735,-0.4744607593655676,1.1006633457525918,0.9775764753602393,0.41998374932430527,1.1560595925605008,0.8456139780048453,3.8355801397767544,uttar pradesh,rae bareli,3.8355801397767544
-0.44026520878185227,-1.461554443911215,0.5652961538235463,-0.1396155745319013,-0.4651428340290555,0.6819426912375989,-0.6103471005573907,-1.3497781683836876,-0.004760620224479263,-1.2342805196841526,1.1158265523720499,0.7305424543758908,-0.4653082788633759,-0.780462964506336,-0.2481986129615575,0.38297260542516975,-0.11258473767484442,-0.44850924033339085,0.2792214485720334,-0.999788024656499,-0.2111505657814988,0.03865592249624236,-1.1704849507595643,-0.32290795578070314,-1.1052036333016406,0.39253183306000283,-1.3618248908440211,0.31485158956396525,-1.8630951386541914,-0.3508923606081524,0.09122437717881388,-1.4051570684787722,-0.5954335600978573,6.268300309861558,jharkhand,pakur,6.268300309861558
-0.15480761799159368,0.5491251889831925,1.343252577376033,-0.3215536402982116,-0.348635785082617,-1.3409550436113924,1.4850283688841208,1.5423643834756526,1.073937575207799,0.43106372270395804,0.18075030633475644,1.2382923253456761,-0.3186669019217877,1.335251177054868,-0.25632131094649624,-0.6456657438971021,-0.5565031783172667,-0.5591417664093419,1.2116216429107198,-0.11358089092264778,-0.14236616729320534,-1.1953773090012385,-0.014167126286767117,-0.2636427979046227,0.6650070201178985,-0.36133458699048593,0.8698790311769853,1.0678040606157455,0.3776858972836648,-0.3508923606081524,-0.18274176627576216,0.9709114001962161,-0.03069871408463603,4.914131564704164,tamil nadu,thanjavur,4.914131564704164
1.014209182387561,0.9466388635324321,-0.6338742449120551,-0.594460738947677,-0.16467728674613508,-1.0417941109928794,-0.464834915179508,1.4824951905231505,1.4533417680839804,0.5248859335427263,0.3688103334707485,-0.659088771436153,-0.726004060092866,0.9826321534613341,-0.3199018180993467,0.1188811511537156,-0.19691667269505067,0.29552983311933234,0.1238214161822339,-0.4774540186809175,-0.10227659042336566,1.6398673766503897,2.5297320875533864,-0.32290795578070314,0.9882971617223579,-0.0019669993054680078,0.5468692529897343,0.34363649288385223,0.7234577204644561,0.4082326885166431,-0.8539588177394728,-0.18935060528663536,-0.5564863293383249,18.877169772028466,haryana,karnal,18.877169772028466
-0.7393160181811709,0.16547827052288033,1.3475506791636163,-0.594460738947677,0.08060071103584084,-1.604501579489606,0.3936869785500004,1.192359870830255,0.6424582970348879,0.6421636970911848,0.34269088525741626,0.06245051888933128,-0.5875094263146994,1.1023895577006475,0.7739666673047002,-0.19244573905756018,0.6244277213623237,1.9913491374385923,0.9008215781311651,-0.9000163605937475,-0.10302515098732533,1.726328303697984,0.4380816228403711,0.38827393873226246,-1.3522708959912275,-0.1203572631708092,1.1756155591937945,1.0268991980032742,-0.6371768564677491,0.07611547952454513,-0.1279485375848468,-0.5473037771909194,1.381138400948417,11.749489152645538,andhra pradesh,chittoor,11.749489152645538
0.715158372988242,-0.1534571195224391,1.4678975292159344,-0.594460738947677,-0.17694118663523406,1.47258229887224,-0.4066300410283546,-0.612926562814429,-1.3810307316380752,-2.383602602459048,0.7397064981000657,0.6637332608272348,2.6793345822173493,-2.064528465516753,-0.9082387648315876,-0.654765904154435,-0.36521564493970265,-0.42271425820824887,-0.9121787997496597,1.4240765199268162,-0.13737576353347428,1.2300201250611449,1.526305175427548,-0.32290795578070314,-0.7648290533197102,-0.6276280678631289,-0.7883529851853728,0.048212485127117295,1.859565139487056,0.12356079509484483,0.9268211147152707,0.6376446539405036,-0.47372346397431825,31.496964837933803,chhattisgarh,bijapur,31.496964837933803
-0.8616549856627104,0.5861032052203315,2.1212090009285203,-0.3215536402982116,1.0371849023855466,-0.1870485892256999,-1.643483616740358,-0.28594866284307036,0.6498975949344216,0.689074802510569,0.7031392706014008,-0.3517664811123356,-0.6038029126415425,0.4104578887623916,0.9610104103137761,-0.16431797098944048,-0.39383984980713815,-0.31481220969224444,-1.0157788213428447,1.1130236849076494,-0.08439431028432928,-0.32964516934286037,-0.08483099333788259,-0.04139845586932093,-0.8555079954770584,-0.0011547161914690974,0.6470541039782929,-0.6168702810534296,0.5213832783458118,-0.1136657827566538,-0.3882163738666937,-1.059547109398774,0.36364199735563063,26.127937177761904,rajasthan,ajmer,26.127937177761904
-0.7393160181811709,0.512147172746054,-0.874567945016692,0.5881366885333399,1.6013242972840913,-0.16567995118152062,-0.42118125956614305,0.03181859205867239,1.1111340647054637,0.6656192498008752,-0.2632803132918913,-0.7927071585334649,-0.6934170874391797,0.4902961582552674,-0.991132848634216,-0.6673353337180824,-0.5301899928229813,-0.37658524907785823,1.7814217616732813,-1.8096991799894226,-0.13396565429765803,-1.1077935127712077,0.09118627549853195,-0.32290795578070314,1.418036496294139,-0.029720005700430752,1.690358414272943,-3.0544970937743865,-0.39917806908356773,-0.9202361474517488,-1.3881927974758959,-0.5658185964273478,-0.7317488677562212,26.427962489343564,jammu and kashmir,samba,26.427962489343564
1.3540396476140593,-0.45390350144919,0.3289005555064922,-0.5034917060645219,1.5154769980604004,0.9739807445080519,-0.5375910078684494,0.8285393905804332,0.7466084676283498,-0.2726028585867935,1.4710510480733678,1.5723382930889558,1.7913395774043983,-0.8935671796212433,-0.7081508201458251,-0.4572310471902773,-0.38414978611972017,-0.4734368942924321,-2.9841792316134907,2.4746134532934345,-0.10868094191502055,-0.20276095172755956,0.6153836892595335,-0.04139845586932093,-0.01442795227846494,-0.272592656786105,0.15476647412071792,-0.03965721974411686,0.9839092236395978,0.740349897508741,0.8035363501607113,0.20563220509050564,-0.5370127139585587,54.07712392046595,odisha,malkangiri,37.781636137288096
-1.2422651067163886,0.507524920716412,1.6054367864185843,-0.594460738947677,0.3320106587623658,-1.4050609577439308,0.10266260779423494,0.6351158441185031,0.33000778525450364,0.5952525916718007,-2.4102989564277997,1.2650160027651385,-0.009090661711768075,-0.3746184279175519,-0.06558865706216428,-0.26063022427012744,0.020400236780096257,0.7460907537759205,0.7454215457413877,-1.1406421386274423,-0.1245670605501645,0.1543114482871802,-0.37391044945608193,-0.15992877162148186,-1.5244294673334398,-0.33270160722202435,1.2844370352675747,0.7526851190085622,-0.6551390291005175,-0.5881189384596509,0.02273284131516977,-0.6090198413123475,0.08127457434902005,6.6846026490066235,andhra pradesh,vizianagaram,6.6846026490066235
-0.3587058971274927,0.054544221811465135,1.003702536156992,-0.04864654164874616,-0.3547677350271665,0.11923522274087253,1.4413747132707553,-0.2583167276342231,-1.6860419455189264,0.5717970389621103,0.18075030633475644,1.9598316156711604,-0.41642781988284644,0.5568280494993304,-0.7816009374048293,-0.3253187534894085,0.06114715730668631,-0.05435677373875691,-0.3941786917837129,0.4791801720384052,2.574575986296387,0.587738952707587,-0.718236201632426,-0.32290795578070314,0.39428438121335124,-0.5148560955362801,0.14440252401845377,1.2162735619499,2.277185653198921,0.6929045819384415,0.009034534142441387,0.5882718026433609,0.2808791319916241,6.809481743227326,uttarakhand,pauri garhwal,6.809481743227326
-0.04606186911911409,0.49828041665712725,0.05382204110119305,-0.4125226731813667,0.5466289068215947,-0.7853704544627257,0.10266260779423494,0.4739295554002277,1.0813768731073325,0.5952525916718007,0.9120948563080585,-1.567693803697874,-0.5630691968244347,-0.06857172819486237,0.16825814267672243,-0.5755331305356044,-0.46110267682565836,-0.46421751711943615,-0.8603787889530893,0.40288419363747785,0.0030209289069601532,0.88642215523564,0.6719147829004258,-0.32290795578070314,1.0211518509098028,-0.17965393049272968,0.14440252401845377,-0.6941350215436526,-1.8226802502304624,-0.6830095696002503,-0.6484842101485409,-0.33746915917806336,-0.1962244448126491,9.30037497533057,madhya pradesh,gwalior,9.30037497533057
-1.2014854508892086,-0.6156823224866711,-0.70264387351338,-0.2305846074150564,-0.9434349297039089,0.8315231575468554,-0.3484251668772017,-0.9491151078554033,-0.7858868996754389,-0.6478917019418596,0.09194418240942674,1.0378647446997082,0.10496374257613389,-0.04195897169723679,0.4848128071596311,0.9632746136237117,0.6749457939753897,-0.25731156460631166,0.17562142697882638,-0.6300459754827727,-0.09163039573593937,-1.1583226259808408,-1.4428620383020456,-0.11547990321442149,-1.5191727170634486,1.9795976572948741,-0.2805194301744005,-0.150251848288946,-0.39019698276718356,0.6929045819384415,-0.4156129882121516,3.433382358641204,-0.7609592908258705,9.81728463224003,uttar pradesh,ambedkar nagar,9.81728463224003
1.014209182387561,-0.7173718671388019,0.19565940009142535,-0.2305846074150564,-0.2137328863025301,0.32579872383460745,-0.18836176296153048,-0.12936769665960296,0.45647584954656406,0.5483414862524166,-0.012533610443902127,-0.2047862553052925,-0.26163969977783663,0.4570302126332359,1.224749802746144,1.8991767257194978,0.9069397036800146,0.10703051168678834,1.2116216429107198,-0.9000163605937475,-0.05212303263806826,-0.6036252498573145,-0.5524973134579918,3.8404693850139497,0.1314468677137909,0.936558448660773,-0.8505366857989609,0.228496879604304,-1.382607020727637,-0.6830095696002503,-1.4977792548577262,-0.9916594388652028,-0.7171436562213965,4.019042251850094,jharkhand,ranchi,4.019042251850094
0.2393957216711445,-1.6418222730672651,-1.0335977111572556,-0.04864654164874616,-0.532594283419099,0.6890655705856589,-1.4543177757491104,-0.9399044627857877,-0.4511184941964565,-2.2663248389105894,1.0583637663027192,-0.21814809401502372,-0.22905272712415048,-0.7738097753819301,0.15140088408570873,0.9991415209136101,1.3815906475653774,-0.038712743483533846,-0.13517863780072845,-0.20748363356994326,-0.20541160145780804,-0.16346053034228955,-0.7156666064669309,0.10676443882088023,0.19715624608868093,1.7375372893231988,-1.2599127148384184,-0.12449693479220486,0.5258738215040036,-0.9202361474517488,-0.19644007344849093,1.4646399131676424,-0.4250394255249027,1.6178946675320522,uttar pradesh,kannauj,1.6178946675320522
-1.0383668275804894,1.0945509284809862,0.03233153216327904,-0.1396155745319013,0.0438090113685448,0.19758689556953074,-0.7704105044730614,0.6811690694665817,0.2556148062591741,0.14959709018765674,-0.36253421650255363,-0.9129637069210456,-0.09055809334598375,0.10441118903970206,-0.25680015995434197,-0.6528711493794478,-0.5471374682260803,-0.47658497430272334,-0.7049787565632898,0.8019708498884832,-0.18145766341109884,0.7382034231540502,0.20810285552855942,0.8179463333338459,0.7504292120052558,-0.4524456762773637,-0.4860711072026512,-0.029052255363106138,0.5932319688768851,-0.8253455163111494,1.0090109577516433,-0.6151914477244905,0.7823247280206052,27.05070638484284,maharashtra,akola,27.05070638484284
0.1986160658439646,-1.359864899259084,-0.9132508611049371,0.9520128200659604,-0.12175363713428912,0.6819426912375989,-1.3670104645223806,-1.5938602627285046,-0.6891760269815107,-0.06150288419956671,0.849408180596061,-0.017720513369055862,-0.7097105737660229,-1.2794521488368091,0.142648588331195,0.9869723916545374,0.6611607661355482,-0.07896319504368676,0.33102145936864796,0.578951836101157,-0.11699828151457237,0.3160046105580054,-0.9931828843404024,-0.30809166631168305,-1.6808177878656783,0.8146482913014367,0.4242291767796012,-0.5274855812706225,-0.32283883539430214,-0.6830095696002503,-0.18274176627576216,3.754305892072631,-0.48346027166420147,9.566535313731434,bihar,kaimur,9.566535313731434
-0.7529092367902309,-0.9669734767394872,-1.0121072022193416,5.591433497106872,0.8593583539936146,0.7175570879778981,0.08811138925644646,-1.377410103592535,-1.9836138615002445,-0.5540694911030948,-0.9058187393398639,1.0512265834094394,-0.10685157967282696,-0.32139291492230165,1.3280481748275323,1.7284886758488207,2.51362524261306,0.23494535455393048,0.22742143777541884,-0.0020713840289844523,-0.19617935450230553,1.3153581829263021,-0.6912554523947274,0.19566217563500093,-1.6374495981382506,4.153064199577459,-1.0975441632362708,-0.14722185846579985,0.1845925414814046,-0.39833767617845195,0.8309329645061692,1.9768832453754965,-0.7755645023606952,2.9835066708687887,uttar pradesh,basti,2.9835066708687887
-0.3451126785184328,-0.6711493468423787,-0.9347413700428512,0.5881366885333399,-0.9802266293712049,-0.3010146587946573,-0.3484251668772017,-0.9491151078554033,-0.16098587611467088,-0.3898806221352521,0.6717959327454021,0.1559833898574496,-0.5223354810073269,0.09775799991529519,1.318116491701843,2.0825943252756525,5.961220161157868,-0.004822698474785811,0.9526215889277576,-0.05489167676808798,0.25927816196915127,-0.8371820398040625,-1.059992358643275,0.3734576492632424,1.4850600622365269,4.163285428761945,-1.5967410931620218,-0.11843695514591256,0.7548915225718009,-0.3034470450378526,-1.0320368109849472,0.656159473176932,-0.24490848326206485,2.797434340947392,uttar pradesh,aligarh,2.797434340947392
-0.005282213291934431,1.0483284081845632,-0.16967925185311272,-0.4125226731813667,0.42398990793060676,-0.5645611946728711,-0.5957958820196022,1.2245971285739101,0.35232567895310335,0.7125303552202593,-2.4102989564277997,1.024502905989977,-0.7911780054002385,1.0824299903274288,0.5231916683810448,-0.38923336878651166,-0.0295096728400354,-0.29833297453633184,-0.03157861620754351,-0.4305026473572699,-0.19717743525425174,0.4294143979840708,0.8286600879956276,-0.17474506109050195,-0.6623224230548816,-0.5523564992992297,-0.8971744612591526,0.3633314267343011,-0.4889889322474098,-0.39833767617845195,-0.12794853758484645,-0.6213630541366334,-0.22543486788229866,7.307823419123913,chhattisgarh,bilaspur,7.307823419123913
0.769531247424482,-0.17656837967065067,-1.2098198844481505,1.6797650831312017,0.08673266098038988,0.03376067056415489,-0.9886787825398854,-0.6083212402796211,0.8730765319204101,0.689074802510569,-0.30507143043322305,-0.6991742875653466,-0.6119496558049641,-1.2262266358415583,-0.9222140618013077,-0.38370922458338,-0.32860423276506506,-0.4062671463177475,0.48642149175840327,-1.387136838076593,-0.21614096954122988,0.5664044382412978,0.5344414415464376,-0.32290795578070314,0.2628656244635712,0.674935595693624,-0.18551655423697402,-0.5047606575970275,0.6875333751989195,-0.25600172946755295,-0.7306740531849139,-0.6892507246702044,-1.023853098452715,0.7883565797453,jammu and kashmir,reasi,0.7883565797453
-0.4810448646090322,1.117662188629198,1.2229057273237147,-0.04864654164874616,0.00701731170124789,-1.5261499066609476,0.6556089122301888,1.8555263158425874,1.073937575207799,0.47797482812334213,0.18075030633475644,1.385272551152719,-0.6526833716220719,1.2221469619399608,-0.04043134900182451,-0.5488197568769821,-0.5564626341177379,-0.5109568682926385,0.8490215673345727,0.2502922368356226,-0.20973661804957497,-0.37905141337005666,-0.039863077941718346,0.25492733351108143,0.7924832141651853,-0.5162775909857781,1.0495208329495733,1.152643775663834,-0.5204227343547546,0.3607873729463433,-0.08685361606666021,0.699360718061932,-0.43477623321478565,10.844589889987468,tamil nadu,tiruchirappalli,10.844589889987468
-0.3179262413003128,-0.481637013627044,0.9693177218563295,-0.594460738947677,1.1904836509992816,0.9953493825522317,-0.13015688881037762,-0.23068479242537615,-0.9495514534651641,-0.2491473058770998,-0.14835474115322975,-0.8060689972431961,0.7974369114669672,0.06449205429326367,-0.9966750825213195,-0.6373928709358905,-0.4027190295039772,-0.4610373138437337,-0.8603787889530893,-0.8413271464391878,-0.13354978731768044,0.40246553760559944,1.1549986740135056,-0.30809166631168305,0.6216388303904713,-0.6056287335256583,-1.0163598874351965,0.5466458110346336,-0.21955634275588404,0.4556780040869428,0.3651905206333903,0.3414075461576477,-0.18161923327782448,17.650158061116965,assam,dima hasao,17.650158061116965
0.04909066114430536,0.8403270668506589,1.214309523748549,-0.594460738947677,-2.8872630621260678,-0.9278280414239223,1.2522088722795082,1.0680161623904425,0.9697874046143383,0.5483414862524166,-2.4102989564277997,-0.11125338433717419,-0.7585910327465524,0.5634812386237363,0.46297197185733396,-0.5545040212019438,-0.32406328241782323,2.1371887624051484,0.9526215889277576,-1.4106125237384166,0.010257014358570272,-0.24992145738988364,0.4470752059196043,-0.08584732427638128,-0.45862335009272226,0.0510344738829609,0.8163319556486168,1.1753686993374288,-0.7449498922643596,-0.3508923606081524,-0.4978028312485241,-0.9299433747437744,-0.6587228100820978,4.77865054063825,andhra pradesh,prakasam,4.77865054063825
2.224005638593895,0.9836168797695705,-0.5608065145231476,0.679105721416495,0.8777542038272625,0.5537308629725222,0.7429162234569187,0.7548542300235076,0.9921052983129369,0.29033040644580904,-2.4102989564277997,0.12925971243798723,0.23531163319087894,0.9693257752125214,-0.4380001715528561,-0.4589923685304062,-0.1500881222391188,1.1324693901410594,-1.1193788429360738,0.9956452565985305,-0.16681914571588768,0.8257872193840811,0.22994441443526767,0.9957418069620873,-0.006542826873478295,-0.4882538235528157,0.5036861275636315,0.35424145726486295,0.9390037920576765,0.40823268851664285,0.5706651282243218,-1.1212631735202023,1.7024530547145609,40.623689940092234,west bengal,darjiling,37.781636137288096
0.2937685961073843,0.8310825627913742,-1.0550882200951697,-0.04864654164874616,0.19710775998227975,0.21183265426565062,0.2627260117099056,0.934461808881014,0.9102730214180749,-0.03804733148987633,-0.09089195508389879,-0.3651283198220668,-0.2860799292681014,0.5568280494993304,-0.3463981298668107,-0.6504426608650276,-0.5513946091766196,-0.4869929122959313,0.4346214809617887,-0.5420121542509333,-0.15509169688051963,1.0391323640469756,1.1447202933515248,-0.15992877162148186,0.7609427125452382,-0.5410522259627449,-0.3047019804130183,-0.19418670072456276,-0.25099014486322885,-0.7779002007408496,0.5980617425697794,0.06985686402336327,-0.6246439831675069,8.453048981759212,maharashtra,osmanabad,8.453048981759212
-0.3451126785184328,0.3919686199753541,-0.5522103109479819,0.40619862276702967,-0.7717403312565254,-0.9919339555564606,0.1754187004831763,-0.21686882482095235,0.724290573929751,0.6187081443814911,1.1941848970120466,-1.3672662230519061,-0.5630691968244347,1.055817233829803,-0.20230891637634119,0.38446705989558216,-0.3339155229033569,-0.17417655372229268,-0.23877865939391338,-0.7943757751155401,-0.011617588788251006,-0.5553418750125542,0.358424172710023,-0.32290795578070314,1.1328577941471158,0.21931245899973517,0.15476647412071792,0.319396574298684,0.8177591267864905,-0.30344704503785264,-0.8265622033940153,0.15008774738122008,-0.2010928486575908,16.768469105638783,haryana,panipat,16.768469105638783
-0.9975871717533097,1.2609520015481095,0.5051227287973872,-0.594460738947677,0.06833681114674187,0.5394851042764023,-0.5230397893306609,0.8884085835329354,0.7466084676283498,-0.9997249925872355,1.5389616134280315,-0.17806257788583013,0.251605119517722,-1.7052562527988124,-0.8475668220226892,-0.5417744715164664,-0.5048093239178615,-0.4702566910167296,-1.378378896919036,3.0321609877617517,-0.12331945961023173,1.0874157388917356,1.9323012115757747,-0.32290795578070314,-1.6505914738132288,-0.5959490264171713,0.7973313804611318,-0.25024151245276377,-0.14321710906661844,-0.3034470450378526,1.4336584801062362,-0.664564299021633,-0.35201336785077914,27.954957083234902,gujarat,narmada,27.954957083234902
-0.7393160181811709,0.9420166115027894,-0.7155381788761284,-0.594460738947677,-0.8943793301475134,-1.2127432153463154,0.7720186605324951,0.41866568498253315,-0.9495514534651641,0.5483414862524166,-2.4102989564277997,-0.4987467069193787,-0.3756941040657386,0.8894875057196455,0.5365196324327511,-0.27165182598941917,-0.4995385779790986,-0.4689717604002842,0.8490215673345727,1.0484655493376343,-0.02010127517979386,0.5551757464169351,0.9751270124288482,-0.18956135055952208,1.6112220687163166,-0.5748296654531996,-0.3927955562822687,-0.325991258031414,0.5483265372949643,-0.5406736228893512,-0.19644007344849054,-0.18317899887449257,-0.3179345409361883,7.18333910805326,maharashtra,thane,7.18333910805326
-1.2558583253254485,-1.6834225413340462,-1.2270122915984816,-0.2305846074150564,-1.734456472550781,0.11923522274087253,0.14631626340759935,-1.4603059092190764,-0.9197942618670324,0.29033040644580904,0.47328812632407735,-1.1267531262767447,-0.18017226814362097,-0.22824826718061306,0.7877823479384719,0.8993866850135802,1.8762298818185106,-0.38211045072857347,1.5742217184869114,-0.1487944194153838,-0.013031536520174802,-0.6182225492289863,-0.8338679840797057,0.12158072828990037,1.6059653184463245,1.2956552753077915,-1.225366214497536,-0.34265620205871666,1.3745864784023094,-0.6830095696002503,0.009034534142441387,-0.2510666694080636,-0.6295123870124484,1.8373601523446796,uttar pradesh,mathura,1.8373601523446796
-1.160705795062029,0.8819273351174394,0.02373532858811332,-0.5034917060645219,-0.3057121354707711,-1.504781268616768,0.7865698790702836,0.4140603624477252,1.0367410857101342,0.33724151186519313,-2.4102989564277997,1.371910712442988,-0.5060419946804837,0.6100535624945806,-0.5382214953801246,-0.6747542326962013,-0.4023135875086877,2.3571046374097824,0.7454215457413877,0.13291380852650267,0.16828646675005454,0.2340351602401567,0.44964480108509924,-0.21919392949756233,-0.06699545497837711,-0.6338555717371204,0.6349628288589847,1.941956124593367,-0.7763836943717044,0.028670163954245275,0.07752607000608548,-0.8620557042102036,0.4464048627196372,17.137812577964574,karnataka,mandya,17.137812577964574
-0.6713499251358712,0.6554369856649662,0.8231822610785143,-0.594460738947677,-0.16467728674613508,0.34004448253072733,0.2190723560965407,0.5982732638400399,0.09195025246944998,-0.9997249925872355,0.18075030633475644,-1.3939899004713685,-0.4653082788633759,-1.5588860920618735,-0.08476035252443256,-0.09960275508318783,-0.011021517854836332,-0.4759425089945007,-0.5495787241735124,-0.5889635255745811,-0.09221260950790798,0.7673980218973935,0.9417222752774118,0.1660295966969607,-0.39159978415033453,-0.49766276962330314,-0.44634263181063605,-0.9425941870416247,-0.8482323849027776,-0.20855641389725318,0.8446312716788975,-1.411328674890915,0.04719574743442897,13.968165076356431,madhya pradesh,singroli,13.968165076356431
-0.23636692964595324,0.290279075323223,0.07101444825152418,-0.594460738947677,1.7178313462305304,0.7745401227623769,-0.464834915179508,0.40024439484330177,0.8061228508246131,0.5483414862524166,0.18075030633475644,-1.5944174811173364,-0.1475852954899348,-1.252839392339184,-0.18289779641015025,-0.6348042622996404,-0.44208744724658305,-0.480760998806171,-0.34237868098714247,0.3031125295747261,-0.18436873227094197,1.1413134596486774,0.8132425170026563,-0.21919392949756233,0.1551022439287514,-0.35239947273649797,0.6988738544896173,-2.7878579893375384,-1.2927961575637952,1.9264827867662335,-0.2238366877939484,0.19328899226622004,-0.03069871408463603,21.821662147072896,madhya pradesh,raisen,21.821662147072896
-0.5761973948724516,-2.325915573454328,-1.1324540522716602,2.4984863790795977,-0.44061503425085796,1.3230018325629835,0.1317650448698114,-1.0089843008079056,-1.224805475747883,-4.353869030073151,-0.4199970025718846,0.743904293085622,0.9848120042256632,-1.671990307176781,-0.4984947628773673,-0.6247967546852714,-0.51332360581894,-0.3004209867880556,-1.0675788321394593,-0.8941474391782915,-0.22063233292498785,0.858350425674733,1.179409828085709,-0.32290795578070314,-0.7648290533197102,-0.4564394015878584,-2.0130264222696557,0.05881744950812801,-0.16566982485757908,-0.49322830731905143,0.47477697801522023,0.40312361027907606,-0.7901697138955199,8.404552634776623,chhattisgarh,balrampur,8.404552634776623
-0.23636692964595324,1.3533970421409558,-0.21266026972894073,-0.4125226731813667,-2.15142906878014,0.9597349858119326,-1.3524592459845926,0.4601135877958039,1.3491915974905186,0.689074802510569,0.20686975454808865,-0.5121085456291099,-0.3431071314120524,-0.7937693427551488,-0.5238382899963138,-0.2815792735428732,-0.5348931199683389,-0.3926790050488371,0.8490215673345727,-0.600701368405493,-0.060606719029611116,1.484911429474182,1.4736284745348986,-0.32290795578070314,-1.4127235240961264,-0.5708359401427049,0.6505087540123816,-0.24115154298332597,0.8761361878429869,-0.6355642540299504,-0.10055192323938895,-0.70159393749449,-0.4493814447496105,10.929568087880385,gujarat,rajkot,10.929568087880385
-1.160705795062029,-1.170352566043749,-0.48344068234665705,1.2249199187154258,-0.7226847317001304,0.25456993035400916,-0.11560567027258914,-0.8984565599725167,-0.175864471913737,-1.1873694142647684,0.48373590560941004,-0.44529935208045396,-0.35940061773889553,0.16428989115935821,0.5805382708576814,0.9149183368310808,0.9553494779175753,0.3402132953062218,0.2792214485720334,-0.3659445117872542,-0.12265407244226759,0.16554014011154317,-0.3392209147218982,-0.32290795578070314,-0.653123110082397,1.005264062053181,-2.2185780992979063,-0.25781648701062837,0.05436678989383357,-0.44578299174875174,-0.7717689747031001,0.7672483885955026,-0.9556954446235331,1.3302508210858517,uttar pradesh,chandauli,1.3302508210858517
0.5112600938523432,1.2609520015481095,1.0595778593955685,-0.1396155745319013,-0.07882998752244359,-0.47908664249615296,-0.9741275640020974,1.5699963186845003,1.044180383609668,0.7125303552202593,-0.14835474115322975,4.177896841486538,-0.7993247485636602,0.723157777609488,-1.104682136513191,-0.6637326309769096,-0.5494890317987592,2.9101708979933045,0.9008215781311651,-0.19574579073903137,-0.02184791649569971,0.9908489892022151,1.39397102440455,-0.32290795578070314,-0.6767784862973574,-0.6404215269086116,2.9513056767151533,1.434432829216412,0.6516090299333824,0.12356079509484483,-1.4977792548577262,-0.25723827582020653,-1.023853098452715,7.518796992481202,the dadra and nagar haveli and daman and diu,diu,7.518796992481202
0.7967176846426018,-0.010167306603527555,0.05382204110119305,-0.4125226731813667,0.9574695531064046,0.2616928097020691,0.7429162234569187,-0.45174027409615364,-0.6817367290819777,0.03231932663919816,0.18075030633475644,0.7171806156661596,1.4899100803578003,0.46368340175764183,-0.12099326078475989,0.82242227978734,-0.4664545111634792,-0.4640890240577916,-0.23877865939391338,-0.06076059818354425,-0.17363936418752016,-0.8439192548986801,-0.006458340790281966,0.09194814935186016,0.5467301390430963,-0.3657344538579801,1.22398065967103,0.46332109089811885,0.7369293499390321,0.3133420573760436,-0.07315530889393146,1.2301188695062153,-0.01609350254981139,17.31670759320088,odisha,baleshwar,17.31670759320088
-0.0732483063372341,-0.20430189184850497,1.3905316970394441,-0.594460738947677,-0.9556988295930073,-1.0061797142525801,0.6701601307679773,0.6259051990488872,1.341752299590986,0.5483414862524166,-2.4102989564277997,0.6236477446980413,-0.6038029126415425,1.0292044773321776,-0.8992027067020543,-0.6253838617986477,-0.503633542131522,0.9078956416518104,1.7814217616732813,-1.017394788902867,0.029969109209508026,7.967235219678876,-1.0355812045710713,-0.30809166631168305,-0.4231402857702814,-0.6464459600041035,0.3516815260637485,0.8890346610501321,-1.476908427049671,-0.73045488517055,-1.0594334253304047,-0.275753095056635,0.29548434352644876,5.644402634054563,telangana,warangal,5.644402634054563
1.0549888382147403,0.7617487823467394,-0.7972021128402016,7.592752220536285,1.3008587500011715,0.43976479340356484,3.6677111495523613,1.1739385806910232,0.4787937432451627,0.6187081443814911,-2.4102989564277997,-0.6190032553069594,0.3493660374787809,0.47698978000645464,0.03301876825717969,-0.4323323682457273,-0.4660490691681898,-0.4789620959431474,0.38282147016521834,1.4945035769122876,-0.19592983431431896,-0.8708681152771511,-0.7799064856043084,0.15121330722794057,0.848993279567591,-0.1916351064242136,0.6332355038419406,-0.7986696704421895,0.47647784676389104,2.306045311328631,-0.23753499496667715,-0.954629800392346,-0.342276560160896,5.519047130095492,delhi,south,5.519047130095492
-0.5897906134815116,-1.5863552487115575,-0.8143945199905329,3.5901147736774597,0.8777542038272625,0.7602943640662571,0.5537503824656711,-1.0135896233427133,-0.7114939206801093,-0.6948028073612438,-0.519250905782547,2.213706551156053,-0.13129180916309158,-0.9800586382385256,0.27802984393824764,1.1430895104386933,1.4948711410492506,-0.21921337182870482,0.2792214485720334,-0.5537499970818455,-0.21880251821308644,-0.254412934119629,-0.643717941833068,-0.29327537684266286,-1.2839331424813418,2.5403437669921223,-1.2771859650088597,0.014882597072510936,0.00048027199552812966,-0.6355642540299504,-0.48410452407579535,0.20563220509050564,-0.09885636791381794,2.48595977100137,uttar pradesh,sant kabir nagar,2.48595977100137
1.367632866223119,0.9974836358584973,-0.35019952693159034,0.2242605570007193,0.6570040058234846,-0.5503154359767513,-0.7558592859352734,1.2384130961783337,-0.6891760269815107,0.6656192498008752,-2.4102989564277997,0.7706279705050844,-0.7993247485636602,0.8495683709732081,-1.1165824211155793,-0.6850286071802868,-0.5549219545356379,-0.47440059225476616,-0.34237868098714247,-1.017394788902867,-0.1314704524177925,-0.2229725970114128,-0.4689854705794009,-0.32290795578070314,-1.143315072759077,-0.6442798717001065,0.6867825793703076,-0.40325599852163674,-1.2209474670327218,-0.1136657827566538,-1.7032538624486582,-1.4421867069516292,-1.023853098452715,4.784688995215311,himachal pradesh,lahul spiti,4.784688995215311
1.7890226431039773,0.20707853878966145,-0.07082291073870813,-0.3215536402982116,0.4607816075979037,0.6463282944972998,-1.4979714313624752,0.26208471879906575,0.7614870634274158,0.19650819560704086,1.0374682077320532,0.182707067276912,-0.2779331861046799,0.07779843254207647,0.5983709626128253,1.3852445080194509,1.323004279246052,1.1140627590604788,0.07202140538564143,1.6177509266368628,-0.14885369218085578,-0.7439838976618507,1.2012513869924177,1.1439047016522883,-0.39028559658283624,-0.5941213894106737,0.7230564047282343,0.23001187451587723,-0.7449498922643596,0.8826858442196399,1.296675408378948,-1.1027483542837737,0.660614631897066,20.69535951627164,west bengal,birbhum,20.69535951627164
1.3540396476140593,0.9697501236806436,0.5137189323725526,-0.1396155745319013,0.06833681114674187,-1.597378700141546,-0.21746420003710745,1.0910427750644818,-0.4957542815936538,0.5952525916718007,0.18075030633475644,1.1982068092164824,-0.7911780054002385,1.2753724749352109,-0.44915557992081784,-0.6822798784222067,-0.5376906697358361,0.18772415439956114,0.6936215349447732,1.0719412349994581,-0.12747812941000763,-1.3537018637247553,0.07319910934006642,-0.32290795578070314,0.809567652542657,-0.1516978533192671,1.3500753859152512,1.152643775663834,-0.8078174964790487,-0.3508923606081522,-0.9909418894667609,1.7300189888897843,-0.10372477175875948,9.159395154734161,tamil nadu,virudhunagar,9.159395154734161
2.3599378246844944,0.572236449131404,-0.8358850289284468,1.0429818529491157,1.5154769980604004,0.2616928097020691,3.012906315351889,0.12853036528963765,0.307689891555905,0.43106372270395804,-2.4102989564277997,-0.8060689972431961,-0.21275924079730726,0.9493662078393027,2.8839350122089593,0.12774113122830355,1.0357080813839452,0.4317324784625473,-0.23877865939391338,2.944127166529912,-0.12015887056240204,0.13746841055063586,-0.769628104942328,0.15121330722794057,0.014484174206486464,-0.2564823750251266,0.8439691559213234,0.010337612337792196,-0.2914050332869578,1.9739281023365332,-1.4018911046486247,-0.9916594388652028,1.1377182087013396,9.76491475753492,delhi,west,9.76491475753492
0.15783641001678494,1.3533970421409558,-0.37169003586950433,-0.4125226731813667,-0.593913782864593,-1.4905355099206485,-0.15925932588595407,1.2245971285739101,1.0813768731073325,0.6187081443814911,-1.3707449175371775,-1.0733057714378198,-0.5060419946804837,1.3951298791745241,5.0433489509604,0.06903041989067221,-0.5511918881789749,-0.4415063684737633,0.22742143777541884,0.5320004647775087,-0.13346661392168493,0.547315662139881,0.19268528453558859,9.544740830586695,1.1972529849545088,-0.4630730470188495,1.0460661829154854,-0.8456345127009527,-0.25548068802142115,3.254951622734626,-0.5115011384212529,-1.2446953017630589,1.4541644586225406,12.200089480678184,maharashtra,mumbai,12.200089480678184
1.8433955175402168,0.9512611155620742,-0.34590142514400746,-0.1396155745319013,1.0249210024964486,-1.9392769088484179,0.9757357200615312,1.8186837355641245,0.7838049571260145,0.7125303552202593,0.18075030633475644,1.1581212930872888,-0.7667377759099739,1.401783068298931,1.193110297931448,-0.6888981767911762,0.17215717561693863,1.9625666916302147,0.2792214485720334,0.713937028656644,-0.07183512748900607,-1.4435313983196583,-1.0908275006292163,0.15121330722794057,0.41925394499580976,0.17876599355928965,1.3863492112731772,2.002555921056287,1.1006633457525918,0.740349897508741,-1.2786063400940657,0.10071489608407763,1.9507416508065805,10.480643157822097,puducherry,puducherry,10.480643157822097
0.13064997279866492,-0.6711493468423787,-1.050790118307587,0.04232249123440896,-1.8693593713308676,-0.7426331783743666,0.18996991902096427,-0.7741128515327044,0.6275797012358219,0.43106372270395804,-0.801340946486535,-1.3672662230519061,-0.7422975464197091,0.6965450211118625,1.9464639333118614,0.3495875600236349,0.9183731679471772,-0.4339574011021464,1.5742217184869114,0.3618017437292859,-0.09179674252793041,-0.041067789456733894,-0.5023902077308371,-0.30809166631168305,0.7359731487627797,1.9087259555984692,-1.6865619940483163,-0.529000576182196,0.9120605331085245,-0.6830095696002503,-0.8128638962212865,0.37843718463050485,0.4561416704095205,1.1034855243185862,uttar pradesh,ghaziabad,1.1034855243185862
-0.4810448646090322,0.40583537606428094,-0.019245689287714692,-0.3215536402982116,1.4786852983931034,0.15484961948117168,-1.2651519347578628,0.1008984300807904,0.3151291894554386,0.05577487934889187,0.6404525948894033,-1.6211411585367987,-0.3268136450852092,-1.2927585270856214,0.24442173764685246,-0.4594994155828676,-0.028414979452753876,-0.425348365971962,-0.44597870258028327,0.4791801720384052,-0.04638406831437755,0.9751288206481066,1.0265189157387502,0.017866702006759567,-0.1971000241606597,-0.42976943934489414,0.5572332030919992,-1.5258672279972296,-0.35427263750164695,-0.3034470450378526,1.4610550944516938,-1.0410322901623457,0.36364199735563063,16.593129956960723,madhya pradesh,shivpuri,16.593129956960723
1.1909210243053396,-0.9022619483244945,-0.2513431858171859,0.5881366885333399,1.1414280514428865,-1.226988974042435,1.7469503025643092,-0.8109554318111672,0.6127011054367567,0.6421636970911848,0.5882136984627389,0.5835622285688477,-0.5223354810073269,0.6832386428630506,-1.1009577553410574,-0.6740070054609951,-0.5460427748387988,-0.49871790417099576,-1.8445789940883903,-1.3167097810911215,-0.07275003484495675,-0.5182871919921567,-1.1807633314215449,-0.32290795578070314,0.8949898444300143,-0.5415937480387442,-0.2528822299016946,0.5951256482049694,-1.4544557112587104,0.9301311597899398,-1.251209725748608,1.0017694322569304,-1.023853098452715,4.839685420447671,arunachal pradesh,tawang,4.839685420447671
-1.0111803903623695,-1.216575086340172,-1.046492016520004,0.2242605570007193,-0.18920508652433257,0.06937506730445403,0.6701601307679773,-1.575438972589273,-1.1876089862502184,-0.9997249925872355,-0.5088031264972143,-0.21814809401502372,-0.4978952515170621,-0.18167594330976874,1.008221375457678,0.4478212547662807,2.272873785810183,-0.3595599184099563,-0.08337862700415806,-0.0020713840289844523,-0.12930794412190902,-0.4307033957621263,-1.1280866305288952,-0.32290795578070314,-1.4534633386885585,0.07459068418892931,-1.9007502961617877,-0.15782682284681088,-0.6910633743660541,0.5031233196572423,-0.48410452407579535,0.33523593974550486,-0.5759599447180912,4.853334002182119,uttar pradesh,mirzapur,4.853334002182119
1.5987175825771378,1.0899286764513436,0.7759031414151035,-0.4125226731813667,0.43625380781970574,-1.6329930968818451,1.1649015610527784,1.3443355144789144,0.441597253747498,0.6656192498008752,0.18075030633475644,-0.5388322230485723,-0.7993247485636602,1.3751703118013054,-0.13753128670387643,-0.6800915700905314,-0.4278564332119232,-0.4118887177646962,1.2634216537073344,0.039011065879207496,-0.19376732601843552,-1.6052245605904838,-1.3824765519129105,-0.32290795578070314,0.6282097682279602,-0.5794326030991934,2.8787580259992995,0.8753997068459746,-0.7898553238462804,-0.6355642540299504,-1.3060029544395233,0.6129582282919321,0.7141670741914233,7.923191648023863,tamil nadu,thiruvallur,7.923191648023863
-1.160705795062029,-1.752756321778681,-1.1066654415461632,-0.2305846074150564,0.1725799602040818,0.5822223803647614,-0.8140641600864262,-0.9813523655990584,-0.07171430132027522,-0.1787806477480253,1.1732893384413803,0.8507990027634715,-0.7911780054002385,-1.0199777729849635,0.4381782343399881,1.9454781276153115,-0.17092784079699672,-0.4907834576144453,-0.186978648597343,0.27376792249744636,-0.21838665123310882,-0.733878075019924,-0.027015102114242733,-0.23401021896658242,-0.30749177983047493,0.3567236857845509,0.2998617755524248,-0.6729250927816308,1.3251905036621963,-0.8727908318814491,0.3240955991152033,0.6931891116497889,-0.5905651562529158,15.802465017762136,bihar,banka,15.802465017762136
-0.521824520436212,-1.5678662405929884,0.552401848460798,0.1332915241175642,-0.23212873613617854,0.7389257260220778,-0.31932272980162524,-0.19384221214691302,0.24817550835964158,-1.8675804428458296,0.6404525948894033,1.2783778414748697,-0.04167763436545437,-0.4012311844151775,-0.48065320354800395,0.39530185480607233,-0.1421009149319166,-0.27982997365951773,-0.49777871337689783,-0.9117542034246594,-0.20466304089384837,-0.43182626494456255,-0.7593497242803476,-0.30809166631168305,-1.3075885186963023,0.1802551792682876,-1.9387514465367581,0.34515148779542515,-0.6551390291005175,-0.25600172946755295,-0.7443723603576426,-1.0780619286352024,-0.454249848594552,6.59948626753606,jharkhand,latehar,6.59948626753606
-1.133519357843909,1.163884708925621,-0.06652480895112556,-0.594460738947677,-1.1641851277076867,-2.1173488925499138,1.092145468363837,1.114069387738521,-1.120655305154422,0.6656192498008752,0.18075030633475644,-0.378490158531798,-0.8970856665247189,1.1755746380691163,-0.8303193901660233,-0.687457095694707,-0.5500161063926355,-0.49399578415555884,0.9008215781311651,-1.3225787025065774,-0.182289397371054,-1.4334255756777317,-1.444146835884793,-0.32290795578070314,0.42582488283329867,-0.36438064866798187,-0.9714494369920497,0.28606668624407794,-0.444083500665489,-0.3508923606081524,-0.9772435822940321,-0.14614936040163556,-0.6197755793225651,7.168585352072887,punjab,rupnagar,7.168585352072887
-0.18199405520971346,-0.5740820542198902,0.9392310093432501,-0.594460738947677,-0.1830731365797831,-1.0702856283851188,0.6556089122301888,-0.1846315670772975,0.5383081264414272,0.5717970389621103,-2.4102989564277997,0.4232201640520734,-0.41642781988284644,0.7431173449827068,-0.18182481992960695,-0.4066064020050562,-0.4790637572169812,6.59756841127215,1.626021729283504,-0.7826379322846282,-0.01702385952795969,0.7337119464243048,-0.5910412409404184,-0.30068352157717293,-1.2865615176163376,-0.6234312717741344,-0.8954471362421081,0.8087399307367631,-0.5967619680440203,-0.7779002007408496,0.3514922134606612,-0.24489506299592095,-0.43477623321478565,9.394648340400643,telangana,medak,9.394648340400643
-1.1063329206257893,0.9836168797695705,0.2687271304803331,0.679105721416495,0.4975733072651997,-1.355200802307512,1.2958625278928726,0.04563455966309586,-0.0791535992198088,0.40760816999426763,0.20686975454808865,1.9865552930906227,-0.22905272712415048,1.0691236120786158,-0.9322432882434101,-0.6740336921479666,-0.551840595371438,-0.2396758918955982,0.38282147016521834,-0.11944981233810373,-0.16607058515192802,1.590461132623193,2.446220244674796,-0.24882650843560253,-0.9146464360144595,-0.5576363395402226,1.1134318585802068,1.8389364706064024,-1.0278541112304613,0.5505686352275422,-0.45670790973033787,-1.2200088761144874,-0.24004007941712316,9.529571925578582,karnataka,kodagu,9.529571925578582
1.829802298931157,-0.8745284361466409,-0.9691261843435136,-0.594460738947677,-0.7472125314783279,0.7816630021104369,0.7283650049191303,-0.682006400836547,-0.1684251740142034,-0.788625018200012,-0.7699976086305365,0.1693452285671808,0.46342044176668273,-0.47441626478364646,-1.0559814189004357,-0.6374729309968054,-0.5391502609188781,-0.526022679770461,0.9526215889277576,-1.7744856514966871,-0.22063233292498785,-1.5793985693944492,-1.1846177241697875,-0.32290795578070314,-0.08407989335584869,-0.6599840119040854,-0.18378922921993,0.8117699205599089,0.9255321625831004,-0.5406736228893512,-0.14164684475757555,-0.8990853426830604,-1.023853098452715,5.486572336124747,manipur,tamenglong,5.486572336124747
2.3191581688573146,-1.669555785245119,-0.939039471830434,0.40619862276702967,0.7183235052689786,1.7717432314907524,2.6491258519071823,-1.3497781683836876,-1.4628630085329377,-0.1318695423286412,-1.3811926968225103,-1.0733057714378198,0.8626108567743397,0.723157777609488,-1.113177272615343,-0.6833473459010727,-0.5552868523313984,-0.5199192593423453,-0.44597870258032746,-0.5302743114200213,-0.1314704524177925,-0.730509467472615,-0.804317639676512,-0.32290795578070314,1.9476540859957532,-0.6092840075386534,-0.6881681341968134,0.7072352716613721,0.4674967604475064,-0.6355642540299504,-1.4155894118213534,2.347179630104067,2.6274497852534577,9.615384615384617,arunachal pradesh,anjaw,9.615384615384617
-0.7800956740083507,0.16547827052288033,0.8403746682288455,0.04232249123440896,1.0494488022746455,0.36853599992296654,-1.1196397493799801,0.16537294556810048,-0.7040546227805763,-1.89103599555552,0.07627251348142756,0.10253603501852485,0.2271648900274574,-1.106469231602245,-0.0209758911645366,0.06070417355551722,0.4895371695295226,-0.4405426705114292,-1.6891789616985908,0.6259032074248045,-0.09096500856797521,0.00833845457046286,-0.8197352106694826,0.13639701775892052,0.4665646974257305,-0.056796109500394466,-1.4775556669859775,0.8132849154714819,-0.09382113432650531,-0.20855641389725318,-0.5251994455939819,0.2550050563876481,0.09587978588384469,21.218092252575012,assam,barpeta,21.218092252575012
0.715158372988242,1.24246299342954,0.5953828663366261,-0.594460738947677,-1.2806921766541257,-1.6329930968818451,2.0961795474712277,0.24366342865983434,0.7391691697288161,0.6187081443814911,-2.4102989564277997,0.6904569382466972,-0.7993247485636602,1.062470422954209,-0.5803602080705493,-0.6460393575147052,-0.4563995496803007,2.5354208837069963,1.108021621317579,0.05074890871011971,-0.13604498919754598,0.20820916904412184,-1.2809775428758539,-0.2784590873736428,-0.006542826873478295,-0.16855272793474452,1.0184289826427801,1.2011236128341698,0.9075699899503317,0.3133420573760436,-1.1416232683667777,-1.3928138556544867,-0.05017232946440221,6.528248868200333,kerala,kottayam,6.528248868200333
-1.364604074197928,0.9327721074435052,-0.30721850905576215,-0.594460738947677,-1.0844697784285449,0.32579872383460745,0.015355296567505103,-0.15699963186845023,-0.5701472605889834,-0.01459177878018261,1.397916593076038,-1.140114964986476,0.1619909447200848,-0.8536480448748058,0.24641694184620969,0.07698305260822413,0.4485064396062299,0.7654128979207185,0.8490215673345727,-0.5361432328354776,0.10399343164551907,1.4063105867036416,1.893757284093348,-0.13029619268344161,-0.8909910597994991,-0.41866823678690906,-0.012784052532561267,-0.34265620205871666,0.8985889036339475,-0.6830095696002503,3.351421484288267,-0.4794161066573482,0.728772285726248,13.382295310390871,gujarat,kheda,13.382295310390871
-1.160705795062029,-1.3321313870812301,-0.6940476699382144,-0.5034917060645219,0.3197467588732677,1.315878953214924,-0.20291298149931897,-1.2806983303615698,-0.3618469194020608,-6.699424301042322,0.6091092570334046,-0.659088771436153,0.18643117421034958,-1.5056605790666233,3.3028037480349064,3.0143333142038613,6.373838479763944,-0.2710603222022777,-0.186978648597343,0.18573410126560683,-0.2061601620217677,-0.9416088737706374,-1.0638467513915175,0.6845997281126648,0.9015607822675029,1.976010073541379,-0.32370255560050404,-0.5411205354747797,-1.0682689996541905,-0.8727908318814491,1.5295466303153376,1.2671485079790716,-0.2108296563474739,8.174980803213659,uttar pradesh,sitapur,8.174980803213659
0.9054634335150814,-1.752756321778681,-1.390340159526628,-0.594460738947677,0.0928646109249398,0.8742604336352144,1.6887454284131564,0.4601135877958039,0.5159902327428275,0.38415261728457395,-0.9789531943371942,0.5301148737299229,2.288290910373114,-0.11514405206570573,-0.9124863328826637,-0.2936149693670876,-0.5483537942119487,-0.47369388041572114,1.729621750876689,-1.9798979010376458,-0.22063233292498785,-1.6377877668811363,-1.4685579899569965,-0.32290795578070314,1.3063305530568259,-0.4477073581123701,-0.9230843365148144,0.6951153123687882,-0.35876318065983925,-0.9202361474517488,-0.5115011384212529,0.4339816423397901,-1.023853098452715,0.609172395788008,manipur,imphal east,0.609172395788008
-0.49463808321809205,-1.4939102081187112,-1.0035109986441761,-0.4125226731813667,-0.23826068608072803,0.7745401227623769,-0.6540007561707556,-1.0135896233427133,-0.2725753446076652,-6.089579930590339,0.896423187380059,-0.5922795778874971,-0.4082810767194249,-0.9534458817409004,2.531182909762601,2.7740997580850624,4.717810650004172,-0.35213944409998404,-1.6891789616985908,0.3500639008983737,-0.2124813401174271,-0.8338134322567536,-1.3143822800272902,-0.18956135055952208,0.9120742828074853,2.8925361871701494,-1.0837255630999174,-0.3108413089156839,-0.02197244379543203,-0.1611110983269535,0.2830006775970174,0.9647397937840733,-0.8729325792595265,19.36875760928694,uttar pradesh,hardoi,19.36875760928694
0.18502284723490472,0.4428133923014193,0.22574611260450508,-0.3215536402982116,1.3253865497793684,1.1378069695134283,0.18996991902096427,1.150911968016984,0.8953944256190088,0.5248859335427263,0.6091092570334046,0.9309700350218586,1.555084025665173,-1.1663479337219018,-0.3244863539707587,-0.5721706079771763,-0.5086610228731113,-0.489530650263411,-1.2229788645292587,0.29724360815927015,-0.20333226655792008,0.17901457030077858,1.3335855380154151,-0.08584732427638128,-1.4192944619336156,-0.41907437834390854,0.7800581302906908,-1.0683387647021836,-0.5338943638293306,-0.3508923606081524,1.4747534016244217,-0.33746915917806336,0.07153776665913683,24.935771497657544,madhya pradesh,seoni,24.935771497657544
-0.712129580963051,1.2008627251627595,-0.41467105374533236,-0.5034917060645219,-1.5750257739924967,-0.5289467979325719,0.7138137863813423,-0.3550285008651884,-0.16098587611467088,0.19650819560704086,0.5882136984627389,-1.2737333520837877,-0.3512538745754739,-0.5875204798985538,-0.2231388482176307,-0.6005919296019843,-0.5531380097563643,0.9024668097973286,1.00442159972435,0.8489222212121309,-0.10468861890723569,1.2131770873246006,1.9605667583962207,-0.15992877162148186,-0.2628094025355497,-0.10695459178982719,0.3050437506035569,0.01185260724936511,-0.28242394697057366,-0.06622046718635412,1.1596923366516598,-0.8311976721494893,1.2496914971349948,14.012929262733083,gujarat,gandhinagar,14.012929262733083
0.7287515915973022,-0.07487883501852025,0.7844993449902692,-0.1396155745319013,0.5956845063779906,0.318675844486548,-1.2360494976822862,0.04102923712828826,-0.48831498369412124,0.008863773929507775,0.2643325406174196,-0.28495728756367966,0.5937683323814279,-0.6074800472717725,-0.7198737532638264,-0.1703491622450335,-0.42218024527787096,-0.46592005018622634,-0.8085787781564747,0.18573410126560683,-0.20932075106959738,-0.05678795801084199,-0.25956346459154966,-0.29327537684266286,1.843833268163427,-0.5624423479647163,-1.5501033177018306,-0.8426045228778065,-2.3705265155298982,0.17100611066514435,-1.1005283468485914,-0.6028482349002048,-0.34714496400583755,22.276712392144166,assam,bongaigaon,22.276712392144166
-1.5820955719428869,-0.5278595339234671,-1.304378123774972,-0.4125226731813667,-1.2561643768759279,0.20470977491759068,0.6265064751546124,-1.2162238148742597,-1.3363949442408773,-0.10841398961895081,0.6195570363187376,1.6257856479278805,-0.17202552498019943,0.07779843254207647,3.22812990553363,1.5150218667625877,3.410827833989091,0.02351002161783589,1.108021621317535,-0.2485660834781349,-0.11616654755461718,-0.8383049089864987,-1.1614913676803316,0.2401110440420613,-1.1840548873515089,3.5187387778038093,-0.30124733037893026,-0.7850347162380326,-0.4889889322474098,1.4520296310632366,-0.6347859029758122,1.5819004349983559,0.0033801128299547943,0.9940913000256899,uttar pradesh,azamgarh,0.9940913000256899
-1.351010855588868,-0.9161287044134216,-0.002053282137383549,0.40619862276702967,-2.7584921132905302,0.7959087608065563,1.645091772799792,-1.6214921979373518,-2.013371053098376,-0.1318695423286412,-0.9998487529078599,-0.17806257788583013,-0.3756941040657386,-0.7738097753819301,-1.0339366293910932,-0.6001916292974095,-0.46130539782330315,-0.48236716207672775,0.7454215457413877,-1.7686167300812308,-0.2160162094472366,-1.7511975543072014,-1.2681295670483785,-0.32290795578070314,1.7229280119536294,-0.6007550348416648,-1.5155568173609482,-1.4804173806500396,-0.8347607554282012,0.12356079509484483,0.14601760586972923,-0.4917593194816338,-0.6197755793225651,5.234079674323932,nagaland,mon,5.234079674323932
1.3812260848321791,0.17010052255252306,0.6512581895752023,-0.3215536402982116,1.6687757466741353,0.767417243414317,0.059008952180870024,1.2292024511087178,0.22585761466104293,-0.08495843690926043,0.3792581127560812,0.4365820027618046,1.1396001243306728,-0.18832913243417562,-0.6758551148388962,-0.2971642987343171,-0.4729821272876394,-0.4668516248831493,-3.1395792640032685,2.052051111380605,-0.10260928400734773,-0.274624579403482,0.9031783477949853,-0.2562346531701126,-0.7740283662921946,-0.1841214876197237,-0.021420677617782127,0.528465872095758,0.6650806594079589,0.21845142623544406,-0.3608197595212366,0.28586308844836245,0.5291677280836438,37.534494126840706,odisha,kandhamal,37.534494126840706
-1.0655532647986095,-0.19043513575957816,-0.5264217002224851,-0.4125226731813667,0.9084139535500095,0.5394851042764023,-0.057400796121436254,-0.10634108398556362,0.2556148062591741,0.19650819560704086,0.01358583776943009,-0.6724506101458841,-0.3268136450852092,-1.8117072787893134,-0.12391069270293106,-0.5731046420211842,-0.47723926823817864,-0.48088949186781554,-0.44597870258032746,0.8313154569657634,-0.15866815290832692,0.9863575124724697,1.4761980697003936,-0.2636427979046227,-0.3705727830703692,-0.35842390583198985,0.9700638821655445,-1.8924959965978954,-1.1760420354508008,-0.5881189384596509,0.6802515856061522,-0.22638024375949237,-0.10859317560370103,27.190660422181498,madhya pradesh,rajgarh,27.190660422181498
1.9793277036308161,-0.27363567229313973,0.17416889115351136,-0.594460738947677,1.1107683017201395,0.4611334314477446,-0.5957958820196022,0.6765637469317738,0.22585761466104293,-1.0935472034260036,1.3143343587933745,0.4499438414715358,0.8137303977938102,0.05783886516885775,0.3768766937615145,-0.667975814205402,-0.26815283126740763,-0.3864470915590768,-0.6013787349701049,2.50982698178617,-0.19518127375035932,-0.15447757688279903,1.5006092237725974,1.2179861489973889,-0.8489370576395693,-0.5529657116347289,0.767966855171382,0.32394155903340305,0.5124021920294277,1.404584315492937,-0.5525960599394395,-0.9608014068044888,1.7170582662493852,25.85904205880935,west bengal,bankura,25.85904205880935
0.4704804380251633,0.6508147336353236,-0.6080856341865584,-0.594460738947677,-0.10948973724519058,-0.8708450066394435,1.368618620581814,1.1002534201340977,0.858197936121344,0.7125303552202593,0.18075030633475644,-2.142252868216315,-0.7422975464197091,1.268719285810805,1.1503153847487901,1.7845840918632303,-0.2045795264060213,0.22575810064634572,-1.9999790264781456,0.8606600640430434,-0.12697908903403454,0.017321408029952898,-1.148643391852856,3.381164411474326,0.11304824176882163,-0.3861769122269526,1.0080650325405145,1.3814080073113568,1.001871396272366,4.014076671859421,-0.9224503536031169,-0.664564299021633,2.0237677084807033,47.805940478278664,delhi,new delhi,37.781636137288096
0.769531247424482,0.9697501236806436,-0.8015002146277844,-0.594460738947677,-1.0476780787612483,-2.1102260132018538,1.7178478654887332,0.5568253610267692,-0.3023325362057974,0.6656192498008752,0.18075030633475644,-0.28495728756367966,-0.9215258960149837,1.1622682598203036,-0.7930755784446882,-0.5799364338859267,-0.540042233308515,-0.46527758487800364,0.1238214161822339,-1.193462431366546,-0.16898165401177112,-1.8028495366992705,-0.48311824398962383,-0.21919392949756233,-0.16950208524320573,-0.25309786205013113,0.2998617755524248,0.24061683889688795,-0.012991357479047392,-0.49322830731905143,-0.7443723603576426,1.0141126450812161,-0.7901697138955199,6.311243979405415,punjab,kapurthala,6.311243979405415
0.18502284723490472,0.41970213215320773,0.337496759081658,0.04232249123440896,0.6999276554353296,1.3799848673474624,0.4809942897767297,0.31274326668195235,0.5829439138386245,0.10268598476827598,1.2359760141533778,0.23615442211583676,0.9196380589182906,-2.7032346214597576,-0.5622703566630438,-0.6442513494876047,-0.47083328471260527,-0.4955055776298823,-1.7409789724952054,0.6259032074248045,-0.15143206745671683,0.49117220301806647,1.1485746860997679,-0.2043776400285422,-1.4376930878785847,-0.5671806661297099,0.6349628288589839,-2.2848796786953023,-0.7494404354225515,0.8826858442196399,1.1870889509971174,0.008140799901935057,-0.39096059861031174,34.70914127423823,madhya pradesh,dindori,34.70914127423823
-0.005282213291934431,0.6924150019021047,-1.175435070147488,-0.594460738947677,-1.2071087773195328,-0.25115450335823825,0.1317650448698114,0.3449805244256072,-0.019639216023544324,-0.5775250438127851,-0.11178751365456449,-0.6991742875653466,0.25975186268114353,0.40380469963798565,1.0807315298494296,-0.033579891515324256,-0.5477456312190145,-0.4801506567633594,0.9526215889277576,-0.7298176395455245,-0.10327467117531189,1.10425877662828,1.3811230485770754,-0.32290795578070314,0.5178180125581443,-0.4021518134689312,-1.8972956461276989,-0.3517461715281548,-0.3318199217106863,-0.20855641389725318,-0.3882163738666937,-0.6090198413123475,-0.5759599447180912,10.19036702402625,maharashtra,ahmadnagar,10.19036702402625
-0.6033838320905716,0.724770766109601,0.9048461950425876,-0.594460738947677,-1.6056855237152436,-1.5475185447051272,0.9320820644481663,0.9620937440898617,0.9846660004134045,0.6421636970911848,1.1837371177267135,0.5568385511493853,-0.7748845190733954,1.1489618815714917,-0.6842704427730739,-0.2982584529001548,-0.21540482768024974,-0.008259887873777263,0.900821578131143,-0.8824095963473797,0.07479956965109222,1.6263929464611542,-0.12722931356855188,-0.32290795578070314,-1.5191727170634486,-0.6287788022746272,0.5244140277681605,1.0784090249967573,-0.8212891259536251,0.3607873729463433,0.1734142202151867,-0.849712491385918,0.32469476659609803,6.495251746998746,telangana,khammam,6.495251746998746
-0.7257227995721109,-1.7019115494526154,-1.029299609369673,-0.04864654164874616,-0.20146898641343156,0.3899046379671463,-1.3233568089090157,-1.1747759120609886,-1.3438342421404104,0.17305264289735045,0.363586443828082,0.7305424543758908,-0.668976857948915,-0.6473991820182099,1.071988101669135,0.7182374538500161,0.9065748058842541,-0.47420785266229937,0.5900215133515883,-0.4657161758500059,-0.1969279150662652,0.23740376778746536,-0.6180219901781169,-0.30809166631168305,-0.2325830884831,0.5195187598818326,-0.09224100331659081,-0.6320202301691596,0.5707792530859245,-0.8253455163111494,-0.6484842101485409,2.408895694225495,-0.8924061946392927,2.2011730121987587,bihar,aurangabad,2.2011730121987587
-0.521824520436212,-1.198086078221603,0.6211714770621226,-0.2305846074150564,-1.1028656282621927,0.767417243414317,-0.8577178156997912,-1.2576717176875303,-1.0090658366614276,-0.3195139640061776,1.3717971448627058,0.6503714221175037,-0.40013433355600336,-0.6740119385158355,-0.028132023559564536,1.3299230059272191,0.27769372699078326,-0.20681379138000652,0.48642149175840327,-1.0760840030574266,-0.15434313631655996,-0.06689378065276849,-0.600034824019651,-0.29327537684266286,0.16298736933373834,1.2558534027218449,-0.6553489588729755,0.44968613669396196,-0.6192146838349804,0.07611547952454513,0.7487431214697963,-0.9793162260409172,-0.14754040636323354,3.538010334714399,jharkhand,deoghar,3.538010334714399
0.9326498707332012,1.1407734487774095,-0.07082291073870813,-0.4125226731813667,-0.7594764313674268,-0.9848110762084009,0.30637966732327054,1.3351248694092985,0.9028337235185413,0.7125303552202593,-0.10133973436923145,-1.848292416602229,-0.7911780054002385,1.3618639335524927,0.23034889736071945,0.05800881817138056,-0.4857535501392572,-0.48108223146028234,0.5382215025550179,0.7902330070575714,-0.12889207714193143,-0.6036252498573145,-0.10538775466184336,-0.30809166631168305,0.529645700665625,0.03932405898947664,1.1531603339722207,-0.9047193142522996,0.02293298778648877,0.07611547952454513,-1.3607961831304385,0.6067866218797896,1.8290315546830411,5.75415522184574,delhi,south west,5.75415522184574
-0.49463808321809205,0.2486788070564419,-0.9691261843435136,3.40817670791115,1.2763309502229734,0.2830614477462489,-0.8868202527753677,-1.2162238148742597,0.6275797012358219,0.689074802510569,-0.08566806544123226,-0.9797729004697016,-0.5549224536610131,-0.22824826718061306,-0.68208901951511,-0.3991074429660223,-0.3571473492334426,-0.4525246485097828,0.22742143777541884,-0.7122108752991565,5.59435247470566,1.0222893263104313,-0.31866415339793713,-0.32290795578070314,1.7189854492511358,0.37202168443153033,0.08567347343895328,-0.3850760595827608,2.272695110040728,-0.8727908318814491,-0.5662943671121682,0.11305810890836324,-0.687933233151747,4.183469641578411,jammu and kashmir,udhampur,4.183469641578411
1.367632866223119,0.2163230428489462,-1.029299609369673,0.1332915241175642,-1.783512072107176,1.6007941271373172,0.5537503824656711,-0.8017447867415516,0.16634323146477953,0.43106372270395804,-1.4543271518198404,0.4499438414715358,2.8178292159955163,0.41711107788679846,-0.8172308506182399,-0.5755598172225761,-0.24459665134109035,-0.49621228946892726,1.8850217832665104,-1.9975046652840136,-0.22063233292498785,-1.1100392511360808,-1.3837613494956582,-0.32290795578070314,0.5467301390430966,-0.3387260403175163,-1.9940258470821701,0.5224058924494657,0.04089516041925757,-0.3508923606081524,-0.7717689747031001,0.1871173858540769,-1.023853098452715,1.0102143899427545,manipur,senapati,1.0102143899427545
1.4899718337046588,-0.6249268265459555,-0.6682590592127176,0.1332915241175642,-0.14628143691248707,1.0594552966847701,0.9757357200615312,-0.5714786600011582,-0.43623989839739036,0.10268598476827598,-1.412536034678509,-1.2470096746643253,0.365659523805624,0.9227534513416771,-1.0968786712001493,-0.6655206390040103,-0.534122780177289,-0.5021550935699873,0.38282147016521834,-2.03271819377675,-0.22063233292498785,-1.6445249819757537,-1.320806267941028,-0.32290795578070314,-0.17738721064819266,-0.6601870826825851,-1.8005654451732285,0.27849171168621306,-0.8931378164846985,-0.49322830731905143,-1.4292877189940825,2.155859831327639,-1.023853098452715,0.49188391539596654,arunachal pradesh,tirap,0.49188391539596654
-0.24996014825501311,1.1453957008070514,-0.9777223879186792,-0.594460738947677,-0.7165527817555809,-0.7070187816340674,1.3831698391196023,0.4048497173781097,-0.525511473191786,0.5248859335427263,-2.4102989564277997,0.6637332608272348,0.5611813597277415,0.43041745613561033,-0.6520811483567772,-0.6614642625843192,-0.5545165125403485,-0.4659842967170486,0.5900215133515883,0.36767066514474156,-0.13529642863358635,0.6753227489376178,0.11688222715348318,-0.24882650843560253,1.483745874669029,-0.6021765302911629,-1.287549915111124,-0.3532611664397277,-1.0727595428123824,-0.49322830731905143,0.9816143434061857,-0.9422865875680604,0.5924569780678843,7.050180697908644,maharashtra,ratnagiri,7.050180697908644
0.18502284723490472,0.2671678151750114,-0.7714135021147048,0.8610437871828054,0.5037052572097497,-0.7141416609821274,-0.042849577583647776,-0.2813433403082624,-0.6668581332829115,0.43106372270395804,0.7449303877427322,0.19606890598664317,-0.24534621345099356,0.23082178240342124,-0.19358322334448558,-0.31691244709333855,0.49184818890267246,2.552638953967365,1.0562216105209645,-0.4070269616954461,-0.10901363549900264,1.5612665338798497,0.9648486317668679,-0.2784590873736428,0.5625003898530702,-0.46652525025334485,0.05803627316624741,1.713191892945844,-1.0458162838632297,0.21845142623544406,0.4336820564970337,-0.3991852232994916,-0.46885506012937667,10.478369651219982,karnataka,bidar,10.478369651219982
0.7831244660335417,-1.6233332649486958,-0.8015002146277844,0.7700747542996501,-0.9373029797593593,1.009595141248351,-0.9450251269265211,-1.4510952641494608,-1.0313837303600266,-0.9059027817484705,0.7083631602440673,2.5343906801896017,-0.41642781988284644,-2.031262519894721,1.8897203258821418,3.211627990985274,0.9935421138738418,-0.47353326408866553,0.1238214161822339,-0.8706717535164678,-0.21189912634545843,0.06785052123958611,-1.0587075610605274,-0.30809166631168305,-1.1630278862715442,0.8023963543319532,0.08912812347304205,-0.5456655202094987,0.22051688674694125,-0.6355642540299506,0.09122437717881388,2.6125587058262085,-0.5710915408731496,3.0852072431656636,bihar,sitamarhi,3.0852072431656636
0.7831244660335417,0.48903591259784246,-0.70264387351338,0.2242605570007193,-0.673629132143735,0.4611334314477446,-1.221498279144498,0.5568253610267692,-0.7858868996754389,0.29033040644580904,0.6561242638174029,0.6904569382466972,-0.38384084722916023,0.35057918664273546,0.9825852183894923,-0.08228309523858655,0.4217472679171261,1.4348456874560789,0.020221394589048963,1.4416832841731844,-0.18170718359908541,-0.011873190713390618,1.4620652962901703,1.33651646474955,0.2024129963586724,-0.3216004046640392,-0.0784224031802386,0.3375765132375602,-0.6192146838349809,1.5943655777741355,0.09122437717881388,-0.9731446196287744,0.09101138203890302,14.767533720090533,west bengal,nadia,14.767533720090533
0.03549744253524547,1.2933077657556058,0.29451574120582996,-0.594460738947677,-2.5745336149540483,-1.8466794773236401,0.8447747532214365,1.703550672193928,1.557491938677441,0.7125303552202593,-2.4102989564277997,0.35641097050341747,-0.8237649780539248,1.0890831794518345,0.12288276539622937,-0.6865230616506991,-0.20340374461968194,0.5978418839035294,1.5742217184869114,0.46744232920749296,-0.09612175911969734,-0.24655284984257494,-1.36705898091994,-0.14511248215246172,0.05522398879891825,-0.5895861420241798,0.29295247548424797,0.946604467689906,-0.17465091117396322,0.6929045819384415,-1.1005283468485914,-1.4360151005394863,-0.1718824255879414,3.2538941279262454,kerala,ernakulam,3.2538941279262454
2.0472937966761156,1.2886855137259632,0.9349329075556673,-0.594460738947677,-1.4094631254896628,-2.1315946512460333,0.5828528195412475,1.8371050257033563,1.9815319189508196,0.6187081443814911,-1.1983565593291847,1.2382923253456761,-0.8726454370344542,1.2221469619399608,0.2351373874391768,-0.6833473459010727,-0.3429568793983117,0.3098568094926986,0.6936215349447732,-0.11944981233810373,-0.17413840456349328,0.21382351495630345,-1.4942539416119478,-0.2043776400285422,0.6807772709278723,-0.4904199118568128,0.3067710756206009,1.3253531955831563,-0.21955634275588404,-0.06622046718635412,-1.2786063400940657,-1.4298434941273437,-0.40069740630019485,7.272430648369507,kerala,kozhikkode,7.272430648369507
-0.27714658547313314,0.3318793435900041,1.4593013256407688,-0.594460738947677,-0.8637195804247664,-1.519027027312888,1.0775942498260491,1.1048587426689052,0.5159902327428275,0.689074802510569,1.131498221300049,0.3430491317936863,-0.7667377759099739,0.05118567604445183,1.0677937390633752,0.5501913859895323,0.1838744492808038,-0.09839777061742382,-0.5495787241735124,-0.817851460777364,-0.11084345021090403,0.49454081056537563,-0.8891142801378504,0.9957418069620873,-0.8699640587195343,-0.101877822327334,0.3413175759614829,1.3223232057600092,-0.7180066333152066,2.922834413742527,-0.36081975952123624,-0.36215558482663457,0.894298016454261,18.247489964327542,andhra pradesh,kurnool,18.247489964327542
2.5774293224294533,-0.980840232828414,1.4163203077649407,0.40619862276702967,-1.691532822938935,1.6007941271373172,-0.7849617230108499,0.36800713709964655,-1.7232384350165912,-2.1255915226524373,0.8911992977373928,0.07581235759906248,3.1355521993689566,-1.38590317482731,-1.0264967346210456,-0.6548726509023216,-0.34944395132294304,-0.4787051098198583,-1.6891789616985908,-1.1523799814583542,-0.22063233292498785,-0.9797864259734711,-1.0150244432471105,-0.32290795578070314,-1.767554167320533,-0.666279206037577,-2.460403601684083,-0.04420220447883592,2.973219842718697,-0.25600172946755295,-0.03206038737574522,0.730218750122646,-0.8437221561898771,45.058317986494785,meghalaya,west khasi hills,37.781636137288096
-0.23636692964595324,0.627703473487112,-0.9003565557421889,-0.594460738947677,-0.08496193746699308,-1.7327134077546829,2.5909209777560296,0.1377410103592532,-0.35440762150252725,0.5952525916718007,1.1523937798707151,-1.2737333520837877,-0.9052324096881404,0.656625886365425,-0.82225876520062,-0.4682259622225974,-0.544380462658112,-0.46049121833174445,0.8490215673345727,-0.7122108752991565,0.049015816892481676,0.7078859552282707,-1.0394355973193141,-0.30809166631168305,0.6860340211978633,-0.5746942849341997,0.23940539995588028,0.40878127408149073,0.3237993793853598,-0.8253455163111494,-0.45670790973033787,0.9153669424869305,-0.6489860023922146,8.826513358133242,punjab,mansa,8.826513358133242
-0.9704007345351898,0.07765548195967673,0.9134423986177532,-0.2305846074150564,-0.47740673391815447,0.09786658469669325,1.2085552166661437,-0.889245914902901,-1.6339668602221955,0.21996374831673457,0.4419447884680786,0.19606890598664317,0.5774748460545849,-0.8603012339992118,-0.2702788727677775,-0.6624249833152986,-0.3162382519087368,-0.09168400814649645,-0.5495787241735124,-0.9528366533328512,-0.18761249471476718,1.426522231987495,1.7382967765808943,-0.05621474533834103,-0.26018102740055427,-0.4531902691318628,0.006216522654923737,0.08002737827015009,-0.3812158964507994,0.6454592663681413,-0.5662943671121682,-0.29426791429306337,-0.45424984859455203,6.41109702612522,chhattisgarh,korba,6.41109702612522
-0.4810448646090322,0.7386375221985279,2.1770843241670965,-0.1396155745319013,0.7244554552135276,0.19758689556953074,-1.003230001077674,-0.2398954374949917,0.4044007642498332,0.47797482812334213,-0.6759675950625402,0.4766675188909982,-0.45716153569995427,0.5634812386237363,0.8454393155127861,-0.49480590244636136,-0.4544939723024403,-0.4452969137922773,0.4346214809617887,-0.5420121542509333,-0.1093463290829847,-0.4969526775258669,-0.15806445555449303,-0.18956135055952208,-1.2129670138364606,-0.19887796419070386,-0.5275269076117096,-1.2834680421455498,-0.2689523174959972,-0.6355642540299506,-0.6210875958030834,-1.02868907733806,-0.15727721405311662,17.883694519569623,rajasthan,nagaur,17.883694519569623
0.7967176846426018,-1.4569321918815725,-0.874567945016692,0.9520128200659604,0.41172600804150866,0.7460486053701377,-1.1632934049933452,-1.1517492993869494,-1.3587128379394766,-0.2960584112964839,1.2307521245107118,0.6904569382466972,-0.6526833716220719,-1.2927585270856214,2.2641713824432874,5.811364975702559,1.2668100186989335,-0.3072953655860387,0.4346214809617887,-0.44810941160363776,-0.21705587689718056,-1.0628787454737565,-1.197465699997263,-0.32290795578070314,0.44290932121077,1.2292511307383807,1.082340008273412,-0.3229612682082675,2.591523674272368,-0.9202361474517488,1.2007872581698469,1.8719659363690693,-0.7074068485315135,7.769824503831928,bihar,samastipur,7.769824503831928
1.5171582709227784,0.6785482458131779,-0.8272888253532812,-0.2305846074150564,-0.268920435803475,0.24744705100594974,0.35003332293663547,1.0772268074600584,0.9772267025138709,0.47797482812334213,-2.4102989564277997,-0.11125338433717419,-0.44901479253653276,1.062470422954209,0.7656754854095938,-0.5513016187653457,0.29764147315902434,0.3038497588608164,0.17562142697882638,1.3712562271877125,-0.19127212413856998,-0.13538880078138227,1.4466477252972,-0.026582166400300783,0.20372718392617012,-0.029584625181430964,-0.14751540386200326,0.06487742915441967,0.06783841936840958,1.5943655777741355,-0.31972483800305,-1.1582928119930593,-0.24977688710700638,14.112437581134568,west bengal,howrah,14.112437581134568
-0.22277371103689336,-1.480043452029784,-1.1496464594219913,0.1332915241175642,0.6999276554353296,1.016718020596411,-1.4543177757491104,-0.7326649487194336,-0.7561297080773072,-0.2726028585867935,0.9016470770227255,-0.8461545133723897,0.17013768788350633,-2.137713545885222,-0.29180934297239686,-0.5389189960104998,-0.2768292899666019,-0.39483126383138323,-0.44597870258032746,1.1482372134003858,-0.10477179230323119,1.0548525326010834,0.6937563418071341,-0.24882650843560253,-0.260181027400554,-0.2592576756646229,0.7921494054099998,-2.0606604317824986,0.10376276463394717,-0.2560017294675528,1.652831394869897,-0.33746915917806336,0.12022180510855243,44.47119403484134,madhya pradesh,panna,37.781636137288096
-1.0383668275804894,1.1453957008070514,0.12688977149010047,-0.4125226731813667,0.45464965765335374,-0.4007349696674948,0.5246479453900946,1.279860998991604,0.858197936121344,0.14959709018765674,1.3509015862920397,0.7572661317953532,-0.05797112069229745,-0.9600990708653063,-0.8308691797676239,-0.6223415794838795,-0.5438128438647069,-0.4513682109549819,0.17562142697882638,2.1400849326124445,-0.04829705642227447,2.757122213174497,2.035085018195579,-0.2636427979046227,-1.3391290203162496,-0.5823432842576896,0.6332355038419406,-0.4896107084812977,-0.02646298695362387,-0.06622046718635412,1.1870889509971174,-0.6769075118459188,0.6800882472768321,27.341185557057347,gujarat,tapi,27.341185557057347
-0.8208753298355306,0.2764123192342962,-0.3888824430198355,0.49716765565018467,1.1169002516646895,0.20470977491759068,-0.6685519747085436,0.6212998765140793,0.7466084676283498,0.14959709018765674,1.1732893384413803,-0.378490158531798,-0.3349603882486308,-1.3459840400808722,0.4689132465843089,-0.3813607961298747,-0.2566788228007161,-0.4837484624894066,-0.29057867019052797,0.36767066514474156,-0.07050435315307778,0.789855405546119,0.8466472541540929,-0.2784590873736428,0.6544935195779163,-0.5598024278442197,0.6954192044555285,-1.2349882049752137,-0.7718931512135121,0.21845142623544406,1.1870889509971174,-0.9793162260409172,0.2662739204567995,21.880717774830877,madhya pradesh,dhar,21.880717774830877
-0.6169770506996315,-1.0039514929766256,-0.9218470646801029,0.679105721416495,0.3013509090396188,0.3044300857904282,-0.6831031932463321,-0.787928819137128,-0.2800146425071977,-0.2960584112964839,0.3008997681160845,-0.6858124488556153,-0.5141887378439053,-0.10849086294129981,0.5166828689040306,1.3371550980965363,1.1085254637379307,2.5790442781353184,0.7972215565379802,0.8723979068739552,0.09634147921393145,0.7932240130934282,-1.2527119960554076,0.43272280713932276,0.9068175325374943,2.866746198300684,0.4708669522397921,-0.6335352250807329,-0.6102335975185967,-0.6830095696002503,1.3103737155516768,0.859822484777645,-0.30332932940136353,0.7629827797684009,uttar pradesh,etawah,0.7629827797684009
-1.5820955719428869,-1.008573745006268,-0.8057983164153671,-0.2305846074150564,-0.7717403312565254,0.24032417165788983,-0.9741275640020974,-1.0826694613648313,-0.9941872408623619,-0.4602472802643266,-0.16402641008122892,0.8507990027634715,0.03164305410533976,0.11771756728851485,3.473540022054569,4.405857232966638,6.215513380603413,0.0997064071730495,0.38282147016521834,-0.7239487181300684,-0.0908818351719797,-0.2937133555048988,-0.250569881512317,-0.24882650843560253,0.5322740758006205,2.978299745956535,-1.6191963183835956,-0.10025701620703695,-1.9394343723434573,-0.06622046718635412,-0.9635452751213033,0.13157292814479166,-0.6830648293068055,1.2083746256064898,uttar pradesh,prayagraj,1.2083746256064898
-0.7529092367902309,-1.7388895656897538,0.30741004656857823,-0.3215536402982116,-0.8207959308129208,0.6035910184089411,-0.3338739483394132,-0.8109554318111672,-1.083458815656757,-1.1404583088453877,0.541198691678741,1.5589764543792246,-0.41642781988284644,-0.7471970188843045,-0.27938587149106586,1.0351418616383667,0.3837573529585042,-0.17684278475141696,0.6418215241482028,-1.2345448812747377,-0.21164960615747191,-0.19826947499781442,-0.17862121687845406,-0.32290795578070314,-0.3206336555054531,-0.06051907377288941,-1.2685493399236387,-0.04117221465569009,-0.15668873854119492,-0.7779002007408496,0.6117600497425081,-0.837369278561632,-0.4785918678192599,6.385678037778404,jharkhand,chatra,6.385678037778404
-0.5761973948724516,-0.09799009516673182,-0.6682590592127176,0.04232249123440896,-2.010394220055504,-0.8209848512030248,-0.5084885707928729,-0.539241402257503,0.27049340205824024,0.5717970389621103,0.8232887323827289,-1.63450299724653,-0.6934170874391797,0.7630769123559255,0.697767602037693,0.31708317529216445,2.2685355564605856,0.5866629875404543,0.6936215349447732,1.242139956047681,-0.04638406831437755,1.3973276332441513,0.793970553261443,-0.2636427979046227,1.7189854492511358,0.5486255714667935,-0.601801883344607,-0.7107999655709556,0.9704375941650213,-0.8727908318814491,-0.5388977527667107,1.4029238490462141,3.3577103619946924,0.04231013327691982,uttar pradesh,gautam buddha nagar,0.04231013327691982
1.4220057406593591,-2.1410254922686356,-1.2914838184122237,-0.4125226731813667,0.20937165987137785,1.3514933499552233,1.0048381571371077,0.5337987483527298,0.9325909151166736,0.38415261728457395,-0.37298199578788666,0.9977792285705146,3.0377912814078973,0.1310239455373267,-1.0027405032873655,-0.634377275308094,-0.5535839959511827,-0.5107320054347605,0.8490215673345727,-1.6981896730957595,-0.10468861890723569,-1.7141428712868036,-1.395324527740386,-0.32290795578070314,1.0329795390172833,-0.5977089731641689,0.9925191073871183,0.5133159229800283,1.3341715899785809,-0.6830095696002503,-0.9909418894667609,0.21180381150264846,-1.023853098452715,3.8181187087816726,manipur,bishnupur,3.8181187087816726
0.7559380288154219,1.3533970421409558,0.9048461950425876,-0.594460738947677,-0.9924905292603038,-1.6329930968818451,1.7178478654887332,0.6995903596058131,0.9995445962124695,0.689074802510569,-2.4102989564277997,1.1848449705067512,-0.7911780054002385,0.995938531710146,-0.43716661957623565,-0.684548246814797,-0.3751084296247654,3.022570203666868,1.7814217616732813,0.009666458801927756,-0.18170718359908541,0.6573568420186378,-1.2527119960554076,-0.32290795578070314,0.16561574446873378,-0.558177861616222,0.16513042422298282,0.7451101444506969,-0.7404593491061673,-0.1611110983269535,-1.1005283468485914,-1.4298434941273437,0.14943222817820184,3.424136356718916,kerala,alappuzha,3.424136356718916
-0.10043474355535388,0.9743723757102857,-0.8143945199905329,-0.3215536402982116,0.06833681114674187,-1.6116244588376656,1.6014381171864265,0.10550375261559833,-0.6742974311824446,0.47797482812334213,0.6038853673907385,-1.2737333520837877,-0.9296726391784053,0.8894875057196455,-0.8193590684308876,-0.37954610141580253,-0.5309197884145023,-0.4865110633147643,-2.673379166833936,1.0602033921685463,-0.12323628621423621,-0.691209046087345,0.16441973771514265,1.0401906753691477,1.0211518509098028,-0.3018348488900658,0.1461298490354978,0.342121497972279,0.09927222147575437,-0.5406736228893512,-0.8128638962212865,1.3165213592762146,0.03745893974454575,23.844348447226096,punjab,faridkot,23.844348447226096
1.2724803359596994,1.18237371704419,-0.09661152146420499,-0.2305846074150564,1.0249210024964486,-0.6785272642418282,-0.13015688881037762,1.4456526102446876,0.8507586382218104,0.7125303552202593,-2.4102989564277997,-0.8461545133723897,-0.8156182348905032,1.0158980990833657,-0.783365584674483,-0.016553785227411227,-0.19294334114121403,-0.12891487275800262,-0.13517863780072845,0.5085247791156849,-0.18137449001510333,0.09479938161805694,0.09504066824677466,-0.18956135055952208,-0.2680661528055409,-0.4523779860178639,0.8439691559213234,1.6010822694894422,-0.2779334038123813,-0.5881189384596509,0.2966989847697458,-1.4421867069516292,0.8456139780048453,12.730802221118685,himachal pradesh,shimla,12.730802221118685
0.8782769962969617,0.08227773398931877,0.010841023225365037,0.40619862276702967,0.36880235842966275,-0.3579976935791357,0.07356017071865799,0.8791979384633202,0.5680653180395584,-0.6713472546515533,1.632991626996028,0.9042463576023962,0.40639323962273183,-0.15506318681214412,-0.7944323173002512,-0.34925671170297906,-0.3662697941274553,-0.48760325433874285,-1.5337789293088135,0.3500639008983737,-0.08447748368032482,-1.2717324134069061,-0.620591585343612,-0.32290795578070314,-0.9133322484469617,-0.5229112364167692,-0.27188280508917967,0.01791258689565741,1.6619812405266035,-0.5406736228893512,-0.2238366877939484,0.020484012726220666,-0.4445130409046689,18.421406481107976,odisha,gajapati,18.421406481107976
2.1832259827667153,-1.0732852734212603,-0.8057983164153671,-0.4125226731813667,-2.5132141155085543,0.6534511738453597,1.645091772799792,-1.5155697796367709,-1.0313837303600266,0.6421636970911848,-0.8535798429131994,1.1447594543775577,0.11311048573955543,0.8296088035999885,-1.0960983246688452,-0.6340303483774624,-0.5335146171843548,-0.4553193726005516,1.00442159972435,-1.8683883941439825,-0.22063233292498785,-1.103302036041463,-0.9405061834477526,-0.30809166631168305,1.1210301060396362,-0.6530796054350946,-0.1146962285381646,-1.3637627724589187,-0.39019698276718356,1.0250217909305388,-0.31972483800305,-0.837369278561632,13.581358436371977,1.9135093761959434,nagaland,wokha,1.9135093761959434
0.7831244660335417,0.5629919450721199,-0.8272888253532812,-0.5034917060645219,-0.268920435803475,-1.4905355099206485,3.012906315351889,-0.38266043607403566,-1.4554237106334047,0.7125303552202593,0.18075030633475644,-2.1155291907968525,-0.856351950707611,0.43041745613561033,-0.5758022749217955,-0.3484561110938295,-0.47938811081321275,-0.48037551962123737,0.1238214161822339,-0.3072552976326947,-0.07790678539667889,-0.6777346158981096,-0.5602060989544769,0.3438250703252021,1.1499422325245874,-0.45616864054985873,0.0010345476037909277,0.32848654376812214,-0.9784581364903485,-0.73045488517055,-0.7580706675303713,0.3290643333333621,-0.6197755793225651,11.65592127587377,punjab,bathinda,11.65592127587377
1.0685820568238005,0.32263483953071936,-0.9132508611049371,0.40619862276702967,-0.287316285637123,-0.7782475751146657,1.2376576537417197,0.4555082652609963,-1.2396840715469493,0.6656192498008752,0.11806363062275897,-1.5276082875686803,-0.7097105737660229,1.1090427468250534,0.07954693018619031,-0.39075450994389577,-0.00591294871418922,-0.40279783365334487,0.020221394589048963,0.9897763351830748,-0.18386969189496885,2.579708882349563,-0.7644889146113378,-0.18956135055952208,-0.7030622376473135,-0.24788571206863816,0.01658047275718862,-1.4001226503366706,2.5511087858486396,-0.49322830731905143,-1.7991420126577597,-0.6213630541366334,0.271142324301741,20.112980321559377,delhi,north,20.112980321559377
-0.6441634879177514,-1.8174678501936734,-1.282887614837058,1.5887960502480465,0.22163555976047683,0.8528917955910352,-1.439766557211322,-1.4234633289406136,-1.3289556463413448,0.008863773929507775,1.1941848970120466,1.719318518895999,-0.29422667243152295,-1.8981987374065952,0.6330609129589831,3.0412601813582567,0.47834697045953367,-0.46537395467423703,-0.08337862700415806,0.866528985458499,-0.21863617142109543,0.3968511916934183,0.36099376787551796,-0.23401021896658242,-0.5151334154951276,1.4946646382375246,0.4242291767796012,-0.6062653166724188,-0.7404593491061677,-0.6830095696002503,-0.7717689747031001,0.7610767821833601,-0.9605638484684746,0.6153300002958317,bihar,madhepura,0.6153300002958317
0.40251434497986366,-0.40768098115276685,0.6254695788497054,-0.5034917060645219,0.5650247566552437,1.2517730390823851,0.5246479453900946,0.14695165542886907,-0.48087568579458767,0.008863773929507775,0.849408180596061,-0.017720513369055862,1.8646602658751923,0.35057918664273546,-0.31286096416917053,-0.1849467800185264,-0.5115396610396663,-0.46556669426670383,-0.03157861620754351,0.3911463508065656,-0.1392055782453757,0.2497553287942648,-0.2557090718433072,-0.15992877162148186,-0.6688933608923706,-0.45616864054985873,0.4898675274272778,0.7132952513076638,0.04987624673564173,-0.5406736228893512,0.036431148487898884,0.9400533681355021,-0.2887241178665389,11.239340705698012,odisha,jajapur,11.239340705698012
-0.92962107870801,0.9836168797695705,-0.5264217002224851,0.1332915241175642,0.44238575776425565,0.8101545195026761,-1.5125226499002635,0.22063681598579502,1.2078449373993931,0.43106372270395804,-0.5035792368545478,-0.5388322230485723,-0.1638787818167779,1.055817233829803,-0.6198918539404806,-0.6660543727434431,-0.553421819153067,-0.4627719701759351,1.1598216321141495,0.6200342860093488,-0.16399125025204003,1.4411195313591665,1.8924724865106006,1.7810051488201535,0.8621351552425688,-0.5019949462312973,-0.3617037059754748,-0.5047606575970275,-0.10280222064288995,-0.6355642540299504,-0.6484842101485409,0.6746742924133602,-0.35688177169572066,12.632681970776007,maharashtra,wardha,12.632681970776007
-0.14121439938253377,0.07765548195967673,-0.182573557215861,0.1332915241175642,0.9268098033836576,0.0622521879563941,0.6119552566168245,0.5614306835615771,-0.7263725164791754,0.6187081443814911,-0.46178811971321637,-0.9797729004697016,-0.3431071314120524,-0.6207864255205853,-0.22939048804228335,-0.6501224206213678,-0.4912270170756648,-0.4111820059256513,-0.13517863780072845,0.33832605806746213,-0.13912240484938015,0.9470570910871995,1.494185235858859,-0.32290795578070314,0.46787888499322816,-0.6087424854626541,0.8698790311769853,-1.0986386629336435,-1.2164569238745295,-0.44578299174875174,1.022709264924372,-0.454729681008777,0.09101138203890302,16.741156940365215,madhya pradesh,dewas,16.741156940365215
-0.45385842739091214,-1.8775571265790232,0.28162143584308136,-0.1396155745319013,-0.09722583735609161,0.275938568398189,-0.6103471005573907,-1.340567523314072,-0.6371009416847798,-0.8120805709097023,0.9956770905907217,-0.097891545627443,-0.7178573169294445,-0.8869139904968374,-0.08668461613003474,0.5956121272152817,-0.395421073588767,-0.03967644144586781,-0.3941786917837129,-0.9000163605937475,-0.2110673923855033,0.440643089808434,0.048787955267862934,-0.2043776400285422,-0.1734446479456992,0.5740094187792595,-0.7278966095888282,0.40272129443519905,-0.17465091117396322,-0.49322830731905143,0.41998374932430527,-0.880570523446632,0.17864265124785136,2.6267785479751913,jharkhand,godda,2.6267785479751913
0.6335990613338827,-1.4985324601483536,-1.1238578486964945,0.49716765565018467,-0.8514556805356678,0.7318028466740178,-0.057400796121436254,-1.4787271993583078,-1.1727303904511528,-0.08495843690926043,0.8128409530973962,1.0378647446997082,-0.3512538745754739,-0.6873183167646483,2.8454320049484743,3.010356997845085,1.0241935287177246,-0.5162250838200647,0.4346214809617887,-0.6124392112364052,0.13485076155985626,-0.5923965580329518,-1.0073156577506253,1.099455833245228,-0.27857965334552326,0.8725234631738592,-0.8868105111568872,-0.4790057441002866,-0.39917806908356773,1.2622483687820374,-0.5525960599394395,1.1745744117969292,0.5875885742229425,3.4300245424169846,bihar,muzaffarpur,3.4300245424169846
-1.4053837300251075,0.8957940912063662,0.28591953763066424,0.04232249123440896,-2.366047316839369,0.3044300857904282,-1.4106641201357457,0.8055127779063939,0.4118400621493668,-0.41333617484494245,0.541198691678741,-0.3517664811123356,-0.5304822241707484,-1.2461862032147777,-0.4374503819512554,-0.5531430001663896,-0.13135670205674607,1.713418645101447,0.7454215457413877,-0.2485660834781349,-0.18154083680709435,1.4837885602917456,1.590545054564926,-0.2784590873736428,-1.682131975433176,-0.4487227120048688,-1.8869316960254345,-0.019962285893667688,-1.0637784564959982,-0.9202361474517488,4.543174208315673,-0.5534753836030621,-0.5808283485630327,15.472614295707995,gujarat,panch mahals,15.472614295707995
1.9521412664126963,-0.3475917047674165,0.2558328251175845,0.1332915241175642,1.2211434007220285,0.525239345580283,-0.11560567027258914,0.2851113314731051,0.36720427475216844,-0.5540694911030948,0.5829898088200723,0.5434767124396541,0.9929587473890846,-0.8736076122480246,-0.7542799412349642,0.02980099004234584,-0.390231416049062,-0.4697105955047403,-1.5337789293088135,1.2362710346322252,-0.07815630558466544,-0.44193208758648905,-0.27498103558452053,-0.32290795578070314,-0.7004338625123178,-0.47972485085582717,0.03212639791058557,0.40272129443519905,-0.05789678906096867,0.5505686352275422,1.2829771012062192,-0.343640765590206,0.806666747245313,44.54257463761159,odisha,nuapada,37.781636137288096
0.7967176846426018,-0.2967469324413513,0.8876537878922564,-0.1396155745319013,0.06220486120219282,0.7033113292817786,-0.7413080673974849,-0.09252511638114015,-0.07171430132027522,-0.2960584112964839,1.3352299173640405,0.04908868017960009,0.9440782884085553,-0.23490145630501993,-0.4732133087779563,-0.6142288266444977,-0.3802575429649414,-0.3897236646310127,0.4346214809617887,0.9193492781976028,-0.18503411943890613,0.3036530495512069,-0.32251854614617986,-0.21919392949756233,1.757096888708572,-0.25472242827812897,-1.736654419542596,0.6223955566132838,-0.8437418417445858,-0.3508923606081522,0.036431148487898884,-1.2200088761144874,-0.5418811178035002,10.211992009302604,assam,tinsukia,10.211992009302604
-1.0655532647986095,-1.4107096715851493,0.7071335128137786,-0.2305846074150564,-0.6368374324764389,0.5466079836244623,-0.013747140508071338,-1.0043789782730976,0.10682884826851505,-0.2726028585867935,0.7031392706014008,2.1869828737365906,-0.44901479253653276,-0.28812696930027015,0.44268296204342583,1.760325893406,0.9729862047126666,0.22154995287748694,-0.186978648597343,-1.387136838076593,0.48634153303691546,-1.1212679429604435,-0.29039860657749095,-0.29327537684266286,-0.2917215290205011,0.4198786978979662,-1.2011836642589182,0.5239208873610386,-1.975358717608994,-0.9202361474517488,0.4336820564970337,-0.8929137362709176,0.1981162666276173,4.389917725383028,jharkhand,palamu,4.389917725383028
-0.15480761799159368,-0.5463485420420363,1.9277944204872943,0.9520128200659604,1.1414280514428865,-0.17992570987763998,-0.7267568488596969,-0.8938512374377089,1.140891256303596,-0.9059027817484705,-0.14835474115322975,0.49002935760072935,-0.4653082788633759,-1.119775609851058,0.3182620281715089,-0.3066647592962247,-0.4820640279821231,-0.4445902019532323,-0.9121787997496597,1.2480088774631373,-0.16166239516416553,-0.28809900959271767,-0.14136208697877498,-0.21919392949756233,-0.40868422252780584,0.17003395008380137,1.3535300359493394,-1.6894866784471132,0.6516090299333824,-0.1611110983269535,1.1185974151334737,-0.9978310452773457,0.1981162666276173,25.460565605557782,rajasthan,banswara,25.460565605557782
-0.6033838320905716,-1.3136423789626608,0.8403746682288455,-0.1396155745319013,0.45464965765335374,0.7460486053701377,-0.6103471005573907,-0.2398954374949917,0.5457474243409598,0.5248859335427263,0.20686975454808865,0.4365820027618046,0.10496374257613389,0.9027938839684584,-0.6781695517101505,-0.11502766015280182,-0.25388127303321883,3.4939470003098716,0.3310214593686038,0.4498355649611254,-0.07832265237665648,0.45074891245036,0.7502874354480265,-0.24882650843560253,-1.0210956289817816,0.006291212353520977,-0.6933501092479459,-0.12601192970377778,-0.911099989117467,0.5980139507978418,-0.6347859029758122,-1.0780619286352024,-0.5321443101136171,9.940357852882702,jharkhand,lohardaga,9.940357852882702
0.10346353558054515,0.16085601849323827,-0.9734242861310964,-0.3215536402982116,0.5037052572097497,-0.6714043848937683,-0.9304739083887326,-0.746480916323857,-1.0611409219581585,0.47797482812334213,0.7814976152413975,0.009003164050406519,0.251605119517722,-0.6806651276402415,-0.13350540800828442,-0.21099298650285736,0.08652782621180612,1.8438069794052465,-0.08337862700415806,0.2502922368356226,-0.10003090873148668,3.09173722954051,0.7361546620378031,-0.32290795578070314,0.048653050961429335,-0.4339662354338885,0.08394614842190926,1.560177406876971,-0.8617040143773539,-0.73045488517055,1.598038166178981,0.8968521232505021,-0.2887241178665388,6.944028015974862,karnataka,yadgir,6.944028015974862
0.9598363079513209,1.163884708925621,-0.5350179037976508,-0.5034917060645219,0.1235243606476868,-1.5475185447051272,0.0008040780297166242,1.6390761567066183,0.5606260201400258,0.6187081443814911,1.0531398766600524,1.5055290995403,-0.5223354810073269,1.4550085812941813,-0.9630137707846081,-0.6870301087031605,-0.47796906382969967,2.1633049771844015,0.7972215565379802,-0.38942019744907796,-0.03540518004296916,-0.4217204423026358,-0.6128827998471267,-0.2784590873736428,0.20372718392617012,-0.6265450237111302,1.3466207358811633,1.964681048266962,-1.8136991639140783,0.3607873729463433,-0.9224503536031169,1.514012764464785,1.4833748816921906,5.750982459503499,puducherry,karaikal,5.750982459503499
1.7890226431039773,-0.5925710623384595,0.9177405004053361,-0.3215536402982116,0.6753998556571327,1.223281521690146,0.23362357463432917,0.36340181456483894,0.9995445962124695,0.008863773929507775,0.42627311954007907,-0.40521383595126037,1.1396001243306728,-0.16171637593655003,-0.5885981845203399,-0.6213274853789568,-0.40932773402719524,0.04952986660085574,-0.49777871337689783,1.0778101564149143,-0.19110577734657894,0.1992262155846318,0.10403425132600756,-0.13029619268344161,1.2485063000869225,-0.5408491551842451,-0.9835407121113585,-1.0789437290831947,-1.0952122586033428,-0.01877515161605442,-0.8813554320849306,-1.1150915671080595,-0.5126706947338509,15.13450178196553,assam,sivasagar,15.13450178196553
-0.6849431437449311,1.1916182211034747,0.10110116076460392,-0.594460738947677,-1.1948448774304337,-0.8637221272913836,-0.0865032331970127,0.3357698793559917,0.6498975949344216,0.07923043205858227,1.032244318089387,-0.8862400295015832,-0.38384084722916023,-0.38127161704195783,0.632138685240169,-0.11903066319854941,-0.4468311185914697,0.17387902700736166,-1.0157788213428447,0.9839074137676186,-0.20125293165803212,0.9627772596413081,1.3824078461598222,2.8477779905896017,0.5138754498556511,-0.3826570187329574,0.10812869866052706,0.081542373181723,-0.012991357479047871,-0.2560017294675528,0.8857261931970841,-0.49793092589377663,1.7998211316133916,38.93264813307593,gujarat,vadodara,37.781636137288096
0.13064997279866492,0.7571265303170966,-0.8401831307160296,-0.594460738947677,-1.0047544291494028,-1.8253108392794606,0.10266260779423494,-0.6958223684409707,-0.7784476017759058,-0.22569175316740941,1.2777671312947092,-0.2715954488539485,-0.9378193823418268,-1.1596947445974954,0.07274550075993706,0.5232111454611935,-0.5324604679966022,-0.46701224121020496,1.108021621317535,0.09183135861831103,-0.040062890218718186,1.271566284811287,1.1575682691790008,-0.30809166631168305,0.5335882633681182,-0.48656156706531795,-0.582801308157122,-0.4850657237465789,0.2250074299051331,-0.5881189384596509,0.24190575607883083,-0.20169381811092096,0.5291677280836438,13.115199701000629,maharashtra,dhule,13.115199701000629
-0.5897906134815116,-0.763594387435225,-0.9949147950690105,-0.1396155745319013,1.3744421493357635,1.5723026097450774,-1.2651519347578628,-0.8339820444852066,0.3225684873549711,-0.2491473058770998,-0.04910083794256701,-0.6323650940166906,0.13755071522982004,-0.015346215199611197,-0.3309685507251148,-0.15951436733454338,-0.2895196244191618,1.5399530118813147,0.48642149175840327,1.08367907783037,-0.15334505556461375,-0.4464235643162339,-0.8390071744106959,-0.14511248215246172,1.8793163324858675,0.5726556135892612,0.0010345476037909277,-1.3061929658191445,0.22051688674694125,-0.3034470450378526,0.8035363501607113,0.7117039308862173,-0.13293519482840876,4.187521680955449,uttar pradesh,mahoba,4.187521680955449
-0.3858923343456125,0.9697501236806436,1.377637391676696,-0.4125226731813667,0.14805216042588387,-1.9107853914561785,0.1754187004831763,2.228557441162025,0.9474695109157397,0.5483414862524166,0.18075030633475644,0.677095099536966,-0.5875094263146994,1.3552107444280868,0.4293106601206225,-0.604354752464987,-0.5045255145211589,-0.12011309803535147,0.8490215673345727,0.015535380217383704,-0.17688312663134537,0.17676883193590612,0.5048910971432442,0.04749928094479981,0.483649135803202,-0.1535931805852646,0.7057831545577934,1.1602187502216985,-0.6057430543604043,0.6454592663681413,-1.3744944903031673,0.16243096020550568,0.9624556702834429,10.642489087949572,tamil nadu,vellore,10.642489087949572
-0.290739804082193,0.5167694247756968,2.078227983052692,0.2242605570007193,1.1352961014983374,0.8244002781987955,-0.7849617230108499,-0.47476688677019296,0.6945333823316188,0.33724151186519313,-0.06999639651323308,-0.2315099327247549,0.18643117421034958,-0.03530578257283086,-0.503753234389451,-0.6764088072884437,-0.48145586498918896,1.1544738269476875,-0.34237868098714247,1.3771251486031681,-0.04771484265030584,0.0689733904220221,0.651358021576465,-0.05621474533834103,-1.2878757051838354,-0.11819117486681205,0.431138476847778,-3.060557073420678,-0.035444073270008515,-0.73045488517055,0.2556040632515592,-0.6954223310823472,0.4366680550297541,21.99129551162835,rajasthan,bundi,21.99129551162835
-1.3917905114160478,0.7617487823467394,0.3890739805326514,-0.594460738947677,1.7178313462305304,-0.42210360771167454,1.7178478654887332,0.16076762303329253,1.1111340647054637,0.689074802510569,-0.017757500086568647,-0.6056414165972283,-0.7504442895831307,-1.0399373403581822,-0.4216128943954687,-0.6706978562765104,-0.53254155639566,-0.4563794403591191,-1.1711788537326442,0.9721695709367068,-0.13629450938553256,0.6607254495659465,0.8556408372333257,-0.2784590873736428,0.5046761368831668,-0.6034626452216613,0.9648819071144117,-1.6758517242429565,-0.02646298695362387,-0.3034470450378526,1.091200800788016,-0.9176001619194888,-0.14267200251829185,22.39581740911731,madhya pradesh,mandsaur,22.39581740911731
-0.3587058971274927,0.38734636794571137,2.314623581369746,-0.4125226731813667,1.1720878011656335,0.24032417165788983,-1.3088055903712277,0.022607946989056528,0.9772267025138709,0.4545192754136517,0.3217953266867502,0.6102859059883101,-0.5467757104975915,-0.015346215199611197,-0.3166474183608396,-0.626504702651457,-0.4921189894653016,-0.5003240674415527,-0.44597870258032746,0.42635987929930164,-0.18511729283490164,0.3362162558418589,0.5909725351873302,-0.24882650843560253,-0.8095114306146353,-0.39815808815843656,-0.4877984322196952,-2.902997602617086,-0.5608376227784836,-0.5406736228893512,-0.7717689747031001,-1.0410322901623457,-0.42990782936984423,23.088671278411642,rajasthan,rajsamand,23.088671278411642
-1.3238244183707482,-1.697289297422973,-0.8444812325036124,0.2242605570007193,-0.5141984335854509,0.9169977097235735,-0.4357324781039315,-0.820166076880783,-0.5999044521871151,-3.298369158137023,0.35313866454274895,-0.32504280369287325,-0.4653082788633759,-0.6141332363961785,0.4343740449998803,0.9091540124452043,0.996542384638984,-0.4250592565832619,-0.23877865939391338,0.021404301632839653,-0.18062592945114367,-0.3947715819241647,-0.7914696638490364,-0.24882650843560253,-1.5783111576008495,-0.08238302759136014,-1.54146669261661,-0.41689095272579396,0.32828992254355166,-0.30344704503785264,-0.16904345910303306,1.0017694322569304,-0.47372346397431825,9.99737371968835,uttar pradesh,sonbhadra,9.99737371968835
0.5248533124614031,0.9281498554138625,-0.12669823397728472,-0.594460738947677,0.6018164563225397,-0.5930527120651103,0.320930885861059,0.8101181004412018,-1.5000594980306026,0.6421636970911848,-2.4102989564277997,0.4232201640520734,-0.840058464380768,0.723157777609488,-0.5212046204531623,-0.09319795020999169,-0.26572017929567093,-0.21378453997422286,-0.29057867019052797,0.9663006495212504,-0.1512657206647258,0.15318857910474373,0.8800519913055292,-0.18956135055952208,-0.4244544733377794,-0.0969364333838406,1.0909766333586328,1.3586830836377617,0.3507426383345123,1.4520296310632366,-0.840260510566744,-1.4421867069516292,0.7725879203307219,20.391761055661473,himachal pradesh,kangra,20.391761055661473
-0.3451126785184328,0.9235276033842205,-0.5651046163107304,-0.594460738947677,-0.9863585793157543,-2.352403911035888,2.7073307260583355,-0.03265592342863768,-0.0568357055212091,0.689074802510569,-0.5767136918518779,-1.3138188682129812,-0.9215258960149837,1.188881016317929,-0.08502637975101353,-0.3118152898817533,-0.4711576383088369,-0.5052389270494563,-2.569779145240707,-0.5830946041591252,0.3150875106821439,-1.415459668758751,-0.7760520928560658,3.1737363589080445,0.1314468677137909,0.717512768919067,-0.9524488618045642,0.6027006227628353,-0.5608376227784836,-0.7779002007408496,-0.9909418894667609,0.8536508783655025,-0.7220120600663381,8.904554308505706,punjab,amritsar,8.904554308505706
0.13064997279866492,-0.95310672065056,1.2744829487747085,-0.594460738947677,1.0433168523300964,1.1662984869056676,0.08811138925644646,0.47853487793503563,-0.7858868996754389,0.26687485373611536,1.000900980233388,0.5033911963104606,0.2760453490079868,-0.7405438297598985,-0.6795440257141521,-0.5200515083215429,-0.3862175402956964,-0.35265341634656217,-0.8085787781564747,0.168127337019239,-0.22063233292498785,-0.19040939072076013,0.7528570306135214,-0.32290795578070314,0.7123177725478193,-0.48019868267232657,-1.2616400398554624,0.42393122319722115,-2.0067925197163388,-0.6830095696002503,-1.2238131114031505,2.519984609644066,-0.8485905600348187,27.193016338985668,assam,baksa,27.193016338985668
0.008311005317125456,-1.2443085985180262,0.9220386021929187,0.04232249123440896,-0.29344823558167255,0.9169977097235735,0.14631626340759935,-1.0181949458775212,-2.333260862778294,0.12614153747796636,-0.2789519822198908,-0.13797706175663657,-0.6282431421318072,-0.21494188893180027,-0.9745682199924415,-0.5680074848095988,-0.28984397801539336,-0.4840375718781068,-0.7567787673598823,-1.0819529244728827,-0.22063233292498785,-0.22409546619384904,-0.25570907184330693,-0.32290795578070314,0.4705072601282239,-0.6471905528586025,-2.063118847763935,-0.21539662948658517,0.013951901470105088,0.028670163954245275,1.241882179688033,-0.059746870631636126,0.23706349738714994,15.7702270303215,meghalaya,east garo hills,15.7702270303215
0.37532790776174385,0.1377447583450267,1.2014152183858007,0.31522958988387445,-0.9679627294821063,-1.1130229044734776,1.092145468363837,0.5476147159571536,0.8805158298199427,0.6421636970911848,0.18075030633475644,-1.3939899004713685,-0.7422975464197091,1.062470422954209,0.03560809992923447,-0.1873752685329466,-0.41212528379469243,-0.43344342885556825,0.6418215241482028,0.3031125295747261,-0.06734376410524807,-0.7619498045808313,-1.315667077610038,0.032682991475779674,0.8936756568625159,-0.16889117923224412,0.8128773056145288,1.149613785840688,0.8671551015266032,-0.7779002007408496,-0.2786299164848634,0.5018693128733612,0.8456139780048453,6.000107625248884,uttarakhand,dehradun,6.000107625248884
-0.22277371103689336,0.4012131240346389,-0.43616156268324635,-0.3215536402982116,1.0494488022746455,0.1833411368734109,0.08811138925644646,0.38642842723887827,1.274798618495189,0.5483414862524166,0.40015367132674684,-0.29831912627341084,-0.13129180916309158,-1.805054089664907,0.224150462981383,-0.5007036602670961,0.5680307398175608,-0.4785123702273915,0.17562142697882638,0.37940850797565345,-0.059858158465651456,-0.0781224724771317,0.6950411393898815,-0.18956135055952208,0.31674731473098083,-0.6270188555276296,-0.2079717794585478,-0.6744400876932037,0.44953458781473804,-0.20855641389725318,2.611712896960913,-0.5349605643666338,-0.6587228100820978,25.745234975034425,madhya pradesh,barwani,25.745234975034425
0.4432940008070435,-1.3829761594072956,-1.1453483576344086,-0.04864654164874616,-0.299580185526222,0.46825631079580404,-0.2320154185748954,-1.0228002684123292,-1.3735914337385422,-0.1787806477480253,0.41060145061207987,1.8395750672835796,-0.5141887378439053,-0.9534458817409004,1.3209718506004788,2.139944015577729,1.21811643506467,-0.2846805867365992,0.07202140538564143,0.18573410126560683,-0.19659522148228314,-0.2521671957547561,-0.9957524795058973,-0.32290795578070314,-0.5966130446799913,0.9266079805142864,1.0322475827791324,-0.35780615117444675,2.708277796385363,-0.3508923606081522,0.24190575607883083,4.309750469165485,-0.9654322523134161,1.4305128388527286,bihar,gopalganj,1.4305128388527286
1.1501413684781603,1.2147294812516862,1.39912790061461,-0.3215536402982116,0.5772886565443417,-0.9634424381642214,1.4268234947329679,1.8371050257033563,0.017557273474120443,0.43106372270395804,-0.6028331400652102,0.6236477446980413,-0.4082810767194249,1.3818235009257123,-0.3546893117619175,-0.6854822808588048,-0.556300457319622,-0.4360132900884591,0.9008215781311651,0.37940850797565345,-0.15326188216861822,-0.24430711147770204,0.3892593146959644,-0.32290795578070314,1.1933104222520152,-0.23637836795365352,1.2136167095687653,1.119313887609228,-0.7090255469988229,-0.39833767617845195,-1.3470978759577095,0.6808458988255033,-0.08911956022393484,7.464171974522293,tamil nadu,dindigul,7.464171974522293
0.13064997279866492,0.7016595059613894,-0.45765207162116034,-0.594460738947677,0.0008853617566988405,1.6221627651814965,-0.7413080673974849,-1.3129355881052247,0.2853719978573064,-0.1787806477480253,0.47851201596674353,0.27623993824503035,3.3392207784544956,-0.2615142128026446,-0.8834538948884613,-0.6692034018060979,-0.3288474979622387,-0.43222274476994504,0.1238214161822339,-0.5596189184973014,0.028887855061566284,-1.3514561253598825,-1.3452174220132318,-0.2784590873736428,-1.0329233170892618,-0.6182191217926414,-1.08890753815105,-0.2684214513916397,0.40911969939100956,0.5505686352275422,2.310350139160879,-0.485587713069491,-0.06477754099922699,13.680519629821232,tripura,north tripura,13.680519629821232
-1.364604074197928,-0.24590216011528543,-1.0550882200951697,0.40619862276702967,-0.6674971821991859,-0.7568789370704861,0.6119552566168245,-0.958325752925019,0.8210014466236792,0.40760816999426763,-0.9058187393398639,-0.40521383595126037,-0.6363898852952288,-0.26816740192705146,0.8676437213580773,0.6992365327262008,1.7206617882259474,-0.34693547510337996,-0.03157861620754351,-0.031415991106264196,-0.03873211588278987,0.5417013162276999,-0.7285145822944064,0.07713185988284002,-0.2877789663180079,1.073969675445589,-1.8212933453777578,-0.38962104431747957,1.2219080110237788,-0.5406736228893512,-0.5662943671121682,1.6806461375926414,-0.5516179254933834,2.780067968388667,uttar pradesh,muzaffarnagar,2.780067968388667
-0.7800956740083507,-1.068663021391618,-1.1195597469089116,-0.5034917060645219,1.2701990002784245,1.5723026097450774,-0.7995129415486383,-1.2806983303615698,-0.35440762150252725,-1.8206693374264455,0.2173175338334213,-0.8461545133723897,0.6670890208522219,-1.698603063674406,0.5087907278487954,1.7436467140487184,0.7645890191338878,0.17330080822996133,-0.7049787565632898,1.2538777988785934,-0.1947654067703817,-0.7406152901145417,-0.9726261230164412,-0.29327537684266286,-0.2273263382131091,1.4442353949100923,-0.6484396588047987,-0.5229405965359037,-1.2434001828236823,-0.44578299174875174,0.44738036366976275,2.785363685366207,-0.3860921947653701,2.9017697212868097,uttar pradesh,banda,2.9017697212868097
1.4491921778774788,0.9928613838288552,-1.6396300632064305,-0.3215536402982116,1.1414280514428865,0.6819426912375989,0.36458454147442343,1.6206548665673866,0.575504615939092,0.6187081443814911,-2.4102989564277997,-0.6991742875653466,0.6589422776888005,1.335251177054868,-1.0399931825829198,-0.5525825797399849,-0.4884700115076965,2.123472128074593,-0.23877865939391338,0.713937028656644,-0.1273117826180166,-0.21735825109923143,0.43936642042311885,-0.32290795578070314,0.6137537049854841,-0.6069148484561566,-0.0006927774132530967,0.27697671677464014,0.14866819621586796,2.1162640490474325,-1.1690198827122353,-0.5287889579544908,1.089034170251924,16.935757028339168,andaman and nicobar islands,south andamans,16.935757028339168
-1.3102311997616882,-1.919157394845804,-1.1668388665723226,3.6810838065606153,-0.14014948696793758,0.9739807445080519,-0.13015688881037762,-0.6497691430928919,-0.659418835383379,-1.4688360467810697,0.0031380584840974266,2.1068118414782036,0.251605119517722,-1.0066713947361507,1.049340317112876,2.102235726886787,3.727518576509683,-0.40588166713281393,0.6418215241482028,-0.7180797967146125,-0.20499573447783045,-0.7372466825672328,-1.1409346063563708,-0.32290795578070314,-0.36137347009788484,1.0824309578830775,-1.6779253689630957,-0.36992611046703106,1.491340600515304,-0.8253455163111494,0.7487431214697963,-0.16466417963806382,-0.9362218292437668,0.403760742919767,uttar pradesh,siddharth nagar,0.403760742919767
1.3132599917868795,1.3533970421409558,1.063875961183151,-0.594460738947677,-1.581157723937046,-2.152963289290213,0.8447747532214365,2.048949862304518,-0.4511184941964565,0.6656192498008752,0.01880972741209661,1.3585488737332567,-0.856351950707611,1.3618639335524927,-0.4728497382349624,-0.6844681867538821,-0.5565031783172667,-0.4118887177646962,1.626021729283504,-1.2814962525983855,-0.18503411943890613,0.18912039294270483,0.9712726196806052,-0.32290795578070314,1.075033541177213,-0.5589901447302209,1.4001678114095302,2.0055859108794327,0.40911969939100956,0.4082326885166431,-1.1827181898849641,2.8964526007847784,0.8553507856947287,2.7164232276451727,tamil nadu,kanniyakumari,2.7164232276451727
-0.05965508772817422,1.0437061561549204,1.248694338049212,-0.594460738947677,1.4357616487812574,0.6178367771050606,-0.36297638541499017,0.8147234229760097,-1.1950482841497514,0.40760816999426763,0.18075030633475644,0.23615442211583676,0.7078227366693297,-0.05526534994604958,-0.26046246810693996,-0.5697421194627562,-0.3437272191893617,-0.41580775614485477,-1.1711788537326442,1.4299454413422725,-0.1655715447759549,-0.10507133285560252,1.0740564263004095,0.017866702006759567,-1.1025752581666453,-0.6355478282246182,0.5382326279045134,-0.9516841565110628,-0.8212891259536247,0.6454592663681413,0.81723465733344,0.828964452716931,-0.04530392561946067,21.920875839761138,madhya pradesh,balaghat,21.920875839761138
3.039598755137491,1.0205948960067088,-0.7843078074774531,0.04232249123440896,0.2890870091505207,0.08362082600057338,-0.0865032331970127,0.9989363243683245,0.18866112516337816,0.6187081443814911,-2.4102989564277997,-0.872878190791852,-0.44901479253653276,1.2886788531840236,1.5884267566307608,0.08322773735959037,2.2596563767637465,-0.4118887177646962,-1.8445789940883903,2.820879816805337,-0.1954307939383459,-0.31055639324144313,-1.0317268118228289,1.1290884121832683,1.2406211746819362,0.1476284741893314,1.4278050116822367,1.2541484347392242,-0.21057525643949987,5.437436138968412,0.7213465071243388,-1.4298434941273437,2.3840295930063795,28.77462357912278,west bengal,kolkata,28.77462357912278
-0.92962107870801,0.507524920716412,1.1584342005099728,-0.04864654164874616,0.43625380781970574,0.16909537817729153,-3.5496932451906216,0.5614306835615771,-1.0388230282595592,0.47797482812334213,0.42104922989741295,-0.08452970691771182,0.6182085618716927,-0.6008268581473666,-0.33342486878387906,-0.6886846832954028,-0.5084988460749954,-0.45988087628893287,-1.7927789832917758,1.1130236849076494,-0.19676156827427418,0.6101963363563134,0.38412012436497395,0.5957019912985442,-0.9264741241219397,-0.6100962906526523,-0.08533170324841471,0.3375765132375602,-0.4575551301400655,0.5505686352275422,0.6802515856061522,0.2673482692119337,1.0452185356474495,24.653621292613252,chhattisgarh,raigarh,24.653621292613252
-0.5897906134815116,-0.28288017635242446,-1.201223680872985,-0.594460738947677,0.6386081559898357,0.5893452597128214,-1.0323324381532504,-0.9721417205294426,-0.10147149291840746,-0.41333617484494245,-0.5453703539958792,-0.9797729004697016,-0.11499832283624851,0.2640877280254528,0.3183595714879218,0.10401666651050613,1.2893931378365557,1.3645921060019253,0.5382215025550179,0.8723979068739552,0.2005577443963155,-0.8203390020675183,-0.537079742465021,0.0030504125377394248,1.4101513708891524,2.453970995870238,-1.4240085914576097,-0.41689095272579396,-0.6641201154169016,-0.9202361474517488,0.5432685138788643,0.26117666279979124,-0.18161923327782448,3.157491569123843,uttar pradesh,jhansi,3.157491569123843
0.2393957216711445,0.003699449485399263,-0.40607485017016676,-0.594460738947677,1.5216089480049493,1.0380866586405904,-0.4357324781039315,-1.096485428969255,-1.3140770505422787,0.43106372270395804,0.34791477490008244,-0.11125338433717419,3.102965226715271,-0.44115031916161496,-0.9429553179004034,-0.6555398180766129,-0.5238650976964658,-0.3797012058227383,-0.186978648597343,0.12704488711104703,-0.12190551187830792,-1.4985519882590363,-1.501962727108433,-0.2636427979046227,0.5716997028255545,-0.33473231500702166,0.7973313804611318,0.17244206787610297,-0.14770765222481075,0.21845142623544406,2.104875531569947,-0.36215558482663457,0.03745893974454588,11.322438507446039,tripura,south tripura,11.322438507446039
-0.6985363623539911,-0.20892414387814703,-0.26423749117993417,0.1332915241175642,1.0862405019419425,0.4183961553593855,0.320930885861059,0.0686611723371352,-0.9793086450632958,0.5248859335427263,0.661348153460069,-1.6745885133757235,-0.1475852954899348,-1.8848923591577829,-0.19048843994192696,-0.6649602185776056,-0.4725766852923499,-0.4886311988318992,-0.03157861620754351,0.7726262428112038,-0.0401460636147137,0.9347055300804006,1.271915254043533,-0.17474506109050195,0.3206898774334746,-0.5448428804947398,0.930335406773529,-1.6152519277800366,-0.3677442669762234,-0.5406736228893512,0.6528549712606947,0.026655619138363635,-0.14267200251829185,27.45801782874484,madhya pradesh,sehore,27.45801782874484
-0.005282213291934431,-0.3568362088267013,1.7687646543467306,-0.2305846074150564,1.1046363517755904,0.4183961553593855,-0.6685519747085436,-0.9767470430642504,-0.46599708999552153,-0.342969516715868,0.5098553538227423,-0.2715954488539485,0.19457791737377111,0.004613352173607521,-0.20817038293534182,-0.4010822578019245,-0.5145399318048084,-0.1651499161417636,-0.3941786917837129,0.5261315433620528,-0.1454435829450395,-0.29259048632246254,0.11431263198798795,-0.2043776400285422,-1.303645955993809,-0.22270493553467194,0.8146046306315735,-1.2031733118321806,1.679943413159373,-0.5881189384596509,0.3514922134606612,-1.02868907733806,0.08614297819396134,10.148401244326585,rajasthan,sawai madhopur,10.148401244326585
1.8433955175402168,0.7478820262578126,1.4421089184904379,-0.594460738947677,0.20937165987137785,-0.9207051620758623,0.8447747532214365,1.2844663215264123,0.4639151474460977,0.4545192754136517,0.8389604013107285,1.0111410672802459,-0.3186669019217877,1.1290023141982721,-0.4438971084087341,-0.6876439025035085,-0.5565031783172667,-0.4118887177646962,1.108021621317535,0.32071929382109393,-0.20258370599396042,-0.32403082343067874,1.3400095259291527,-0.30809166631168305,-0.08013733065335522,-0.46510375480384675,1.9080013664205029,1.7707616995856175,-0.6641201154169016,-0.3034470450378526,-0.8950537392576594,0.8042780270683597,-0.040435521774519124,11.423708286280092,tamil nadu,pudukkottai,11.423708286280092
-1.2422651067163886,0.9651278716510009,1.300271559500205,-0.4125226731813667,1.2640670503338745,-1.7113447697105033,0.20452113755875273,1.781841155285662,0.7094119781306849,0.47797482812334213,0.18075030633475644,1.1982068092164824,-0.5467757104975915,1.3685171226768995,-0.15979776556870312,-0.6448651432879526,-0.5554895733290431,-0.5293956226386303,0.2792214485720334,0.7550194785648356,-0.1941831929984131,-0.8091103102431553,-0.718236201632426,-0.12288804794893156,0.5427875763406032,-0.5376677129877495,2.5212017474711668,0.86782473228811,-0.6506484859423252,-0.49322830731905143,-1.0868300396758626,0.0019691934897922516,0.7092986703464818,11.706413261653775,tamil nadu,tiruvanamalai,11.706413261653775
0.5248533124614031,-0.7867056475834365,-0.9992128968565932,-0.3215536402982116,-1.703796722828034,1.6720229206179156,0.5537503824656711,-0.07410382624190842,0.441597253747498,0.689074802510569,-1.3498493589665117,0.7706279705050844,2.9644705929371042,0.10441118903970206,-1.0734239373899277,-0.6722189974338945,-0.5170536721756029,-0.4992961229483962,1.6778217400800963,-1.8155681014048788,-0.22063233292498785,-0.6990691303643991,-0.718236201632426,-0.32290795578070314,0.716260335250313,-0.4444582256563745,-2.0734827978661996,0.5224058924494657,1.1186255183853606,0.028670163954245275,0.47477697801522023,0.5018693128733612,0.8017983434003714,2.450980392156863,manipur,chandel,2.450980392156863
-1.133519357843909,-1.5401327284151343,-1.0765787290330837,-0.4125226731813667,-0.7288166816446798,0.8813833129832744,-1.3961129015979572,-0.8293767219503987,0.15890393356524593,0.21996374831673457,0.7553781670280653,0.9443318737315899,-0.7097105737660229,-1.0000182056117441,0.386834979609862,0.4430443377983553,0.9619176382412645,-0.4515288272820376,0.1238214161822339,-0.8237203821928198,-0.12415119357018692,-0.5688163052017896,-0.6077436095161365,-0.32290795578070314,2.1198126573379654,-0.07954003669236395,-0.1146962285381646,-0.371441105378604,2.0122436068655882,-0.9202361474517488,0.6391566640879656,0.4154668231033617,-0.6928016369966886,4.702278384070458,bihar,jamui,4.702278384070458
-1.0927397020167293,0.7571265303170966,1.5538595649675906,-0.594460738947677,0.4791774574315517,-1.1842516979540758,0.9320820644481663,2.159477603139907,0.5011116369437625,0.5717970389621103,0.18075030633475644,2.307239422124171,-0.29422667243152295,1.2886788531840236,-0.4172411803053215,-0.6889248634781476,-0.5564626341177379,-0.5430961953364797,0.17562142697882638,1.5062414197431995,-0.17921198171921987,-0.38242002091736577,-0.0938245764171155,-0.30809166631168305,0.8595067801075733,-0.6109085737666512,1.4675334870742516,1.4601877427131527,1.5272649457808416,-0.8727908318814491,-0.4978028312485241,0.9894262194326445,2.0870569584649443,12.023477121203486,tamil nadu,dharmapuri,12.023477121203486
-0.7936888926174107,-0.41692548521205125,-0.7499229931767909,-0.04864654164874616,1.3989699491139613,1.6577771619217956,-0.8140641600864262,-0.8616139796940537,0.44903655164703155,-0.5540694911030948,-0.6080570297078767,-0.21814809401502372,0.44712695543983966,-0.04861216082164271,-0.9416606520643762,-0.4295569528006757,-0.16784648163279686,5.85532824068245,0.6936215349447732,0.5202626219465971,-0.05262207301404141,1.773488809360308,0.8312296831611226,-0.32290795578070314,-0.5690151057625376,-0.18229385061322614,1.394985836358398,1.366258058195627,0.43157241518196976,-0.1611110983269535,-0.8265622033940153,-1.4298434941273437,-0.8826693869494097,5.854591074735646,himachal pradesh,hamirpur,5.854591074735646
-0.18199405520971346,-1.6880447933636882,-1.0207034057945072,0.31522958988387445,-0.4038233345835615,0.475379190143864,-1.5125226499002635,-1.3175409106400326,-1.0611409219581585,0.10268598476827598,1.267319352009377,0.7572661317953532,-0.7422975464197091,-1.5721924703106864,-0.6964456221762627,-0.4326526084893871,-0.4483717981735696,-0.49242174415041323,0.22742143777541884,-0.5889635255745811,-0.2178044374611402,0.1520657099223075,0.18240690387360847,-0.30068352157717293,-0.2089277122681398,-0.19237969927871257,0.9527906319951028,-0.6789850724279228,-1.1266460607106876,-0.8727908318814491,-0.716975746012185,4.007341754970487,-0.7268804639112796,15.986574810104223,bihar,arwal,15.986574810104223
1.0549888382147403,0.5768587011610468,-1.5751585363926885,0.49716765565018467,1.9324495942897593,2.5338913217331545,3.289379467569866,1.2338077736435253,-0.659418835383379,0.21996374831673457,-2.4102989564277997,-0.6190032553069594,4.235362526430868,1.4550085812941813,-1.108397650111105,-0.6673353337180824,-0.5314874072079074,0.5388956918740955,-1.4301789077156506,1.1423682919849294,-0.22063233292498785,-0.4902154624312493,0.4560687889988369,-0.2784590873736428,-0.9277883116894374,-0.6523350125805957,0.15303914910367392,-0.38962104431747957,1.9314138300181294,0.17100611066514435,-0.48410452407579535,-0.4238716489480628,-1.023853098452715,21.910604732690622,andaman and nicobar islands,nikobars,21.910604732690622
-0.1276211807734739,0.1885895306710919,1.850428588310804,-0.4125226731813667,-0.6368374324764389,-0.4363493664077939,-0.3484251668772017,-0.03265592342863768,0.3151291894554386,0.5248859335427263,-0.6916392639905398,0.5568385511493853,-0.36754736090231704,1.055817233829803,0.36999545616728696,-0.6299739719577716,-0.2813702403138438,0.38004614441602996,0.38282147016521834,-0.3542066689563423,-0.1527628417926451,-0.2431842422952658,0.04107916977137779,-0.23401021896658242,-0.5282752911701057,0.4823568074163825,0.5917797034328811,-1.7364515207058762,-0.28691449012876546,-0.39833767617845195,-1.045735118157676,-0.7633100016159183,-0.4445130409046689,13.489255136037585,rajasthan,sikar,13.489255136037585
-0.5761973948724516,0.6785482458131779,-0.34590142514400746,-0.3215536402982116,-1.0292822289276002,2.562382839125394,-0.5957958820196022,0.22524213852060293,-1.5000594980306026,-1.8675804428458296,0.01880972741209661,0.4232201640520734,4.390150646535878,-0.47441626478364646,-1.0525940055486382,-0.6606102886012265,-0.5109720422462611,-0.513912208710463,0.48642149175840327,-1.363661152414769,-0.06950627240113157,-1.1920087014539296,-0.7426473557046295,-0.2784590873736428,0.12750430501129748,-0.6172037679001428,-1.6071050432642866,0.7951049765326063,1.702396128950333,1.831592155625634,0.6939498927788813,-1.3310977915330584,-0.10859317560370103,19.557385486361298,mizoram,lawngtlai,19.557385486361298
-1.0383668275804894,0.8172158067024473,0.9607215182811641,-0.4125226731813667,0.40559405809695875,2.8045607369594276,-0.4939373522550844,1.0588055173208266,-0.5329507710913186,0.21996374831673457,-0.8483559532705331,-0.378490158531798,4.7811943183801136,0.723157777609488,-1.0743905029798384,-0.6468399581238548,-0.5351363851655125,-0.5214611760820798,0.7972215565379802,-1.416481445153873,-0.13754211032546532,-1.2234490385621457,-1.3079582921135526,-0.32290795578070314,-1.800408856507978,-0.6071179192346563,-1.5621945928211394,0.969329391363501,2.151450444769543,1.4520296310632366,0.1323192986970005,-1.065718715810917,1.205875862530521,17.48448956570784,mizoram,mamit,17.48448956570784
0.715158372988242,0.2255675469082303,1.5839462774806703,-0.594460738947677,0.45464965765335374,0.14060386078505233,-0.4357324781039315,-0.49318817690942435,-0.1684251740142034,0.33724151186519313,0.541198691678741,0.5033911963104606,0.9929587473890846,-1.1131224207266517,-0.5660390757062741,-0.5699289262715578,-0.5213919015252001,-0.4226178884120156,-1.2747788753258291,-0.5772256827436693,-0.19268607187049377,-0.1814264372612701,1.5160267947655683,-0.2636427979046227,-0.546673917115075,-0.5716482232567038,-0.3047019804130183,0.21031694066542808,-0.9829486796485403,0.12356079509484483,-0.018362080203016475,-1.090405141459488,-0.3958290024552533,22.03262703918995,chhattisgarh,mahasamund,22.03262703918995
-0.3451126785184328,-0.5463485420420363,-0.9562318789807652,0.04232249123440896,-1.5443660242697497,-0.6144213501092897,0.1754187004831763,-1.3175409106400326,0.1514646356657134,-0.22569175316740941,-0.6550720364918745,-0.2315099327247549,-0.6445366284586503,0.02457291954682624,1.3638820422479883,0.5636414762232442,3.201579220220204,-0.4546769072923289,0.4346214809617887,-1.0819529244728827,0.22326408150309196,-1.1717970561700763,-1.3220910655237756,-0.32290795578070314,-0.21944121280812218,8.177453197625562,-2.258306574689921,-0.3441711969702896,1.3162094173458128,-0.1611110983269535,-0.8539588177394728,1.5078411580526419,-0.5126706947338509,1.4723722820733491,uttar pradesh,moradabad,1.4723722820733491
-0.9432142973170698,1.1592624568959784,-0.530719802010068,-0.594460738947677,-0.8759834803138653,-1.8110650805833408,1.179452779590567,0.7134063272102366,-0.6073437500866481,0.689074802510569,-0.7491020500598706,-0.8996018682113144,-0.9052324096881404,1.2421065293131794,-0.45223262817493765,-0.33375174657245005,-0.2724505164174758,-0.2504371858083287,0.8490215673345727,-1.2697584097674737,-0.08539239103627552,-1.2066060008256012,-0.43301113826246923,-0.32290795578070314,0.15378805636125342,0.9197035740452957,-0.43770600672541554,0.3224265641218298,0.6246657709842299,-0.3508923606081522,-0.5662943671121682,1.1560595925605008,-0.7463540792910458,10.525653329976873,punjab,gurdaspur,10.525653329976873
-0.712129580963051,0.2486788070564419,1.39912790061461,-0.2305846074150564,0.6079484062670887,0.17621825752535147,1.5286820244974852,-0.15699963186845023,-0.5850258563880495,0.6656192498008752,-0.9685054150518612,2.06672632534901,-0.3105201587583661,0.8695279383464268,-1.0135146059638946,-0.5618161734321759,-0.33464531849487794,-0.21474823793655703,1.2634216537073344,-1.4047436023229611,-0.1314704524177925,-1.068493091385938,-1.4968235367774427,-0.32290795578070314,1.439063497374104,-0.6488151190866003,-0.7399878847081371,-0.45931081024983744,-0.06687787537735332,-0.5406736228893512,-0.7032774388394564,-0.8126828529130609,-1.023853098452715,0.32566217976552325,uttarakhand,bageshwar,0.32566217976552325
3.841598653072027,1.284063261696321,0.3675834715947374,-0.594460738947677,-1.936810820720911,-2.017628581677076,1.5141308059596967,1.4824951905231505,1.7211564924671663,0.6421636970911848,-0.3364147682892214,2.454219647931214,-0.7993247485636602,1.2421065293131794,0.0037114354621768718,-0.685162040615145,-0.06186394406413382,2.16410805881968,1.315221664503949,-0.2837796119708709,-0.1903572167826193,-0.7001919995468353,-1.4056029084023665,-0.2784590873736428,0.236581873113615,-0.5315078993732577,-0.822899485526255,1.1374938265481034,1.226398554181971,0.3133420573760436,-1.3470978759577095,-1.4421867069516292,-0.6100387716326819,3.279515640766902,kerala,kannur,3.279515640766902
0.8239041218607216,-0.486259265656686,0.6555562913627851,-0.594460738947677,0.8593583539936146,1.1947900042979067,0.015355296567505103,1.219991806039102,1.1483305542031286,-0.1787806477480253,0.6874676016734013,0.7973516479245467,1.726165632097026,-0.7272374515110858,-0.2605334087006949,0.057768637988635706,-0.40361100189361393,-0.46691587141397156,-3.087779253206676,1.9464105259023972,-0.11941030999844238,0.231789421875284,0.83251448074387,0.5216205439534435,-1.35095670842373,-0.3162528741635464,0.3568635011148806,0.4133262588162101,0.5303643646621959,0.5031233196572423,1.145994029478931,-0.4362148617723484,-0.0014882910149866223,35.563103596867,odisha,koraput,35.563103596867
-0.26355336686407327,0.5260139288349809,-1.2141179862357332,7.865659319185752,1.1659558512210844,-0.17280283052958054,-1.177844623531133,-1.160959944456565,0.657336892833954,0.6421636970911848,-1.1095504354038552,-0.9797729004697016,-0.7504442895831307,-0.1417568085633313,-0.7899541923194715,-0.25491927325819425,0.0973125832865055,-0.10042153633832533,-2.5179791344441367,-0.5478810756663895,-0.19310193885047136,-1.1571997567984045,-0.5023902077308371,-0.32290795578070314,0.4205681325633075,-0.06410665752638466,0.3292263008421747,-0.042687209567262685,1.648509611052028,-0.6830095696002503,0.1323192986970005,-0.0042024129223505536,-0.5029338870439677,11.658493813529049,jammu and kashmir,poonch,11.658493813529049
-0.9975871717533097,0.35961285576785773,0.16987078936592848,-0.5034917060645219,1.3192545998348195,-0.721264540330187,0.597404038079036,0.1193197202200218,1.2822379163947226,0.6187081443814911,-0.21626530650789336,-0.4987467069193787,-0.6934170874391797,-0.780462964506336,-0.6768571507256844,-0.6198864042824876,-0.4980789867960565,-0.3663700506771171,-0.13517863780072845,0.12704488711104703,-0.17039560174369497,0.8819306785058951,1.6290889820473524,-0.18956135055952208,0.12487592987630201,-0.6392031022376132,0.9614272570803237,-1.4379975231259954,0.4225913288655856,-0.1136657827566538,1.091200800788016,-0.9608014068044888,0.4171944396499879,29.634879386828356,madhya pradesh,neemuch,29.634879386828356
-0.6305702693086914,0.16085601849323827,-0.9863185914938449,2.5894554119627533,1.2088795008329305,0.25456993035400916,-1.5416250869758399,-1.308330265570417,0.8061228508246131,0.7125303552202593,-0.22671308579322638,-1.5810556424076052,-0.6771236011123367,-1.6653371180523744,-0.7361102816594844,-0.2152361697313498,-0.24346141375427993,-0.3131096766254543,1.315221664503949,-0.8941474391782915,-0.010785854828295801,0.6517424961064556,1.571273090823712,-0.32290795578070314,1.427235809266624,-0.28863524828758347,1.0028830574893826,-0.06086714850613894,1.4509257120915755,-0.8727908318814491,0.37888882780611866,0.020484012726220996,-0.1962244448126491,2.4396128790112868,jammu and kashmir,rajouri,2.4396128790112868
-0.5082313018271519,0.28565682329358094,-1.3645515488011313,-0.3215536402982116,0.22776750970502674,-0.29389177944659733,-0.42118125956614305,-1.0458268810863685,1.0888161710068651,0.6187081443814911,0.08149640312409408,-1.019858416598895,-0.6771236011123367,-0.6207864255205853,-0.9043991051946023,-0.5155681449103056,-0.20778251816880802,-0.39891091853859745,0.2792214485720334,-1.786223494327599,0.4524483741687419,-0.3902801051944196,0.0603511335125908,-0.30809166631168305,1.0408646644222699,-0.42767104130039696,-0.20797177945854706,-0.3456861918818625,1.7966975352723664,-0.73045488517055,-0.16904345910303306,-0.7879964272644896,-0.3276713486260714,1.3618566645860524,jammu and kashmir,doda,1.3618566645860524
-0.3722991157365526,1.3533970421409558,1.2186076255361322,-0.594460738947677,-0.8085320309238219,-1.7327134077546829,0.08811138925644646,2.1364509904658675,-0.6668581332829115,0.7125303552202593,-2.4102989564277997,0.27623993824503035,-0.7341508032562876,1.202187394566742,-0.7822660054712817,-0.6887914300432895,-0.5561788247210352,-0.5320939769331656,1.6778217400800963,-0.013809226859896035,-0.1984250361941845,0.5933532986197686,-0.4214479600177414,-0.30809166631168305,0.4757640103982148,-0.6441444911811066,0.49159485244432255,1.0996189537587786,-0.1521981953830026,0.17100611066514435,-0.14164684475757555,-0.3744987976509202,-0.7366172716011627,1.726164242691347,goa,south goa,1.726164242691347
0.2529889402802044,-0.7173718671388019,-0.7628172985395392,-0.4125226731813667,0.9268098033836576,1.009595141248351,-0.4357324781039315,-0.2583167276342231,-0.33952902570346216,0.07923043205858227,0.24866087168942005,-0.8862400295015832,0.3738062669690457,-2.4770261912299434,-0.06434719667145318,-0.3009271215973198,-0.20048456225359787,-0.22605562736127668,0.4346214809617887,-0.031415991106264196,-0.06268605392949911,0.9807431665602881,0.926304704284441,-0.30809166631168305,-0.618954233327454,-0.5992658491326668,0.6660546791657785,-1.2971029963497065,-0.5024605617219858,-0.8253455163111494,2.104875531569947,-0.4177000425359198,-0.5029338870439677,16.505786358060906,madhya pradesh,damoh,16.505786358060906
-0.23636692964595324,0.9789946277399284,1.2100114219609663,-0.04864654164874616,-0.09109388741154213,-1.2626033707827342,1.3977210576573909,1.675918736985081,0.22585761466104293,0.5952525916718007,0.18075030633475644,0.5033911963104606,-0.4082810767194249,1.3618639335524927,0.37512091406608017,-0.681265784317284,-0.5564626341177379,-0.5109568682926385,0.48642149175840327,0.9310871210285148,-0.12764447620199865,-1.1920087014539293,0.7027499248863672,0.6401508597056045,0.7990541520026745,-0.5087639721812882,1.3310748107277655,1.1693087196911371,-0.7269877196315913,-0.49322830731905143,-0.8539588177394728,1.2548052951547866,0.6460094203622411,7.247273677406934,tamil nadu,salem,7.247273677406934
1.1773278056962801,0.09614449007824559,0.5395075430980494,-0.5034917060645219,0.43625380781970574,0.275938568398189,0.7720186605324951,0.9759097116942851,0.441597253747498,0.5483414862524166,0.35313866454274895,1.9464697769614292,0.5204476439106337,0.3306196192695158,0.4714582403852667,1.8108171051563628,-0.46884661893568697,-0.4767777138951902,-1.2229788645292587,0.8723979068739552,-0.1706451219316815,-0.3352595152550417,0.5370110367119328,-0.18956135055952208,-1.269477079238866,-0.08285685940785945,0.4777762523079696,0.6072456074975541,0.9390037920576765,-0.25600172946755295,-0.21013838062121967,0.4524964615762188,-0.14754040636323354,10.735184126006423,odisha,ganjam,10.735184126006423
-1.364604074197928,0.41045762809392294,-0.4447577662584119,-0.04864654164874616,0.13578826053678578,0.3827817586190864,-0.9013714713131561,-0.18923688961210508,0.4044007642498332,0.05577487934889187,0.3949297816840807,-0.44529935208045396,0.06423002675902606,0.7431173449827068,0.13598017251823225,0.6806359119069604,-0.5539083495474143,-0.4670443644756161,1.5742217184869114,-0.9352298890864835,0.013916643782373036,0.9886032508373427,1.301465598446726,0.19566217563500093,-0.8029404927771465,-0.5579071005782222,0.5762337782794842,-0.28660139033051596,0.43157241518196976,-0.8253455163111494,0.40628544215157614,-0.21403703093520676,-0.420171021679961,7.360315893385982,maharashtra,yavatmal,7.360315893385982
-0.9024346414898902,-0.22741315199671655,2.2630463599187527,0.40619862276702967,1.0678446521082936,-0.09445115770092233,-0.8286153786242147,-0.15239430933364229,0.10682884826851505,-0.7182583600709341,-0.20581752722256033,0.5434767124396541,-0.22905272712415048,-0.2615142128026446,-0.3564450914573518,-0.6171376755244077,-0.49832225199323027,-0.3698393633415198,-2.1553790588679673,0.8019708498884832,-0.1909394305545879,-0.41386035802558196,0.4753407527400502,-0.2636427979046227,-0.34166065658541783,-0.02904310310543163,-1.0819982380828734,-1.7061516224744167,0.11723439410852317,-0.73045488517055,-0.4978028312485241,-1.016345864513774,-0.5126706947338509,18.470040721349623,rajasthan,sirohi,18.470040721349623
0.021904223926185587,0.39659087200499615,-1.0593863218827524,-0.1396155745319013,0.20937165987137785,-0.6072984707612297,-1.0177812196154623,-1.0412215585515607,0.8061228508246131,0.26687485373611536,0.3740342231134146,-0.7659834811140025,-0.3023734155949445,-0.061918539070455504,-0.5049326217606267,-0.1431287415339499,-0.5471374682260803,-0.480760998806171,0.5900215133515883,0.015535380217383704,-0.1093463290829847,1.1615251049325308,0.9661334293496153,-0.32290795578070314,0.44159513364327224,-0.5086962819217883,-0.3668856810266069,-0.5486955100326445,0.46300621728931457,-0.8253455163111494,0.8857261931970841,0.19328899226622004,-0.220566464037357,11.395294845999073,maharashtra,hingoli,11.395294845999073
0.5928194055067028,0.784860042494951,0.3117081483561611,-0.5034917060645219,-1.9122830209427135,1.3871077466955224,-1.759893365042664,0.35419116949522306,0.5606260201400258,0.5952525916718007,0.6038853673907385,-0.5121085456291099,0.6019150755448494,-0.26816740192705146,-0.46080757244506404,-0.2642596136982719,-0.17834742931079373,-0.16987203615720053,-0.29057867019052797,0.17399625843469463,-0.033076324955094646,1.4950172521161083,1.8346565952869607,-0.30809166631168305,-1.2550210159963902,-0.56704528561071,1.9028193913693707,-0.43355589675309664,-0.39468752592537587,-0.73045488517055,0.6117600497425081,0.19946059867836283,-0.3374081563159545,41.195368449233655,gujarat,junagadh,37.781636137288096
-0.3043330226912529,0.7201485140799583,-0.30721850905576215,-0.594460738947677,-1.2806921766541257,0.6890655705856589,-0.9304739083887326,-0.028050600893829748,0.36720427475216844,-0.01459177878018261,0.5255270227507418,-1.0332202553086263,-0.1475852954899348,-0.9068735578700561,0.32473535735164555,0.23526179303708378,-0.0582555103060577,0.7672278624164476,0.5382215025550179,-0.45984725443455,0.14474839568332293,1.3052523602843757,1.6200953989681195,-0.24882650843560253,-0.31800528037045733,-0.45535635743585984,0.34822687602966046,0.07548239353543135,-0.15668873854119492,0.7877952130790405,-0.2786299164848634,0.014312406314077862,0.5778517665330595,10.815653669724773,gujarat,bhavnagar,10.815653669724773
2.060887015285176,1.1407734487774095,0.6211714770621226,-0.594460738947677,-2.182088818502887,-1.3338321642633324,1.586886898648638,1.192359870830255,1.9368961315536224,0.4545192754136517,-0.29462365114789,1.719318518895999,-0.5223354810073269,0.6233599407433935,0.030926020741409505,-0.6884711897996296,-0.5210270037294396,-0.059624989266183065,1.729621750876689,0.009666458801927756,-0.0005555271208470963,-0.9112914058448575,-1.3927549325748911,-0.32290795578070314,-0.08539408092334642,-0.36945741813047506,-0.17342527911766512,1.152643775663834,0.03640461726106573,0.6454592663681413,-1.1005283468485914,-1.4360151005394863,-0.5954335600978573,1.6460749626322062,kerala,palakkad,1.6460749626322062
-0.3451126785184328,1.0252171480363517,-0.7198362806637111,-0.594460738947677,-0.7962681310347229,-0.7283874196782469,0.40823819708778836,0.03181859205867239,-0.07171430132027522,0.36069706457488354,0.7449303877427322,0.08917419630879365,-0.8726454370344542,1.0358576664565844,-0.8895193156545071,-0.478873950324286,-0.4766311052452445,-0.3730195666172222,0.48642149175840327,-0.6711284253909648,-0.08505969745229343,-0.0388220510918612,0.08604708516754175,-0.32290795578070314,0.3863992558083646,-0.3029855833015642,-0.37206765607773895,1.2920233075285497,0.5213832783458118,0.2658967418057439,-0.6073892886303546,-1.4421867069516292,-0.5224075024237339,10.54841517742844,himachal pradesh,una,10.54841517742844
0.5520397496795229,1.0991731805106284,-0.19116976079102674,0.1332915241175642,0.41785795798605774,-1.1700059392579563,0.9320820644481663,0.9759097116942851,0.7540477655278822,0.5248859335427263,-0.6550720364918745,-0.44529935208045396,0.1294039720663985,1.2953320423084296,-0.729158103471502,-0.6656006990649251,-0.41901779771461317,5.46663672920771,1.2634216537073344,-0.6828662682218768,-0.06917357881714946,0.9347055300804006,1.2911872177847463,-0.32290795578070314,0.45867957202074383,-0.5346893415697535,1.2758004101823537,0.970844386275074,-1.387097563885829,-0.73045488517055,1.022709264924372,-1.2323520889387731,-0.4591182524394936,3.667863274543468,karnataka,bangalore,3.667863274543468
-0.44026520878185227,0.33650159561964615,-0.8057983164153671,0.04232249123440896,0.18484386009318077,-0.5075781598883922,-0.31932272980162524,-1.3820154261273427,-1.433105816934806,0.5248859335427263,0.47328812632407735,-0.3384046424026044,0.683382507179065,-0.6873183167646483,-0.2951701536015364,-0.5970426002347548,0.025630438519330206,2.071946410355132,-0.23877865939391338,0.8019708498884832,-0.09545637195173319,0.6348994583699114,1.7562839427393602,-0.32290795578070314,0.07756517744638101,-0.4886599651098152,0.602143653535146,1.8571164095452788,-0.9964203091231167,-0.49322830731905143,1.3514686370698636,0.6376446539405036,0.660614631897066,13.574179524135813,karnataka,koppal,13.574179524135813
0.7015651543791823,0.8541938229395857,-0.17397735364069558,-0.4125226731813667,0.22163555976047683,-0.30813753814271716,0.9029796273725899,0.21603149345098707,-0.3990434088997256,0.6656192498008752,0.5725420295347398,0.04908868017960009,0.21901814686403573,0.4902961582552674,-0.40104012220654073,-0.6064096273618041,-0.4987276939885197,0.6348800089225689,0.48642149175840327,0.10356920144922324,2.8166105686433442,0.5787559992480973,1.8153846315457474,-0.32290795578070314,0.5046761368831668,-0.5248065636827667,0.5865977283817491,1.8646913841031432,-0.7584215217389356,-0.25600172946755295,0.5158718995334068,-0.5534753836030621,-0.18161923327782448,13.625680051281208,karnataka,chitradurga,13.625680051281208
2.455090354947914,0.1885895306710919,-0.1524868447027816,0.31522958988387445,1.1046363517755904,0.9241205890716335,-0.10105445173480117,1.1463066454821764,0.43415795584796546,0.10268598476827598,-0.06999639651323308,0.24951626082556794,0.610061818708271,0.27739410627426553,-0.121578520683238,-0.22430964330171096,-0.08221713222766434,0.35434753208712166,-0.3941786917837129,1.6705712193759674,-0.08115054784050409,-1.3784049857383533,1.618810601385372,0.15121330722794057,-0.12350552038078276,-0.5734758602632014,1.2429812348585159,0.048212485127117295,0.18908308463959644,1.0250217909305388,-0.4156129882121516,-0.9052569490952033,0.5389045357735271,15.027254707631316,west bengal,jalpaiguri,15.027254707631316
-0.0324686505100542,1.0760619203624169,1.5538595649675906,-0.594460738947677,0.2645592093723228,-1.4905355099206485,0.24817479317211766,1.5147324482668056,1.0516196815092005,0.5014303808330325,0.18075030633475644,2.547752518899333,-0.4897485083536406,1.3086384205572423,-0.8815917043023944,-0.6886046232344879,-0.5563815457186799,-0.5109568682926385,0.9526215889277576,0.8841357497048672,-0.1180795356625141,0.2621068898010637,1.0599236528901868,-0.32290795578070314,0.2589230617610775,-0.652064251542596,1.2153440345858093,2.0055859108794327,-0.4755173027728338,-0.49322830731905143,-0.8128638962212865,1.193089231033358,1.7900843239235087,7.986168285855427,tamil nadu,perambalur,7.986168285855427
0.2937685961073843,0.7894822945245931,1.3045696612877882,0.1332915241175642,0.4485177077088047,-1.3124635262191529,0.5537503824656711,1.4410472877098794,0.8358800424227454,0.5483414862524166,0.029257506697429644,1.7059566801862678,-0.8482052075441896,1.341904366179274,-0.5635029494795355,-0.6841212598232506,-0.5565031783172667,-0.4118887177646962,1.4706216968937045,0.19160302268106277,-0.19759330223422933,-1.8612387341859575,-0.38161923495256717,-0.32290795578070314,0.6360948936329471,-0.5063948130987914,1.868272891028488,0.9647844066287823,-0.39468752592537587,-0.1611110983269535,-0.8539588177394728,1.452296700343357,-0.1718824255879414,8.359090997453393,tamil nadu,ramanathapuram,8.359090997453393
0.8646837776879015,0.31801258750107664,0.5566999502483806,-0.2305846074150564,-1.1519212278185882,-1.469166871876469,0.9902869385993192,-0.22607946989056824,1.2078449373993931,0.689074802510569,-0.37820588543055317,1.5055290995403,-0.23719947028757202,0.7098513993606752,-0.3764503388962403,-0.3597712663698094,-0.24666440551706656,3.6932718621859677,0.9008215781311651,-0.4422404901881818,0.5413191477899528,1.8397380911240488,1.1074611634518463,-0.32290795578070314,-1.6072232840858012,-0.5266342006892643,0.8405145058872339,1.3344431650525939,-1.4409840817841344,-0.6830095696002503,-0.19644007344849093,-0.22020863734734938,1.2496914971349955,3.189672964707207,telangana,nizamabad,3.189672964707207
-0.44026520878185227,0.15623376646359557,-0.4705463769839088,-0.3215536402982116,0.38719820826331075,0.17621825752535147,-1.177844623531133,0.3219539117515679,0.16634323146477953,-0.06150288419956671,1.0740354352307184,1.1180357769580953,-0.5223354810073269,0.5036025365040802,3.452488400857796,1.0477646645759577,0.8553674818791962,-0.42033713656782495,-0.8085787781564747,1.500372498327744,-0.11866174943448272,-0.9371173970408921,1.0483604746454585,4.107162595456312,-0.45073822468773533,0.5412473331813035,-0.017966027583694075,0.3012166353598081,0.7504009794136086,1.546920262203836,0.33779390628793243,-0.8188544593252036,-0.006356694859928298,17.31669232509262,west bengal,murshidabad,17.31669232509262
-1.5820955719428869,1.0760619203624169,0.4750360162843074,-0.594460738947677,-1.2132407272640822,0.4468876727516248,-1.4106641201357457,-0.28594866284307036,0.9177123193176074,0.5717970389621103,0.765825946313398,-0.8327926746626585,-0.5549224536610131,-1.6852966854255937,-0.2512845287898967,-0.4125575331997342,-0.3345236858962911,0.4182407069898702,0.6418215241482028,-0.7239487181300684,-0.19476540677038173,1.407433455886078,1.5661339004927222,-0.32290795578070314,-1.4035242111236417,-0.4715343294563381,-0.38070428116295907,-0.0714721128871503,-0.4126496985581442,-0.9202361474517488,-0.44300960255760913,0.08837168325979201,-0.12806679098346735,15.083174436189099,gujarat,surendranagar,15.083174436189099
0.2258025030620846,-1.563243988563346,1.0122987397321574,-0.2305846074150564,-0.29344823558167255,0.6035910184089411,-0.36297638541499017,-0.6727957557669313,-0.3692862173015934,-1.117002756135694,0.5829898088200723,-0.3116809649831421,0.17013768788350633,-0.33469929317111446,-0.5355700906885343,0.36309102363129003,-0.379852100969652,0.057046710707061424,-0.23877865939391338,-0.5361432328354773,-0.21056835200953017,0.14195988728038075,-0.7773368904388133,-0.32290795578070314,-1.5073450289559684,0.2370473069887115,-0.38761358123113593,0.35272646235329,-0.7269877196315913,0.12356079509484483,-0.4156129882121516,-1.1212631735202023,-0.7414856754461042,7.800253083271951,jharkhand,jamtara,7.800253083271951
0.41610756358892353,1.2054849771924014,0.2128518072417565,-0.1396155745319013,-0.06043413768879514,0.25456993035400916,-0.042849577583647776,1.5239430933364215,1.0962554689063988,-0.2491473058770998,1.0792593248733846,0.04908868017960009,0.5693281028911632,-1.3792499857029037,-0.9509095319751742,-0.6627452235589585,-0.4434254058310383,-0.45278163463307186,-0.186978648597343,1.8877213117478377,0.6852922962581947,1.3613958194061904,1.9400099970722606,-0.32290795578070314,-1.5007740911184793,-0.6094193880576532,1.5210805626026191,0.32242656412183013,1.217417467865586,-0.73045488517055,4.241811450515639,-0.8558840977980607,-0.11832998329358413,32.45272897948237,gujarat,dang,32.45272897948237
-0.11402796216441377,-0.6249268265459555,0.8919518896798392,-0.594460738947677,0.5956845063779906,0.4183961553593855,0.2772772302476941,0.289716654007913,0.49367233904422886,-0.4367917275546362,0.5359748020360745,-0.13797706175663657,0.40639323962273183,-0.09518448469248701,-0.5392678691380097,-0.649268446638275,-0.491835180068599,-0.0651180676514873,-0.7049787565632898,0.5085247791156849,-0.177631687195305,0.5248582784911556,-0.2621330597570449,0.5364368334224635,1.4167223087266416,-0.5605470206987188,-0.6104385084298279,0.39969130461205327,-0.6641201154169016,1.404584315492937,-0.66218251732127,-1.1953224504659161,3.9662608426123875,32.02631525841018,assam,jorhat,32.02631525841018
0.5248533124614031,-0.9115064523837793,-0.9132508611049371,-0.4125226731813667,-2.0226581199446025,0.5466079836244623,2.4454087923781467,-1.856363647212553,-1.8720243930072502,0.5717970389621103,-0.2789519822198908,1.5055290995403,-0.2860799292681014,0.5767876168725492,-1.0966303791220071,-0.6505760942998858,-0.518472719159116,-0.43459986641036913,0.5382215025550179,-1.9564222153758222,-0.04946148396621172,-1.8230611819831237,-1.3297998510202609,-0.30809166631168305,1.6007085681763336,-0.6261388821541308,-0.9662674619409176,-1.8167462510192454,0.4674967604475064,-0.6355642540299506,-0.4704062169030666,-0.98548783245306,1.0646921510272158,3.036053130929791,nagaland,zunheboto,3.036053130929791
1.2724803359596994,-2.6818289797367862,-0.045034300013211556,-0.5034917060645219,-1.6792689230498365,0.9098748303755136,0.81567231614586,-1.9899180007219812,-2.1844749047876344,0.5014303808330325,-0.8170126154145344,-0.6724506101458841,-0.29422667243152295,-0.6207864255205853,-1.1057639805679536,-0.6636792576029663,-0.5434074018694174,-0.4753321669516891,0.6418215241482028,-1.7744856514966871,-0.14502771596506195,-1.2122203467377828,-1.2385792226451848,-0.32290795578070314,0.8161385903801456,-0.6348032353701191,-2.3584914256784804,-2.6560534320306872,0.5797603394023091,0.028670163954245275,-0.6073892886303546,-0.8620557042102036,6.278752668959631,2.155172413793103,nagaland,longleng,2.155172413793103
-0.6169770506996315,1.0575729122438473,1.2658867451995428,-0.04864654164874616,-0.330239935248969,-1.5261499066609476,1.033940594212684,1.9200008313298977,0.33744708315403726,0.5248859335427263,0.18075030633475644,1.6391474866376117,-0.40013433355600336,1.3086384205572423,-0.5846521139927222,-0.6665080464219612,-0.5544759683408195,-0.4627719701759351,1.315221664503949,1.3243048558640649,-0.14053635258130395,-0.294836224687335,0.6166684868422809,-0.32290795578070314,1.6874449476311881,-0.5656914804207119,1.7559967649206198,1.1935486382763052,-0.9739675933321564,-0.5881189384596509,-1.1690198827122353,1.8719659363690693,1.1133761894766314,11.202853044927704,tamil nadu,namakkal,11.202853044927704
-0.6441634879177514,1.00210588788814,-0.05792860537595984,-0.594460738947677,-1.5934216238261447,0.5466079836244623,-1.803547020656029,0.4048497173781097,0.791244255025547,0.5483414862524166,0.12328752026542548,-0.5922795778874971,-0.5060419946804837,-0.4012311844151775,-0.6967027818286244,-0.42296534111867795,-0.5484754268105356,-0.46514909181635905,1.6778217400800963,-0.418764804526358,-0.06942309900513603,1.3007608835546303,1.541722746420519,-0.30809166631168305,-0.9593288133093848,-0.4514303223848651,1.42089571161406,-0.16843178722782193,0.4046291562328168,-0.6830095696002503,-0.5388977527667107,0.5018693128733612,-0.3860921947653701,6.622821137837464,gujarat,ahmadabad,6.622821137837464
0.008311005317125456,0.6739259937835351,-0.5651046163107304,-0.2305846074150564,-0.5509901332527469,-1.3195864055672129,0.43734063416336477,0.8930139060677437,0.7689263613269484,0.5952525916718007,-1.1461176629025205,0.7706279705050844,-0.39198759039258174,0.8296088035999885,-0.10632629302592933,-0.6703242426589073,-0.5510297113808591,0.3699915623423446,0.7972215565379802,-0.19574579073903137,-0.07033800636108675,1.0492381866889022,1.1113155562000887,0.4623553860773631,0.10516311636383498,-0.29987183136456835,0.8733336812110732,1.9495310991512316,-0.26895231749599763,-0.06622046718635412,-0.018362080203016475,-1.1521212055809165,0.8796928049194364,19.069305291049105,karnataka,mysuru,19.069305291049105
1.7074633314496175,-1.027062753124837,-0.045034300013211556,0.5881366885333399,1.6442479468959372,-0.17992570987763998,0.9175308459103778,-1.2576717176875303,-1.9761745636007115,0.12614153747796636,-1.459551041462507,-0.6457269327264218,0.19457791737377111,0.8096492362267698,-1.073867316100896,-0.6310414394366376,-0.5003089177701485,1.633849316678064,-0.186978648597343,-0.9939191032410432,-0.22063233292498785,-0.5093042385326664,-1.4261596697263272,-0.32290795578070314,1.0658342282047284,-0.5695498252122067,0.8975162314496911,-0.1123769754996209,-0.5473659933039071,0.6929045819384412,-1.127924961194049,-0.6151914477244905,5.704281015256526,10.230179028132993,arunachal pradesh,west kameng,10.230179028132993
2.0472937966761156,0.8218380587320894,-0.5393160055852335,-0.3215536402982116,0.09899656086948885,-0.5431925566286914,-0.5521422264062373,0.7410382624190839,-0.7114939206801093,0.5248859335427263,-1.2035804489718511,-0.15133890046636778,-0.8237649780539248,0.5036025365040802,-0.9483379354515584,-0.5181033801726124,-0.3889745458636647,-0.35621909880719815,0.5900215133515883,0.4322288007147576,-0.1762177394633812,0.45524038918010534,1.311743979108707,-0.32290795578070314,-0.11167783227330237,-0.33155087281052587,0.774876155239558,1.3723180378419186,-0.012991357479047871,-0.49322830731905143,1.899400923979015,-1.4421867069516292,-0.6976700408416302,15.948583670554632,himachal pradesh,kullu,15.948583670554632
-1.174299013671089,-1.0640407693619756,-1.2399065969612302,1.497827017364891,0.6876637555462316,-0.30813753814271716,-0.4939373522550844,-1.4741218768235003,-1.1727303904511528,-0.3898806221352521,-1.30805824182518,0.35641097050341747,-0.7504442895831307,-0.08187810644367423,1.155839883487455,0.6907501662692159,1.9256938052438235,0.3419158283730121,0.7972215565379802,-0.4715850972654619,-0.21223181992944054,-0.7013148687292715,-0.9173798269582967,-0.29327537684266286,1.5665396914213905,0.6321553516896814,-1.3566429157928892,-0.2199416142213039,0.3058372067525915,-0.44578299174875174,0.02273284131516977,1.797906659423355,-1.023853098452715,0.38149737720553173,uttar pradesh,deoria,0.38149737720553173
-1.174299013671089,-1.447687687822288,-0.9347413700428512,-0.5034917060645219,0.2952189590950698,0.6178367771050606,-0.6394495376329671,-1.165565266991373,-0.2800146425071977,-0.01459177878018261,0.34269088525741626,-1.1000294488572824,0.15384420155666326,0.1310239455373267,0.17851792604852842,0.47480149529461946,0.5512859854121063,-0.17363045821030343,0.3310214593686038,0.8723979068739552,-0.21372894105735984,0.2138235149563037,0.34814579204804236,-0.32290795578070314,0.12093336717380826,2.6460082620714807,0.5555058780749551,-0.5971753472029804,-0.1207643932756578,-0.8253455163111494,-0.004663773030287726,1.4769831259919277,-0.6781964254618639,3.5950474197486146,uttar pradesh,jalaun,3.5950474197486146
-0.4810448646090322,0.7386375221985279,0.13978407685284908,-0.3215536402982116,0.9697334529955035,1.1591756075576076,0.8738771902970129,0.6765637469317738,0.7466084676283498,-0.03804733148987633,0.9486620838067235,0.4365820027618046,1.4654698508675357,-1.6453775506791557,-0.40987222612902874,-0.6661611194913298,-0.48279382357364414,-0.4837484624894066,-1.6373789509020205,1.2069264275549452,-0.12148964489833033,0.6843057023971081,1.0920435924588754,-0.15992877162148186,-0.9501295003369002,-0.1023516541438333,0.9165168066371762,-1.2258982355057755,-0.32732937855249444,0.4556780040869427,0.9953126505789145,-0.7879964272644896,-0.26438209864183104,25.320941954792474,madhya pradesh,mandla,25.320941954792474
-0.9024346414898902,-1.0594185173323334,-1.2742914112618926,1.497827017364891,0.27682310926142173,0.26881568905012904,-1.2069470606067094,-0.9997736557382897,-0.21306096141140177,0.07923043205858227,0.9434381941640573,0.7305424543758908,-0.7667377759099739,-0.6673587493914296,-0.6066969035020647,-0.19196537869207048,-0.3332262715113648,-0.46039484853551105,0.07202140538564143,-0.4011580402799902,-0.22029963934100574,-0.9371173970408921,0.08861668033303699,-0.32290795578070314,1.348384555216756,-0.45589787951185906,0.45704835210343986,-0.6335352250807326,-1.0862311722869589,-0.9202361474517488,-0.7306740531849139,1.3412077849247857,-0.7804329062056368,3.671782243524911,bihar,sheikhpura,3.671782243524911
-0.8888414228808302,0.09152223804860353,2.4994419582358067,0.5881366885333399,0.9819973528846025,-0.03034524356838397,-1.381561683060169,-0.3596338233999963,0.39696146635030066,0.5717970389621103,0.3740342231134146,0.12925971243798723,-0.6445366284586503,0.4902961582552674,-0.1181024315892466,-0.626051028972939,-0.46815736754369486,-0.5125630315631953,-1.7409789724952054,0.7667573213957476,-0.13953827182935774,-0.16458339952472578,-0.22358913227461832,-0.29327537684266286,-1.0657780062767068,0.0714092419924336,-0.6087111834127839,-1.3410378487853236,0.44055350149835437,-0.5881189384596509,0.48847528518794936,-0.9422865875680604,0.25166870892197457,26.044683491932147,rajasthan,dungarpur,26.044683491932147
0.5112600938523432,-0.04714532284066596,-0.002053282137383549,-0.1396155745319013,0.9268098033836576,0.7816630021104369,0.1317650448698114,0.6673531018621579,0.7168512760302175,0.03231932663919816,1.1628415591560481,0.14262155114771843,0.8463173704474963,0.6366663189922063,-0.3408824987023654,0.19261646725638618,-0.4811720555924863,-0.4680080624379502,-1.2747788753258291,1.8172942547623658,-0.06110575940558423,-1.2492750297581803,-0.4175935672694988,0.3734576492632424,-0.281208028480519,-0.11155752943582098,0.41386522667733633,-0.09419703656074464,1.1186255183853606,0.07611547952454513,-0.04575869454847397,0.5142125256976472,0.10561659357372778,17.413786996918645,odisha,sundargarh,17.413786996918645
-0.26355336686407327,0.3734796118567846,0.6211714770621226,-0.04864654164874616,-1.581157723937046,-1.6614846142740847,1.5141308059596967,0.6903797145361973,1.3194344058923875,0.7125303552202593,-2.4102989564277997,-0.3116809649831421,-0.6934170874391797,1.2620660966863981,0.5293901027603812,-0.4514133494304575,0.6659044374804347,2.5287713677668915,1.8332217724698958,-1.8331748656512465,0.12096080442860477,1.8913900735161184,-0.09639417158261072,-0.32290795578070314,-0.031512390655936515,-0.6049518309306592,3.308861955243285,1.2026386077457427,0.43157241518196976,-0.8253455163111494,-1.662158940930472,-0.7818248208523468,1.1912706509956963,0.3303461010689661,telangana,rangareddy,0.3303461010689661
-0.23636692964595324,-0.20892414387814703,-0.81009641820295,-0.1396155745319013,-0.9863585793157543,-0.4862095218442129,0.2627260117099056,-0.7096383360453943,0.49367233904422886,-0.15532509503833491,0.786721504884064,-0.5388322230485723,-0.6038029126415425,0.05783886516885775,1.9770304616460141,0.8970649432470466,3.7910513371715404,-0.30617105129664896,1.108021621317535,-0.2133525549853992,0.14566330303927363,-0.31055639324144313,-0.9071014462963163,0.19566217563500093,1.0132667255048164,5.429905564524246,-1.5760131929574923,-0.4759757542771405,2.0661301247638924,-0.9202361474517488,0.6665532784334238,1.1560595925605008,-0.006356694859928298,1.822896711929891,uttar pradesh,bulandshahar,1.822896711929891
3.1075648481827907,0.43819114027177725,-0.4748444787714915,0.31522958988387445,0.9819973528846025,0.42551903470744545,-1.1923958420689216,1.399599384896609,-0.0568357055212091,-0.10841398961895081,0.7971692841693967,1.1581212930872888,0.10496374257613389,-0.10183767381689389,-0.3726106792592551,-0.6688564748754665,-0.5084583018754666,-0.4608766975166781,-0.5495787241735124,1.881852390332382,-0.19210385809852515,-1.41882827630606,1.2153841604026405,0.12158072828990037,-0.06699545497837711,-0.2983826456555704,1.0771580332222799,0.26031177274733713,0.29685612043620685,1.1673577376414384,0.11862099152427137,-0.8126828529130609,0.15430063202314337,17.468654445436055,west bengal,dakshin dinajpur,17.468654445436055
-1.0655532647986095,1.0298394000659936,-1.072280627245501,-0.594460738947677,-1.3358797261550701,-0.9491966794681017,0.20452113755875273,0.2022155258465636,0.590383211738157,0.5717970389621103,-2.4102989564277997,-1.353904384342175,0.01534956777849654,1.0957363685762405,4.088213664218326,0.929569327978517,-0.550421548387925,-0.47735593267259063,0.7972215565379802,0.5848207575166126,-0.1204083907503886,1.215422825689473,0.07962309725380409,-0.13029619268344161,1.2393069871144384,0.11506945936987505,0.23940539995588028,-0.08359207217973393,-0.2644617743378048,1.0250217909305388,-0.40191468103942285,-0.7879964272644896,1.0452185356474495,5.249004220337412,maharashtra,pune,5.249004220337412
-0.44026520878185227,-1.2211973383698145,-1.1066654415461632,0.5881366885333399,-0.47740673391815447,0.04800642926027424,-1.5416250869758399,-1.377410103592535,-0.9793086450632958,-3.8143913177502413,-0.3573103268598875,-1.153476803696207,-0.35940061773889553,-1.2861053379612155,1.874494700947491,2.154274766481506,3.128275307471871,-0.3685223094596631,-0.3941786917837129,0.0977002800337673,-0.20449669410185733,-0.5822907353910253,-1.1049602740394393,-0.32290795578070314,-0.057796142005892746,0.9444782090222624,-1.2961865401963446,-0.7456448485371346,0.8177591267864901,-0.49322830731905143,0.02273284131516977,1.2671485079790716,-0.3081977332463052,1.7080916458790412,uttar pradesh,budaun,1.7080916458790412
-0.7800956740083507,-0.6711493468423787,-0.8229907235656985,0.04232249123440896,0.43625380781970574,0.8813833129832744,-2.0945713914117943,-1.12872268671291,0.03987516717271909,-4.283502371944076,0.18075030633475644,0.6637332608272348,0.2760453490079868,-0.7338906406354926,0.2972990827169289,0.8747815596257185,1.8733512436519553,0.5440996608706996,-0.7049787565632898,0.9369560424439703,-0.21364576766136434,-1.3997395002046429,-0.4085999841902659,-0.32290795578070314,-0.7622006781847145,0.9864461699122063,-0.7987169352876372,-0.36386613082073876,0.7234577204644561,-0.06622046718635412,0.050129455660627265,1.9521968197269255,-0.9995110792280071,3.263061760340957,uttar pradesh,kaushambi,3.263061760340957
-1.119926139234849,0.7663710343763814,-0.6725571610003004,-0.594460738947677,-0.06656608763334507,-1.7327134077546829,1.586886898648638,0.24366342865983434,0.24817550835964158,0.689074802510569,0.18075030633475644,-1.514246448858949,-0.913379152851562,0.8229556144755825,-0.702954421653277,-0.2578814955120475,-0.49945748958004066,-0.38811750136045586,0.3310214593686038,1.5062414197431995,-0.17738216700731846,-0.5800449970261525,0.6320860578352517,-0.2784590873736428,-0.24835333929307385,-0.4170436705589113,0.7817854553077341,0.4678660756328382,1.0737200868034393,-0.8253455163111494,-0.29232822365759215,0.8783373040140737,-0.488328675509143,4.838995718375516,punjab,moga,4.838995718375516
-0.3315194599093729,-0.07025658298887753,0.61687337527454,0.2242605570007193,0.9758654029400526,0.12635810208893247,-1.439766557211322,-0.11555172905517948,-1.128094603053955,-1.750302679297371,0.28522809918808534,-1.2069241585351318,-0.10685157967282696,-1.0598969077314009,-0.5452446141618621,-0.36038506017015737,-0.33099634053727284,-0.4567649195440527,-0.34237868098714247,-0.031415991106264196,-0.16665279892389662,0.43952022062599727,0.7271610789585704,-0.11547990321442149,1.9384547730232686,-0.5887061686506809,-0.5758920080889453,0.5602807652387911,-0.5653281659366755,-0.1611110983269535,-0.11425023041211807,-0.23872345658377797,0.008248516674896471,14.416381224827797,assam,darrang,14.416381224827797
0.5248533124614031,0.7802377904653083,1.356146882738782,-0.4125226731813667,0.23389945964957579,-1.1628830599098967,1.121247905439414,1.8324997031685482,1.3194344058923875,0.47797482812334213,-0.06999639651323308,1.719318518895999,-0.09055809334598375,1.202187394566742,-0.5512302267599337,-0.6831338524052996,-0.5565031783172667,-0.5591417664093419,1.2634216537073344,0.2502922368356226,-0.17679995323534983,-0.8270762171621359,-0.3456449026356357,-0.30809166631168305,0.32068987743347405,-0.5396307305132468,2.3070134453576947,1.4889726460330395,-0.6910633743660541,-0.5406736228893512,-0.9772435822940321,0.5759285898190752,0.1299586127984355,8.643367155204812,tamil nadu,nagapattinam,8.643367155204812
1.8433955175402168,-0.08874559110744706,0.26442902869275026,0.04232249123440896,-0.1033577873006411,0.41127327601132563,0.10266260779423494,0.8515660032544726,0.1812218272638446,-0.08495843690926043,1.6277677373533612,1.2115686479262135,1.4328828782138494,-0.9734054491141191,-0.5041256725066643,-0.32571905379398325,-0.11367943106212594,-0.4729871685766762,-2.7251791776305065,2.1107403255351644,-0.15218062802067647,0.2755813199902994,1.271915254043533,-0.026582166400300783,-1.1774839495140197,-0.46781136518384314,-0.11124157850407655,0.8753997068459746,1.4150013668260388,-0.01877515161605442,-0.018362080203016475,-0.3498123720023486,0.3685104012005722,30.08443193600948,odisha,rayagada,30.08443193600948
0.06268387975336524,-0.49550376971597077,2.1555938152291825,1.9526721817806671,1.6074562472286413,1.1235612108173085,-1.279703153295651,-0.4102923712828829,1.2301628310979917,0.31378595915549945,0.6874676016734013,-0.004358674659324671,0.6345020481985357,-0.22824826718061306,-0.32352865595506725,-0.26071028433104243,-0.3889745458636647,0.3564034210734342,-0.6013787349701049,0.8547911426275877,-0.10876411531101607,0.0016012394758447947,0.4457904083368568,-0.17474506109050195,-0.7030622376473135,-0.39003525701844743,0.8232412557167936,-1.2622581133835276,0.6246657709842299,-0.5881189384596509,-0.11425023041211807,-0.3683271912387774,-0.05990913715428531,23.89278263871171,rajasthan,baran,23.89278263871171
-0.8072821112264705,-1.2812866147551645,-1.0808768308206664,0.9520128200659604,-1.0660739285948968,0.5537308629725222,-1.439766557211322,-0.9813523655990584,-0.7635690059768402,-3.016902525620725,0.5150792434654088,-0.5655559004680346,-0.40013433355600336,-1.232879824965965,1.3392833913634687,0.9896143736647308,5.087654838107213,-0.33787671425743976,-0.8603787889530893,-0.30138637621723846,-0.18079227624313468,-0.165706268707162,-0.5923260385231659,-0.15992877162148186,-1.2537068284288924,2.7224305650468783,-1.0958168382192268,-0.5199106067127576,-0.030953530111815713,0.6454592663681413,-0.66218251732127,1.9275103940783542,-0.15727721405311662,4.851690283084676,uttar pradesh,shahjahanpur,4.851690283084676
-1.4461633858522875,-0.7820833955537945,-1.2356084951736472,0.5881366885333399,0.5343650069324967,-0.4007349696674948,-0.5375910078684494,-1.3820154261273427,-0.5701472605889834,-1.8441248901361393,-1.5588049446731693,-0.13797706175663657,-0.7585910327465524,-0.434497130037209,1.3582422650444719,0.5337523868149956,2.9306628789677918,-0.2689080634197316,0.6936215349447732,-0.8648028321010116,-0.16748453288385182,-0.7473525052091593,-1.3259454582720185,-0.2784590873736428,-1.264220328968875,0.24577935046419977,-2.460403601684083,-1.6985766479165514,0.6516090299333824,2.6856078358910285,-0.9498469679485746,2.273120353158353,-0.7074068485315135,0.7791051420939379,uttar pradesh,ballia,0.7791051420939379
-0.7393160181811709,-1.6140887608894114,0.6856430038758646,-0.1396155745319013,0.14805216042588387,0.3899046379671463,-0.14470810734816608,-1.335962200779264,-0.3990434088997256,-2.8058025512334983,0.6665720431027355,1.1848449705067512,-0.5467757104975915,-1.252839392339184,0.06604161465009677,1.5906252509532737,1.2094399763654757,1.3323724707945563,-0.7567787673598823,-1.005656946071955,-0.024842158751538366,-0.7552125894862134,-1.0844035127154783,0.0030504125377394248,-0.024941452818447597,0.2284506440322229,-1.6071050432642866,0.1678970831413839,-0.02646298695362387,-0.6355642540299506,-0.018362080203016475,-0.20169381811092096,-0.4931970793540846,2.2383382576775004,jharkhand,garhwa,2.2383382576775004
-0.49463808321809205,0.11925575022645717,1.3647430863139471,0.679105721416495,1.3499143495575665,0.767417243414317,-0.9450251269265211,0.29432197654272096,-0.47343638789505516,-1.7268471265876806,0.15985474776409073,-0.16470073917609895,0.3330725511519377,-0.9068735578700561,-0.42805075327872805,0.000632441182331848,-0.4098548086210715,-0.46842566488829496,-1.5337789293088135,0.10356920144922324,-0.15392726933658238,0.3541821627608399,0.7207370910448327,-0.05621474533834103,0.9672701606423931,0.0796674536514225,-1.2150022643952707,0.86782473228811,-0.722497176473399,-0.3034470450378526,0.009034534142441387,1.5819004349983559,-0.46885506012937667,21.162099258721128,assam,goalpara,21.162099258721128
0.8646837776879015,0.5999699613092583,0.42775689662089655,-0.2305846074150564,1.4418935987258075,0.6819426912375989,0.015355296567505103,0.7963021328367784,0.5457474243409598,0.43106372270395804,0.18075030633475644,0.6370095834077725,0.8870510862646042,0.5302152930017049,-0.6452619837820852,-0.08062852064634426,-0.5478267196180725,-0.471766484491053,-1.378378896919036,1.705784747868703,-0.10876411531101607,-1.0988105593117174,0.38540492194772147,-0.23401021896658242,0.024997674746469124,-0.36837437397847655,0.8284232307679265,0.9299395236626027,1.3206999605040044,1.879037471195934,-0.03206038737574522,-0.3868420104752058,1.0500869394923908,18.98844250501984,odisha,sambalpur,18.98844250501984
-1.1878922322801486,-0.3845697210045552,-0.9863185914938449,1.1339508858322707,1.5706645475613443,0.005269153171915173,-1.6143811796647811,-0.5070041445138481,0.6424582970348879,-1.9144915482652138,1.000900980233388,-0.5521940617583034,-0.6526833716220719,-0.4877226430324592,-1.0033523659085017,-0.4572310471902773,-0.41832854632262106,-0.39592345485536184,-1.585578940105406,-0.3189931404636066,1.44716060357714,-0.7361238133847966,-0.6578507152432909,-0.30809166631168305,-1.4928889657134925,-0.5781464881686951,0.925153431722397,-0.19267170581298984,-0.7674026080553198,-0.25600172946755295,-0.16904345910303306,-0.6954223310823472,0.22732668969726683,5.322020825298882,jammu and kashmir,kishtwar,5.322020825298882
1.2045142429143998,-0.4631480055084744,0.6340657824248712,-0.594460738947677,0.24616335953867477,0.9811036238561119,-0.2320154185748954,-0.48397753183980885,-0.5106328773927199,0.008863773929507775,-0.21104141686522684,-0.3384046424026044,0.7322629661595945,-0.03530578257283086,-0.493076675029335,0.11744007005724647,0.028549620885414267,-0.39451003117727185,-0.7567787673598823,-0.9000163605937475,-0.154509483108551,-0.1174228938624017,0.03337038427489236,-0.21919392949756233,1.3733541189992138,-0.48466623979932055,-1.2685493399236387,0.5769457092660938,-1.0682689996541905,0.6454592663681413,-0.11425023041211807,0.6438162603526462,-0.7560908869809291,10.745479619981612,assam,karbi anglong,10.745479619981612
0.6607854985520024,-1.6418222730672651,0.23004421439208794,-0.04864654164874616,-1.2622963268204772,0.26881568905012904,0.45189185270115323,-0.746480916323857,-0.25769674880859905,0.07923043205858227,0.9120948563080585,-0.17806257788583013,-0.20461249763388573,0.12437075641292078,0.3444391072670758,0.7773751521791937,-0.2901683316116249,-0.43903287703710586,1.41882168609709,-0.8765406749319237,-0.02467581195954734,0.029672969036752084,-0.7233753919634162,-0.2043776400285422,0.18795693311619657,0.40789752196648227,-1.413644641355345,0.1785020475223953,-1.521813858631592,-0.20855641389725318,-1.0183385038122186,-0.7509667887916328,-0.4347762332147858,4.948811634048403,jharkhand,bokaro,4.948811634048403
-0.3587058971274927,-1.8452013623715273,0.5609980520359634,-0.3215536402982116,-0.9127751799811618,0.25456993035400916,-0.07195201465922474,-1.1978025247350281,-1.0239444324604936,-0.10841398961895081,0.551646470964074,0.9576937124413211,-0.5793626831512778,-0.8603012339992118,0.6063783821329123,1.9112657949176555,-0.03036110103014325,-0.4776450420612908,0.7972215565379802,-1.3225787025065774,-0.18944230942666856,1.0469924483240296,-0.33408172439090783,-0.2784590873736428,-0.8620789333145474,0.14004716512534154,-1.582922493025669,0.3178815793871114,-1.521813858631592,-0.9202361474517488,2.6802044328245564,-0.3744987976509202,-0.006356694859928039,2.6789228444828157,jharkhand,giridih,2.6789228444828157
-1.2694515439345082,-0.0795010870481623,-1.5106870095789464,3.77205283944377,1.7914147455651233,-0.25115450335823825,-0.6540007561707556,-1.3820154261273427,1.7732315777638972,0.6656192498008752,0.8911992977373928,-0.7659834811140025,-0.668976857948915,-0.14840999768773724,-0.8585094086093861,-0.48287695337003356,-0.5208648269313239,-0.29524914105686284,0.7972215565379802,-1.8742573155594384,-0.22063233292498785,-0.7686870196754488,-0.13365330148228982,-0.32290795578070314,-1.7898953559679958,-0.029381554402931238,1.0132470075916473,-3.418095872551906,0.9973808531141738,-0.8727908318814491,0.02273284131516977,-0.3930136168873486,-0.9167482138640006,9.256225425950195,jammu and kashmir,kulgam,9.256225425950195
-1.174299013671089,0.5491251889831925,-0.4920368859218228,-0.1396155745319013,-1.1703170776522362,-0.47908664249615296,0.6119552566168245,0.3956390723084938,1.4533417680839804,0.6421636970911848,0.6561242638174029,-1.0733057714378198,-0.7911780054002385,1.2154937728155548,-0.28327873657336733,0.1210427727984193,-0.5289331226375839,-0.4710918959174192,-1.481978918512221,1.7527361191923507,-0.016524819151986576,-0.6990691303643988,1.7755559064805733,-0.32290795578070314,0.603240204445502,-0.3976842563419372,-0.3617037059754748,0.47089606545598406,-0.5922714248858284,0.7877952130790405,-0.18274176627576216,-0.12763454116520698,-0.46398665628443514,22.87334979289518,haryana,hisar,22.87334979289518
0.40251434497986366,-0.22741315199671655,1.657014007869578,0.8610437871828054,1.2211434007220285,1.216158642342086,0.044457733643081546,0.11010907515040626,-0.48831498369412124,-0.5306139383934011,-1.0155204218358593,0.07581235759906248,0.49600741442036916,0.09775799991529519,-0.9919752681850558,-0.6678690674575154,-0.3933938636123197,-0.4722804567376312,0.020221394589048963,-0.7239487181300684,-0.21946790538105057,-0.5081813693502302,0.45478399141608944,-0.32290795578070314,0.049967238528927344,-0.60434261859516,-0.8004442603046813,-0.2063066600171467,-0.36325372381803106,-0.44578299174875174,-0.08685361606666021,-0.343640765590206,-0.45911825243949356,28.705681332763778,meghalaya,west garo hills,28.705681332763778
0.769531247424482,0.8033490506135199,-0.48344068234665705,-0.4125226731813667,0.8961500536609106,0.9953493825522317,0.3936869785500004,-0.645163820558084,0.5234295306423611,0.6656192498008752,0.5255270227507418,-1.1000294488572824,2.948177106610261,0.2241685932790153,-0.9966839500955388,-0.6383002182929265,-0.5421099874844912,-0.470096074689674,-0.08337862700415806,0.3970152722220216,-0.08314670934439651,-1.434548444860168,-1.4120268963161042,-0.30809166631168305,0.9055033449699966,-0.5946629114866729,0.07185487330260035,-0.9032043193407266,-1.5173233154734,0.21845142623544406,2.0500823028790323,0.3722655782183617,0.1445638243332603,16.33267693733349,tripura,west tripura,16.33267693733349
0.08987031697148526,0.5814809531906888,1.0767702665458998,-0.594460738947677,0.4485177077088047,-1.1984974566501958,0.3791357600122119,1.044989549716403,0.2853719978573064,0.5248859335427263,0.18075030633475644,0.5702003898591165,-0.3268136450852092,1.3951298791745241,-0.1873847889651491,-0.6838277062665624,-0.5565031783172667,-0.5591417664093419,1.5742217184869114,-0.34833774754088664,-0.1568383381964255,3.138897735202835,0.2761971274141797,-0.32290795578070314,1.6059653184463245,-0.3092807774350558,0.8543331060235883,0.9859943353908044,-1.1670609491344164,-0.49322830731905143,-1.2101148042304217,0.05134204478693519,0.6557462280521245,4.198859593742797,tamil nadu,cuddalore,4.198859593742797
0.9598363079513209,0.7709932864060242,-0.874567945016692,-0.1396155745319013,-0.2137328863025301,-1.3694465610036315,0.9902869385993192,0.2666900413338737,0.3597649768526359,0.6187081443814911,-0.6446242572065419,-1.1935623198254006,-0.8726454370344542,1.0092449099589589,-0.6392497684613555,-0.09738776006454081,-0.5550435871342247,-0.5029581752052658,-0.3941786917837129,-0.17227010507720758,-0.17413840456349325,1.4871571678390547,1.6123866134716347,-0.30809166631168305,1.3194724287318043,-0.36553138307948035,0.17722169934229173,0.4421111621360974,0.6695712025661508,0.17100611066514435,-1.1553215755395065,-0.18317899887449257,-0.5370127139585587,15.506922733363108,haryana,ambala,15.506922733363108
0.9462430893422613,0.687792749872462,-1.330166734500469,0.40619862276702967,1.7852827956205732,0.41127327601132563,-1.483420212824687,-0.5254254346530796,0.6796547865325527,0.689074802510569,-0.6602959261345411,-0.8194308359529273,-0.5304822241707484,-0.5542545342765223,-0.9983687891972183,-0.6294402382183386,-0.5360689017546784,-0.3741438809066119,-0.44597870258032746,-1.5397287948784482,-0.2152676488832769,-1.4783403429751831,-1.2617055791346405,-0.32290795578070314,-1.5796253451683473,-0.5432860045262419,2.4590180468575773,-3.424155852198198,0.5707792530859245,-0.9202361474517488,-1.0046401966394898,0.08220007684764888,-0.7171436562213965,16.705744431418523,jammu and kashmir,shopian,16.705744431418523
-0.7665024553992907,-1.461554443911215,-1.2528009023239786,-0.3215536402982116,-0.5816498829754939,0.4326419140555049,-0.2756690741882603,-1.5247804247063865,-3.374762568712907,-1.0700916507163099,1.486722717001367,1.452081744701375,-0.43272130620968957,-1.7717881440428753,2.0592860801048483,5.129360003455056,0.6796489211207473,-0.4789620959431474,-0.08337862700415806,0.009666458801927756,-0.11832905585050064,-0.12865158568676469,0.1400085836429392,-0.07103103480736113,-1.0986326954641519,0.42854305111395463,0.21004087466612967,-0.3062963241809648,-1.4005691933604054,-0.25600172946755295,0.6391566640879656,0.3414075461576477,-0.5759599447180912,9.699713492115565,bihar,purnia,9.699713492115565
-0.6441634879177514,-0.481637013627044,-0.9132508611049371,-0.1396155745319013,1.1782197511101835,1.1520527282095476,-0.5230397893306609,0.3219539117515679,0.14402533776617982,0.21996374831673457,-0.08566806544123226,-0.5388322230485723,0.01534956777849654,-1.5056605790666233,-0.3915961556629165,-0.626664822773287,-0.3497277607196456,-0.40899762387769406,-1.585578940105406,0.5965586003475245,-0.08189910840446374,0.9279683149857827,1.1819794232512044,0.06231557041381988,-0.76482905331971,-0.48480162031832036,1.2049800844835443,-0.8744194160208396,-0.964986507015772,0.7877952130790405,1.7350212379062695,-0.7879964272644896,-0.08425115637899316,38.42439790726835,madhya pradesh,katni,37.781636137288096
-0.27714658547313314,0.8680605790285125,-0.4791425805590744,-0.5034917060645219,-0.9740946794266558,-0.471963763148093,0.059008952180870024,0.3449805244256072,1.2896772142942552,0.7125303552202593,0.41582534025474643,-0.45866119079018514,-0.7911780054002385,1.1556150706958976,-0.6015537104548329,-0.17016235543623195,-0.4870509645241834,-0.27192765036837835,-1.585578940105406,0.9604317281057948,-0.05353698036999209,0.6618483187483827,0.9057479429604802,-0.32290795578070314,-0.48490710144267823,-0.3079946625045575,-0.4515246068617689,0.5466458110346336,0.2250074299051331,-0.2560017294675528,-0.716975746012185,-0.6275346605487762,-0.2789873101766558,15.675513712131963,haryana,bhiwani,15.675513712131963
-0.6441634879177514,0.026810709633610843,1.0982607754838138,-0.594460738947677,0.2522953094832238,-1.3124635262191529,0.6992625678435538,1.3443355144789144,0.575504615939092,0.6187081443814911,-2.4102989564277997,0.6236477446980413,-0.42457456304626806,0.5036025365040802,0.7753145385860439,-0.13891224499242916,-0.21925652663549958,-0.4687790208078174,0.07202140538564143,-0.8941474391782915,-0.1669023191118832,0.5664044382412978,-0.041147875524465825,2.210677543421737,-0.3810862836103519,-0.5104562286687859,1.0287929327450442,1.2117285772151807,-0.6102335975185967,1.3571389999226369,-0.2512333021394059,-0.9299433747437744,-0.2789873101766557,19.236174297460426,andhra pradesh,vishakapatnam,19.236174297460426
-0.26355336686407327,0.30414583141214985,2.065333677689944,-0.5034917060645219,1.0187890525518986,-0.22978586531405898,-1.8326494577316053,-0.7372702712542414,0.657336892833954,-0.202236200457719,0.01358583776943009,-0.6858124488556153,-0.6608301147854935,0.8029960471023638,0.7485521995919989,0.05803550485835226,-0.42903221499826266,-0.4799900404363038,-1.3265788861224437,0.28550576532835825,-0.16615375854792352,-0.11517715549752902,-0.13879249181327974,-0.29327537684266286,-0.08013733065335522,0.19623008051026625,-0.7140780094524752,-1.3667927622820646,0.32379937938535935,-0.8727908318814491,-0.8265622033940153,-1.0410322901623457,-0.2887241178665389,8.650269419196198,rajasthan,bikaner,8.650269419196198
1.0413956196056808,0.40583537606428094,1.4378108167028547,-0.1396155745319013,0.9084139535500095,-0.19417146857375983,1.2376576537417197,0.31274326668195235,-0.22050025931093428,0.6187081443814911,-0.6080570297078767,0.3163254543742239,-0.5875094263146994,1.0957363685762405,-0.9388230283141791,-0.37548972499611155,-0.2891141824238723,-0.3516254718534058,0.8490215673345727,-1.3401854667529451,7.249336708224479,-0.31167926242387933,-1.3516414099269694,-0.23401021896658242,0.7491150244377581,-0.61923447568514,0.7817854553077341,1.17082371460271,-1.3511732186202923,-0.44578299174875174,-0.26493160931213466,1.4954979452283566,-0.9313534253988254,10.158695294053045,uttarakhand,pithoragarh,10.158695294053045
-0.0324686505100542,-0.9762179807987716,-1.0164053040069245,-0.594460738947677,0.14805216042588387,0.7887858814584964,2.0379746733200745,0.6949850370710051,0.858197936121344,0.5717970389621103,-0.3468625475745545,0.2896017769547615,2.1579430197583687,1.0957363685762405,-0.8627126387893652,-0.18190449770375824,-0.5466103936322041,-0.506074131950146,1.00442159972435,-0.4481094116036381,0.03229796429738254,-1.3379816951706471,-1.3966093253231335,0.017866702006759567,0.4087404444558271,-0.5568240564262237,0.4363204518989101,0.5693707347082286,-1.3915881070440212,0.4556780040869427,2.2692552176426926,-0.34981237200234894,-0.05017232946440221,0.8648167823873885,manipur,imphal west,0.8648167823873885
-1.119926139234849,0.3688573598271425,-0.22125647330410617,-0.4125226731813667,1.1291641515537876,0.39702751731520575,-0.6685519747085436,-0.15239430933364229,0.7540477655278822,0.38415261728457395,-0.19014585829456115,-1.1267531262767447,-0.2534929566144151,-1.831666846162532,-0.3577663600160373,-0.4884277842601369,-0.41305780038385825,-0.3875392825830554,-0.8603787889530893,0.5261315433620528,-0.16374173006405351,0.48555785710588534,0.8993239550467426,-0.32290795578070314,-0.2325830884831003,0.0008083013340283312,0.6038709785521901,-1.4910223450310507,1.1545498636508973,0.6454592663681413,2.5021264395790817,-0.8620557042102036,-0.26925050248677257,31.547619047619047,madhya pradesh,ashok nagar,31.547619047619047
-0.8480617670536503,0.9928613838288552,-0.2599393893923516,-0.4125226731813667,1.5522686977276963,1.4369679021319408,-1.0468836566910389,1.150911968016984,0.9623481067148048,-0.2726028585867935,-0.3573103268598875,0.3831346479228798,1.2210675559648885,0.18424945853257788,-0.6111572933344056,-0.24242990375546178,-0.4431821406338646,-0.4648599824276589,-1.2229788645292146,2.550909431694362,-0.1503508133087751,1.2996380143721946,1.5892602569821785,-0.11547990321442149,-0.3758295333403607,-0.5267018909487642,0.44150242695004216,-0.3850760595827608,-0.11627385011746595,0.028670163954245275,0.4336820564970337,0.4648396744005041,0.7336406895711894,24.061540882977884,maharashtra,gadchiroli,24.061540882977884
0.21220928445302448,0.6323257255167547,0.16557268757834592,-0.3215536402982116,0.3320106587623658,0.24744705100594974,0.10266260779423494,1.192359870830255,0.9995445962124695,0.5952525916718007,1.4240360412893702,0.06245051888933128,0.6996759935059084,1.0225512882077716,-0.09358358887270114,0.18559786858284197,-0.5143372108071635,-0.4468709537974229,-0.23877865939391338,0.4791801720384052,-0.08264766896842343,0.15768005583448885,0.4624927769125746,-0.32290795578070314,0.10779149149883042,2.128990060011174,0.9787005072507646,0.6239105515248574,-1.0278541112304613,0.5031233196572423,-0.42931129538488033,-0.09677650910449295,0.4561416704095203,8.692547059123603,odisha,khordha,8.692547059123603
-0.18199405520971346,0.6323257255167547,1.7859570614970621,0.1332915241175642,0.7735110547699227,0.14060386078505233,-0.6103471005573907,-0.3918710811436515,1.2152842352989255,0.5717970389621103,0.17552641669208993,-0.5121085456291099,-0.18831901130704265,0.3439259975183286,0.21506119940653345,-0.4944056021417866,-0.4815369533882468,-0.31651474275903463,-0.6013787349701049,0.6611167359175402,-0.18727980113078507,-0.1331430624165098,-0.411169579355761,-0.24882650843560253,0.4534228217507523,0.11974008727536878,0.09085544849008535,-1.5531371364055433,0.7010050046734955,-0.01877515161605442,-0.7443723603576426,-0.6398778733730618,1.196139054840638,23.80505756982966,rajasthan,kota,23.80505756982966
0.3889211263708037,1.2609520015481095,0.05382204110119305,-0.3215536402982116,-1.2561643768759279,-0.6357899881534694,0.7138137863813423,1.4134153525010325,1.2376021289975243,0.38415261728457395,1.2986626898653753,-0.13797706175663657,-0.5060419946804837,0.45037702350882997,-0.2531378518017441,-0.19738277614731556,-0.39890787474825623,-0.03755630592873292,-0.23877865939391338,1.41820759851136,-0.11084345021090403,1.2536003778923066,1.8166694291284948,-0.29327537684266286,-0.5966130446799915,-0.35998078180048776,0.32749897582513066,0.2587967778357639,0.2250074299051331,-0.3034470450378526,1.8172110809426425,-0.8558840977980607,-0.25951369479688946,9.608962619842723,gujarat,valsad,9.608962619842723
-0.6985363623539911,1.011350391947424,-1.6009471471181853,-0.594460738947677,1.8282064452324194,2.0851499228053854,1.1357991239772025,1.744998575007199,0.2109790188619768,-0.8824472290387768,-2.4102989564277997,-0.9263255456307768,2.874856418139466,1.4550085812941813,-1.091655669984943,-0.6513233215350921,-0.5279600618488892,-0.03909822266846745,-0.9121787997496597,1.0660723135840018,0.16055134092247136,-0.48235537815419527,0.19011568937009363,-0.32290795578070314,0.6176962676879778,-0.6335171204396209,0.31368037568877777,-0.6895900368089336,0.26093177517067023,0.3607873729463433,-1.333399568784981,0.24266184356336248,0.027722132054662785,14.300847457627118,andaman and nicobar islands,north and middle andaman,14.300847457627118
-0.4130787715637325,0.7525042782874546,1.0080006379445747,-0.3215536402982116,0.3381426087069157,0.22607841296176998,0.9466332829859543,0.6351158441185031,-0.14610728031560474,0.14959709018765674,0.41582534025474643,-0.4319375133707228,0.4878606712569475,-0.8270352883771803,-0.7237400156234696,-0.6701107491631341,-0.27099092523443374,-0.0803766187217767,-2.0517790372747604,-0.17227010507720758,-0.11558433378264855,0.8976508470600032,0.7425786499515413,-0.04139845586932093,-1.3049601435613065,-0.6156468919316449,-0.7779890350831079,0.27849171168621306,-0.3408010080270709,0.4556780040869427,1.091200800788016,0.0945432896719345,-0.28385571402159737,22.009249456733716,chhattisgarh,korea,22.009249456733716
-0.0732483063372341,1.0298394000659936,-0.6725571610003004,-0.2305846074150564,0.08060071103584084,-0.42210360771167454,-0.36297638541499017,0.0502398821979038,0.8135621487241457,0.7125303552202593,0.8650798495240607,-0.5655559004680346,-0.7341508032562876,1.202187394566742,-0.4773189956415226,0.11124875867982348,-0.2503539276742006,0.4820696353617968,0.9526215889277576,-0.49506078292728567,-0.12814351657797177,0.5001551564775573,0.9121719308742181,-0.32290795578070314,0.24578118608609964,-0.2616945250066196,-0.10433227843590044,0.4072662791699178,0.844702385735643,1.546920262203836,-1.1964164970576927,0.026655619138363472,-0.26925050248677257,18.415705348714418,haryana,jind,18.415705348714418
-0.8480617670536503,1.0945509284809862,-0.4017767483825839,-0.5034917060645219,1.7730188957314743,1.3871077466955224,-0.7413080673974849,0.8561713257892808,0.8953944256190088,0.43106372270395804,0.9695576423773895,-0.2047862553052925,0.6670890208522219,0.995938531710146,-0.673744632174687,-0.6740603788349383,-0.5531380097563643,-0.46861840448076175,0.020221394589048963,1.6470955337141429,-0.1421166471052188,1.4006962407914605,1.902750867172581,-0.04139845586932093,-0.3600592825303871,-0.6205205906156384,0.44495707698413095,-0.2366065582486069,-0.2330279722304605,0.12356079509484483,-0.004663773030287726,0.16243096020550568,0.14943222817820184,16.231016211318376,maharashtra,bhandara,16.231016211318376
0.32095503332550407,0.012943953544684026,1.558157666755173,-0.594460738947677,-0.7962681310347229,-1.4193067164400504,-0.21746420003710745,0.9989363243683245,0.5978225096376907,0.689074802510569,-2.4102989564277997,1.6124238092181493,-0.35940061773889553,-0.008693026075205272,0.0722577841778719,-0.3548876026539973,-0.41727439713486847,2.0436779367933324,1.00442159972435,-1.5045152663857124,-0.1585849795123314,0.19810334640219535,-0.17091243138196838,-0.2636427979046227,-0.8173965560196221,-0.5739496920797008,0.11676532374574793,1.376863022576638,-1.1176649743943032,0.12356079509484483,-0.12794853758484645,-0.8682273106223464,-0.09398796406887626,9.205540091887723,andhra pradesh,srikakulam,9.205540091887723
-1.174299013671089,-1.637200021037623,-0.9691261843435136,0.2242605570007193,-0.03590633791059807,1.3942306260435817,-0.9304739083887326,-1.2945142979659934,-1.142973198853021,-4.72915787342822,0.1494069684787577,0.20943074469637438,0.7567031956498593,-0.5143353995300839,1.0244490362791168,1.6292408870012522,1.4765046186626383,-0.3552554008448641,0.48642149175840327,0.4557044863765814,-0.1739720577715022,-0.17918069889639765,-0.29039860657749095,-0.2043776400285422,-0.14716089659574297,2.509138557362664,-0.5223449325605776,-0.8168496093810658,-0.839251298586393,-0.5406736228893512,-0.2512333021394059,1.3535509977490714,-1.023853098452715,0.5463370899845206,uttar pradesh,fatehpur,0.5463370899845206
-0.5626041762633918,-1.3922206634665801,-1.1410502558468256,1.8617031488975122,-0.6920249819773834,0.6107138977570006,-1.5125226499002635,-1.3543834909184955,-0.5180721752922525,0.4545192754136517,0.8128409530973962,0.3831346479228798,-0.7097105737660229,-0.913526746994462,1.0965512822567773,2.505231386845683,0.24456911597563497,-0.4605233415971556,0.2792214485720334,0.6082964431784367,-0.20541160145780804,-0.7844071882295569,-0.6874010596464848,-0.30809166631168305,2.073816092475542,0.6454903328111636,0.49850415251249863,-0.6820150622510687,1.9583570889672823,-0.8727908318814491,0.11862099152427137,1.4029238490462141,-0.7658276946708121,3.900353885767196,bihar,nalanda,3.900353885767196
-0.6033838320905716,-1.2258195903994566,-0.745624891389208,-0.1396155745319013,0.6079484062670887,1.0452095379886504,-1.177844623531133,-0.20765817975133682,-0.22793955721046788,0.19650819560704086,0.18075030633475644,-0.07116786820798063,-0.42457456304626806,-1.25949258146359,0.5014217736725027,-0.5406002572897137,-0.2087555789575027,-0.4177351520695229,-0.7567787673598823,0.8195776141348514,-0.110677103418913,-0.2038838209099958,0.30060828148638313,0.4623553860773631,-0.48227872630768276,-0.3140867858595493,0.588325053398793,-1.6001019786643065,-0.5294038206711388,0.6929045819384412,2.4336349037154377,-0.4670728938330626,0.07153776665913683,30.738119312436805,madhya pradesh,satna,30.738119312436805
0.361734689152684,1.1500179528366936,-0.6080856341865584,-0.594460738947677,-1.0415461288166987,-1.974891305588717,1.1357991239772025,0.9805150342290927,-0.7338118143787086,0.6421636970911848,0.18075030633475644,-1.353904384342175,-0.8970856665247189,1.1689214489447104,0.5823827262953093,-0.4481308869329445,-0.31376505573747104,-0.46829717182665037,0.07202140538564143,-0.5713567613282133,-0.11441990623871129,0.03753305331380614,0.35071538721353784,-0.11547990321442149,0.7688278379502251,0.4770092769158895,0.5295960028192933,0.5314958619189039,0.584250882560501,0.21845142623544406,-0.8539588177394728,1.6065868606469276,-0.2887241178665389,5.940879407353066,punjab,ludhiana,5.940879407353066
-1.2014854508892086,1.2979300177852477,0.358987268019572,-0.594460738947677,-1.2071087773195328,0.8885061923313343,-1.8763031133449701,1.28907164406122,1.6542028113713703,0.6187081443814911,-2.4102989564277997,-0.4720230294999163,-0.5304822241707484,-0.28812696930027015,-0.29078957193716987,-0.09170349573957923,-0.5062283709013746,-0.47523579715545566,1.1598216321141495,-0.2837796119708709,-0.043472999454534415,0.9706373439183617,1.314313574274202,-0.2784590873736428,-1.6519056613807266,-0.4468950749983712,1.6212654135911786,-0.2290315836907417,-0.35427263750164695,-0.5406736228893512,2.378841675024523,0.22414702432693406,-0.2789873101766557,14.330569197327108,gujarat,amreli,14.330569197327108
-0.8344685484445904,0.3549906037382157,0.5781904591862945,-0.594460738947677,0.9636015030509545,0.8956290716793938,0.29182844878548203,0.5982732638400399,-0.8528405807712354,0.008863773929507775,0.40015367132674684,-0.15133890046636778,0.4226867259495749,-1.4590882551957791,-0.642903209039734,-0.607103481223067,-0.3284015117674204,-0.39563434546666165,-1.2747788753258291,0.18573410126560683,0.01441568415834615,0.8055755741002275,0.6821931635624062,-0.10066361374540138,-0.6360386717049256,-0.42333886469240284,0.37931872633645436,-1.4046676350713896,-1.3017772438801791,2.2111546801880313,0.2556040632515592,-0.448558074596634,0.17377424740290984,38.091081948817056,madhya pradesh,anuppur,37.781636137288096
-0.19558727381877358,-1.6464445250969075,0.8102879557157661,0.2242605570007193,-0.06043413768879514,1.1378069695134283,-1.483420212824687,0.08247713994155899,-0.027078513923077915,-0.9528138871678513,-0.6341764779212089,-0.3651283198220668,0.3819530101324671,-0.47441626478364646,-0.728430962385514,0.04301090009331288,-0.4885916441062833,-0.3512078694030611,-0.44597870258032746,-0.4833229400963738,-0.20075389128205903,-0.01748753662557198,-0.4933966246516042,-0.30809166631168305,-1.1446292603265749,-0.033646040751425514,-0.9472668867534318,-0.012387311335802799,-1.2074758375581454,-0.39833767617845195,-0.7854672818758289,-0.8929137362709176,-0.7171436562213965,10.22508038585209,jharkhand,khunti,10.22508038585209
0.21220928445302448,0.7571265303170966,-1.201223680872985,-0.4125226731813667,-1.3113519263768727,-0.04459100226450333,0.7865698790702836,0.6305105215836951,0.43415795584796546,0.21996374831673457,-0.9058187393398639,0.39649648663261106,1.4654698508675357,0.6034003733701747,0.15083335933566927,-0.6889515501651193,-0.5562193689205641,-0.4756212763403893,0.5382215025550179,0.10356920144922324,-0.15708785838441205,1.276057761541032,0.38540492194772147,-0.24882650843560253,1.7045293860086597,-0.11947728979731036,-1.1148174134067117,-0.13055691443849685,-0.6596295722587093,-0.3508923606081522,0.20081083456064422,-0.7941680336766324,-0.1718824255879414,7.500396546645216,maharashtra,satara,7.500396546645216
-0.3315194599093729,0.3549906037382157,0.04952393931361018,-0.4125226731813667,0.8777542038272625,0.9027519510274536,-1.6725860538159343,-0.22607946989056824,0.9697874046143383,0.6421636970911848,-0.4931314575692147,-1.434075416600562,-0.481601765190219,-0.4544566974104277,-0.01884767335188889,-0.171763556654531,-0.24565080052884297,-0.38198195766692894,-0.3941786917837129,1.159975056231297,-0.07882169275262957,0.9212310998911654,0.9327286921981789,-0.21919392949756233,-0.3101201549654704,-0.3382522085010169,1.1307051087506477,-1.1349985408113954,-0.012991357479047871,-0.6830095696002503,1.0090109577516435,-0.343640765590206,0.013116920519838147,17.91929715067572,madhya pradesh,tikamgarh,17.91929715067572
0.565632968288583,-0.4446589973899052,0.16987078936592848,-0.5034917060645219,0.2952189590950698,1.6364085238776163,0.10266260779423494,0.10550375261559833,-0.07171430132027522,-1.375013835942305,1.491946606644034,1.2783778414748697,1.9053939816923,0.09775799991529519,-0.1946916701219062,-0.01847522668937007,-0.379811556770123,-0.4648599824276589,-1.6373789509020205,1.7468671977768944,-0.13479738825761323,-0.0073817139836452415,0.35585457754452804,-0.05621474533834103,-0.6780926738648551,-0.33046782865852736,0.23940539995588028,0.43150619775508636,1.2353796404983548,-0.39833767617845195,0.5295702067061352,0.9523965809597874,-0.05504073330934389,18.925789449134754,odisha,keonjhar,18.925789449134754
-0.6441634879177514,-0.8883951922355676,-0.8831641485918575,-0.2305846074150564,-2.120769319057393,-0.3366290555349564,-0.013747140508071338,-1.1056960740388706,-0.22050025931093428,-0.202236200457719,0.04492917562542883,0.5301148737299229,-0.6445366284586503,-0.0752249173192683,1.6714449864724605,1.116322763406128,2.931149409362139,-0.3394828775279966,0.7972215565379802,-0.11944981233810373,2.90186329953875,-1.0864589983049187,-1.3143822800272902,-0.026582166400300783,-1.3995816484211485,3.5458825718632734,-2.5174053272465393,0.023972566541949063,1.3656053920859257,-0.6355642540299504,-0.6210875958030834,-0.16466417963806415,-0.2156980601924153,3.243588962660657,uttar pradesh,bijnor,3.243588962660657
-0.0732483063372341,1.2147294812516862,-0.8358850289284468,-0.4125226731813667,0.9697334529955035,-1.5475185447051272,0.2627260117099056,1.0910427750644818,0.8135621487241457,0.5952525916718007,0.18075030633475644,-1.1133912875670136,-0.8644986938710326,1.202187394566742,-0.7898477814288392,-0.35715597104658764,-0.529622374029576,-0.35265341634656217,-0.08337862700415806,-0.013809226859896035,-0.15742055196839413,1.0447467099591572,1.3502879065911335,-0.30809166631168305,1.5862525049338574,-0.18121080646122756,0.892334256398559,0.30727661500610004,1.0467768278542873,0.2658967418057439,-1.319701261612252,-0.49793092589377663,-0.4153026178350195,5.512134923899629,haryana,panchkula,5.512134923899629
1.3948193034412388,-2.4183606140471743,-0.204064066153775,-0.04864654164874616,0.5956845063779906,1.280264556474625,1.0630430312882606,-1.5293857472411945,-1.276880561044614,0.5952525916718007,-1.2401476764705164,-1.6745885133757235,0.7974369114669672,0.8894875057196455,-1.1080606822907693,-0.6710714698941135,-0.5440966532614094,-0.01243591237722482,-0.6013787349701049,-1.5162531092166245,-0.1314704524177925,0.18799752376026885,-1.3259454582720185,-0.32290795578070314,1.9292554600507845,-0.5921583718851763,1.1531603339722207,-0.12904191952692393,0.8267402131028743,-0.8727908318814491,-0.5388977527667107,0.49569770646121847,-1.023853098452715,3.614457831325301,arunachal pradesh,upper siang,3.614457831325301
-0.6169770506996315,0.8357048148210162,-0.6252780413368896,-0.594460738947677,-0.18920508652433257,-0.7640018164185461,0.015355296567505103,0.4877455230046512,1.0962554689063988,0.6421636970911848,1.6173199580680282,-1.0332202553086263,-0.7097105737660229,1.341904366179274,-0.6549542424038517,0.25204771914225194,-0.49248388726106207,-0.37263408743228854,-3.087779253206676,0.8195776141348514,-0.1703124283476994,1.903741634522918,1.5031788189380924,-0.30809166631168305,0.8765912184850444,0.7031624339050863,-0.15269737891313534,0.8087399307367631,0.42708187202377745,1.1199124220711385,-1.319701261612252,-0.12146293475306434,1.4639012663124242,48.637359539764496,haryana,rohtak,37.781636137288096
-0.3587058971274927,-2.3767603457803936,-1.4591097881279531,-0.1396155745319013,-1.6240813735488917,0.567976621668642,0.4809942897767297,-1.8287317120037059,-1.9761745636007115,0.29033040644580904,-1.0311920907638588,0.7973516479245467,0.15384420155666326,-0.6673587493914296,-1.0877450697542028,-0.6402216597548854,-0.5223244181143658,-0.4202407667715915,-0.49777871337689783,-1.8038302585739667,-0.22063233292498785,-1.4996748574414727,-1.4647035972087539,-0.32290795578070314,-1.800408856507978,-0.6363601113386171,-0.16478865403244425,-1.4501174824185794,-1.0952122586033428,0.3607873729463433,-0.3060265308303209,0.15625935379336287,-0.21326385826994468,4.0209087253719344,nagaland,peren,4.0209087253719344
-0.9024346414898902,0.11925575022645717,2.2028729348925933,0.40619862276702967,1.2334073006111275,0.22607841296176998,-0.47938613371729594,-0.7188489811150099,1.0293017878106017,0.47797482812334213,-0.4043253336438854,0.23615442211583676,-0.6363898852952288,-0.7072778841378671,-0.24677093351223972,-0.600538556228041,-0.48648334573077817,-0.280857918152674,-0.44597870258032746,1.08367907783037,-0.1180795356625141,0.12511684954383645,0.5164542753879721,-0.24882650843560253,-0.48490710144267823,-0.2501194906321352,0.0874007984559973,-1.9137059253599173,0.5977225120350774,-0.8727908318814491,-0.10055192323938895,0.15008774738122008,0.193247862782676,28.91334623300756,rajasthan,chittorgarh,28.91334623300756
-0.6305702693086914,0.6184589694278272,1.407724104189775,-0.3215536402982116,0.7673791048253736,-0.07308251965674253,0.30637966732327054,0.6443264891881185,-0.3320897278039286,0.5952525916718007,-0.5505942436385457,-0.48538486820964755,0.17828443104692787,-0.9734054491141191,-0.58552113626622,-0.4301707466010236,-0.2613819499460737,0.04708849842960946,-0.8085787781564747,-0.32486206187906286,-0.1858658533988613,0.2823185350849167,1.2860480274537558,-0.23401021896658242,-1.542828093278409,-0.6663468962970769,-1.7815648699857431,0.23152686942744985,-1.2478907259818743,-0.3508923606081522,0.5706651282243218,-0.70159393749449,-0.32280294478112986,7.957298457781016,chhattisgarh,kabirdham,7.957298457781016
1.7618362058858574,-0.24127990808564337,0.30741004656857823,-0.5034917060645219,1.5338728478940484,1.4939509369164197,0.6410576936924008,-0.18923688961210508,-0.4288006004978568,-1.562658257619838,0.5150792434654088,0.49002935760072935,1.9053939816923,-0.12845043031451853,0.04264008628519116,0.2919176294778979,-0.47882049201980753,-0.46611278977869314,-1.6373789509020205,1.9992308186415018,-0.14960225274481542,-0.5845364737558977,0.7245914837930755,0.32900878085618196,-0.8555079954770584,-0.03736900502392046,0.8007860304952199,0.7178402360423831,0.9030794467921398,0.6929045819384415,1.036407572097101,1.180746018209072,0.6021937857577672,24.706276177957033,odisha,mayurbhanj,24.706276177957033
-1.0247736089714297,0.28103457126393827,-0.5264217002224851,-0.2305846074150564,0.6999276554353296,0.8671375542871546,0.18996991902096427,-0.43331898395692225,0.11426814616804863,0.24341930102642495,0.7031392706014008,-0.7526216424042713,0.19457791737377111,-1.8383200352869384,-0.622011204178909,-0.48317050692672164,-0.26312535052581837,-0.43334705905933485,0.020221394589048963,1.2069264275549458,-0.07042117975708227,0.8718248558639682,0.9160263236224608,-0.15992877162148186,-1.3930107105836593,-0.4089208394189221,-0.25460955491873866,-0.9380492023069056,-0.12974547959204197,-0.39833767617845195,0.9816143434061857,-0.9176001619194888,-0.24490848326206485,42.241481657366734,madhya pradesh,sheopur,37.781636137288096
2.7541411643472324,1.0853064244217014,0.4019682858954,-0.594460738947677,-1.8693593713308676,-1.8680481153678195,1.121247905439414,1.1877545482954468,1.1929663416003269,0.689074802510569,-2.4102989564277997,1.6792330027668052,-0.8726454370344542,1.3285979879304612,0.3957291565518856,-0.6744873658264848,0.37443218706684683,3.5197419824350136,1.1598216321141495,0.3031125295747261,-0.20807315012966462,0.9796202973778524,-1.0458595852330517,-0.30809166631168305,0.4468518839132634,-0.538006164285249,-0.444615306793592,0.9390294931320414,-0.3767253532926076,-0.1611110983269535,-0.2238366877939484,-1.374299036418058,0.47074688194434494,8.522788415320932,kerala,thiruvananthapuram,8.522788415320932
-0.5490109576543318,0.8726828310581546,-0.4533539698335775,-0.594460738947677,1.0678446521082936,-0.5788069533689905,0.0008040780297166242,-0.7050330135105863,0.12170744406758116,0.5014303808330325,0.6926914913160678,-0.5521940617583034,-0.18831901130704265,-0.15506318681214412,-0.34406595784711763,-0.6362987167700528,-0.16545437386058912,4.726966419850902,0.38282147016521834,-0.5009297043427416,0.5964631093349815,0.47096055773421347,0.5434350246256707,-0.2636427979046227,-0.48622128901017597,-0.5660976219777113,1.3017102854380156,1.8116665621980887,-1.1266460607106876,-0.6830095696002503,0.07752607000608548,0.31672112050907647,-0.5175390985787923,8.454357676973082,karnataka,haveri,8.454357676973082
0.49766687524328335,0.25330105908608463,0.26442902869275026,-0.3215536402982116,1.6381159969513883,-0.08020539900480246,-0.013747140508071338,0.29432197654272096,0.6870940844320863,0.33724151186519313,0.598661477748072,-0.8327926746626585,0.7892901683035455,0.43041745613561033,-0.518189645218578,-0.18836267595089765,-0.5376906697358361,-0.4695178559122735,-0.23877865939391338,1.3947319128495361,-0.1254819679061152,-0.7507211127564682,1.039366891566226,-0.29327537684266286,0.2733791250035536,0.07519989652442849,0.8439691559213234,0.24061683889688795,0.24746014569609373,-0.20855641389725318,-0.5251994455939819,1.2794917208033576,-0.420171021679961,14.4136460554371,odisha,bargarh,14.4136460554371
-1.2830447625435684,1.066817416303132,-0.13099633576486758,0.1332915241175642,-1.427858975323311,-1.8609252360197597,0.8011210976080716,1.0634108398556348,1.073937575207799,0.6656192498008752,-0.540146464353213,0.5835622285688477,-0.5793626831512778,1.0491640447053971,-0.33184644057283197,-0.6876439025035085,-0.5548814103361089,-0.473404771027021,0.6418215241481586,0.2678990010819901,-0.15534121706850618,0.7505549841608492,1.0123861423285272,0.6401508597056045,0.5848415785005326,-0.6650607813665785,0.5848704033647051,1.9404411296817934,-0.6461579427841333,0.3133420573760436,1.598038166178981,-1.0040026516894884,-0.01609350254981139,12.81544028950543,karnataka,dakshin kannad,12.81544028950543
-0.11402796216441377,-0.40768098115276685,-1.3387629380756345,0.04232249123440896,0.00701731170124789,0.20470977491759068,0.7574674419947072,-1.1379333317825258,-0.7933261975749719,-0.3898806221352521,0.6195570363187376,1.6257856479278805,-0.5630691968244347,-1.4857010116934046,1.6993689776892422,2.183416628654548,0.463994323826287,-0.4849049000442075,0.4346214809617887,-0.9410988105019393,-0.17813072757127812,-1.0404213618250306,-1.2565663888036505,-0.32290795578070314,-1.5730544073308583,2.5281595202821383,0.18585832442751257,-0.6047503217608455,1.226398554181971,-0.8727908318814491,0.11862099152427137,1.0017694322569304,-0.3325397524710129,1.648880135574589,bihar,siwan,1.648880135574589
-0.9975871717533097,1.2054849771924014,-0.1481887429151987,-0.2305846074150564,0.6876637555462316,0.20470977491759068,-0.2320154185748954,1.054200194786019,0.45647584954656406,0.6187081443814911,-2.4102989564277997,-0.6991742875653466,-0.7748845190733954,1.1822278271935232,-1.0920635783990338,-0.684548246814797,-0.539961144909457,-0.3633825869938815,0.2792214485720334,0.7080681072411877,-0.21372894105735984,0.271089843260554,0.9031783477949853,-0.32290795578070314,1.4351209346716105,-0.6258004308566313,0.581415753330617,0.7602600935664273,-0.8123080396372411,-0.25600172946755295,-1.5525724835486416,-1.4421867069516292,-1.023853098452715,13.870541611624834,himachal pradesh,kinnaur,13.870541611624834
1.9657344850217564,0.7201485140799583,1.235800032686463,-0.594460738947677,-1.5382340743252,-1.4193067164400504,0.597404038079036,0.47853487793503563,0.7317298718292836,0.6187081443814911,-2.4102989564277997,0.5969240672785789,-0.8237649780539248,0.9626725860881145,0.7686283876246425,-0.5365171941830512,-0.4855508291416124,1.0791447695585745,1.00442159972435,-1.563204480540272,-0.055283621685897975,0.37102520049738424,0.3211650428103439,0.9068440701479665,-1.0145246911442924,-0.2622360470826189,0.7144197796430142,1.3026282719095608,-1.3466826754621002,2.6856078358910285,-0.6895791316667275,-0.849712491385918,1.8971892085122233,10.908434170128228,andhra pradesh,krishna,10.908434170128228
1.1501413684781603,1.0205948960067088,-0.23415077866685474,-0.1396155745319013,0.6692679057125827,-1.5688871827493067,0.5100967268523061,0.6627477793273503,0.4713544453456302,0.5952525916718007,-0.43044478185721763,0.14262155114771843,0.12125722890297697,1.0358576664565844,-0.5204774793671743,-0.6035541518558375,0.26167876817684993,3.31511678176608,1.0562216105209645,0.6200342860093483,-0.13829067088942498,1.7892089779144158,1.351572704173881,-0.32290795578070314,0.07362261474388755,-0.5793649128396935,0.6729639792339555,1.2586934194739436,-0.20159417012311573,-0.01877515161605442,-0.1279485375848468,-1.1089199606959166,0.504825708858936,10.881718398135462,karnataka,kolar,10.881718398135462
-0.7936888926174107,-0.9253732084727061,-1.0378958129448386,0.40619862276702967,-0.31797603535987,-0.02322236422032404,-0.8868202527753677,-0.5898999501403897,-0.22050025931093428,0.33724151186519313,1.397916593076038,0.1693452285671808,-0.7341508032562876,0.13767713466173356,-0.1817006738905359,0.7250959324017302,-0.24248835296558524,-0.4550623864772625,-0.5495787241735124,0.12704488711104703,-0.15608977763246584,-1.0269469316357953,-0.8903990777205981,-0.18956135055952208,1.2839893644093634,0.0782459582019244,0.24286004998996832,-0.23812155316017983,-0.6416673996259415,-0.73045488517055,-0.5388977527667104,-0.22020863734734938,-0.7950381177404615,10.390795956449946,bihar,munger,10.390795956449946
-0.01887543190099432,1.1546402048663362,-0.5651046163107304,-0.594460738947677,0.3013509090396188,-0.9919339555564606,-0.5230397893306609,1.3903887398269932,1.4384631722849142,0.5248859335427263,0.008361948126763573,-1.2870951907935189,-0.6038029126415425,0.9826321534613341,-0.8451193715381443,-0.38018658190312216,-0.4318297647657599,-0.44157061500458555,-0.49777871337689783,0.30898145099018204,-0.12057473754237963,-0.16233766115985285,0.22223562893878251,-0.30809166631168305,-0.26149521496805195,-0.17863857660023102,0.6384174788930728,1.196578628099451,0.9390037920576765,-0.1136657827566538,-0.7306740531849139,-1.4421867069516292,-0.4785918678192599,24.7494375127838,himachal pradesh,sirmaur,24.7494375127838
-0.005282213291934431,0.2255675469082303,-0.2599393893923516,0.2242605570007193,0.6815318056016817,0.5537308629725222,-0.5084885707928729,1.0081469694379404,0.2853719978573064,0.43106372270395804,-0.02820527937190131,-0.7659834811140025,-0.23719947028757202,-0.5143353995300839,-0.798068022730191,-0.686763241833444,-0.326414845990502,-0.4008383144632656,-0.03157861620754351,-0.04315383393717609,-0.1568383381964255,0.936951268445273,0.556283000453146,-0.2043776400285422,0.2852068131110337,-0.6531472956945945,0.12540194883096806,-0.7592798027412918,0.6022130551932693,-0.20855641389725318,2.4336349037154377,-0.454729681008777,-0.6392491947023315,26.0735187742487,madhya pradesh,harda,26.0735187742487
0.14424319140772482,-0.4770147615974016,-0.5694027180983131,-0.04864654164874616,0.9329417533282075,0.9454892271158127,0.23362357463432917,-0.5023988219790403,0.07707165667038386,-0.1318695423286412,0.5046314641800758,0.4499438414715358,-0.3349603882486308,-2.6766218649621325,-0.22400787049112844,-0.6317886666718439,-0.16788702583232581,-0.465598817532115,-0.9639788105462742,0.5906896789320685,-0.14810513161689612,-0.10057985612585739,0.7284458765413182,-0.2784590873736428,-0.37320115820536526,-0.4924506196418101,0.2670426002285869,-0.9047193142522996,-0.28691449012876546,2.021373417906833,1.091200800788016,-1.2508669081752017,-0.5126706947338509,18.193168643538748,madhya pradesh,sidhi,18.193168643538748
-0.9839939531442496,0.3318793435900041,1.1842228112354698,-0.04864654164874616,0.48530940737610073,1.273141677126565,0.015355296567505103,0.4877455230046512,-1.7009205413179924,-2.0552248645233626,0.06060084455342801,0.10253603501852485,0.9603717747353985,-0.9800586382385256,-0.16452418262762486,-0.17958275593722464,0.5835591682371468,-0.2826889442811088,-0.9639788105462742,0.907611435366691,-0.1410353929572771,-1.1324966347848062,-1.2167376637384764,-0.13029619268344161,1.4679756238590553,-0.48331243460932233,-0.6121658334468724,0.5542207855924988,-1.1311366038688797,-0.6355642540299504,-0.5662943671121682,-0.7941680336766324,-0.48346027166420147,17.953268840692775,assam,sonitpur,17.953268840692775
0.5792261868976429,1.177751465014548,-0.638172346699638,-0.3215536402982116,0.24616335953867477,-0.3152604174907771,-0.10105445173480117,-0.03265592342863768,0.5234295306423611,0.5717970389621103,1.1628415591560481,0.0357268414698689,-0.38384084722916023,0.1909026476569838,-0.21081292005271263,-0.6332831211422563,-0.549610664397346,0.5598079376567451,-1.0157788213428447,-0.806113617946452,-0.09512367836775111,1.0267808030401762,1.4376541422179672,0.31419249138716193,1.0237802260447988,-0.33865835005801637,0.6280535287908079,1.8268165113138184,-0.3767253532926076,1.9264827867662335,0.9131228075425416,-0.775653214440204,-0.0014882910149866223,16.40933840531066,karnataka,dharwad,16.40933840531066
-1.0111803903623695,-1.4846657040594264,-1.3430610398632172,0.5881366885333399,-0.8391917806465689,0.475379190143864,-0.8577178156997912,-1.303724943035609,-0.16098587611467088,0.10268598476827598,1.4710510480733678,1.0645884221191706,-0.7015638306026013,-0.8270352883771803,0.580431859967049,1.8771068355939429,0.37033722291442334,-0.461808272213601,-0.186978648597343,-0.7826379322846282,0.07879189265887711,0.00047837029340880955,-0.629585168422845,-0.32290795578070314,1.8635460816758942,0.8891752670108368,0.3689547762341895,-0.4365858865762425,-0.43510241434910485,-0.49322830731905143,0.09122437717881388,1.0943435284390728,-0.4591182524394936,0.8768305946429021,bihar,nawada,0.8768305946429021
0.2393957216711445,-1.9977356793497236,-0.6037875323989755,0.40619862276702967,-0.5755179330309449,0.9882265032041718,-0.13015688881037762,-1.096485428969255,-1.477741604332004,0.05577487934889187,0.33224310597208323,1.371910712442988,-0.481601765190219,-1.3725967965784973,2.4946041661077185,3.3991820270220345,1.3550341968739184,-0.48612558412983065,0.07202140538564143,-0.788506853700084,-0.22063233292498785,-0.8798510687366417,-1.3028191017825623,-0.32290795578070314,-1.0723489441141958,0.7060731150635823,-0.508526332424225,-0.14267687373108112,1.230889097340163,-0.9202361474517488,-0.45670790973033787,1.359722604161214,-0.4250394255249026,0.5960375748619111,bihar,darbhanga,0.5960375748619111
2.1968192013757752,0.16547827052288033,0.1999575018790082,-0.4125226731813667,1.5767964975058943,0.21183265426565062,0.0008040780297166242,1.7127613172635439,1.2971165121937878,0.19650819560704086,0.10239196169475978,0.49002935760072935,0.9929587473890846,0.2840472953986724,-0.29193348901146804,0.4146230161735474,-0.46629233436536344,-0.4692929930543956,-2.1035790480713747,2.3807107106461394,-0.14328107464915607,-0.19265512908563281,0.8389384686576077,-0.2636427979046227,-1.2615919538338793,-0.37541416096646707,0.3827733763705424,0.4345361875782322,0.16663036884863583,0.5505686352275422,0.3925871349788474,0.3290643333333624,0.8407455741599037,24.814585248038984,odisha,balangir,24.814585248038984
2.060887015285176,1.2285962373406132,0.1483802804280145,-0.594460738947677,-2.427366816284863,-2.046120099069315,0.43734063416336477,2.1410563130006754,1.758352981964831,0.6421636970911848,-0.2632803132918913,1.091312099538633,-0.8156182348905032,0.7031982102362693,1.6313546834267092,-0.639260939023906,0.05474117378111291,1.4466028025965545,1.5742217184869114,-0.3542066689563426,-0.13163679920978355,-1.3020498813326862,-1.5058171198566757,-0.29327537684266286,-0.20629933713314433,-0.37609106356146615,-1.132090663577153,1.3253531955831557,0.7054955478316873,0.740349897508741,-0.7991655890485578,-1.3557842171816297,-0.5710915408731495,2.972543183940243,kerala,malappuram,2.972543183940243
-0.14121439938253377,0.2671678151750114,1.82893807937289,-0.4125226731813667,0.13578826053678578,-0.09445115770092233,0.14631626340759935,-0.6635851106973156,0.05475376297178521,-0.08495843690926043,0.28000420954541877,0.23615442211583676,-0.5304822241707484,0.649972697241019,0.0765053522289479,-0.6156165343670236,-0.4269239166227575,-0.4187952198280904,-0.08337862700415806,-0.647652739729141,-0.12481658073815106,-0.24206137311282958,0.39054411227871194,-0.2043776400285422,-0.2220695879431179,-0.3058285742005604,-0.4860711072026512,-1.8864360169516035,0.3193088362271675,-0.6355642540299504,-0.9224503536031169,-0.7447951823794896,-0.05990913715428531,14.493446400061185,rajasthan,churu,14.493446400061185
0.06268387975336524,0.9697501236806436,-0.9218470646801029,4.317867036742701,1.4418935987258075,-0.3366290555349564,-0.915922689850944,-0.539241402257503,1.7509136840652986,0.7125303552202593,-0.38342977507321974,-0.6323650940166906,-0.783031262236817,0.4437238343844231,1.778512077597079,0.14460711739438667,-0.5558544711248037,-0.5201762454656343,-2.880579210020306,-1.2228070384438259,19.54519253182589,-1.7534432926720738,-1.4865451561154623,-0.04139845586932093,-1.4482065884185673,0.09083634646890751,0.5624151781431312,0.923879544016311,0.6067035983514611,-0.5406736228893512,-0.4156129882121516,-0.9422865875680604,1.9604784584964636,14.8965288433625,jammu and kashmir,srinagar,14.8965288433625
-0.0732483063372341,-0.6850161029313058,-0.8874622503794405,-0.3215536402982116,-1.5259701744361016,-0.1371884337892814,-0.9886787825398854,-1.2806983303615698,0.03987516717271909,-1.0466360980066196,0.24866087168942005,-0.725897964984809,-0.4897485083536406,-0.41453756266398933,2.111498357108472,0.40651026333416557,4.211940672481521,-0.37077093803844263,0.7454215457413877,-0.31312421904815063,-0.1352132552375908,-0.05566508882840553,0.33529781622056704,0.12158072828990037,1.7045293860086597,3.6417996695746444,-1.3790981410144623,-0.5835403929988238,1.1994552952328181,0.8352405286493404,-0.8950537392576594,0.2735198756240765,-0.7974723196629323,1.5736507911529354,uttar pradesh,bareilly,1.5736507911529354
-0.10043474355535388,-0.056389826899950715,0.466439812709142,-0.1396155745319013,0.7121915553244287,1.016718020596411,-0.7267568488596969,0.704195682140621,-0.34696832360299473,-0.7182583600709341,0.6979153809587343,0.07581235759906248,1.155893610657516,-0.3879248061663647,-0.6333705667539161,-0.30615771224376337,-0.1331811910355486,-0.3143624839764885,-1.2229788645292587,0.2092097869274306,-0.04813070963028341,-0.44305495676892526,-0.5139533859755653,-0.05621474533834103,1.4824316871015315,-0.4344400672503879,-0.5620734079525926,0.6375455057290143,-2.190904789202214,1.2622483687820374,-0.08685361606666021,0.5635853769947896,-0.6781964254618639,28.564280055043575,assam,kokrajhar,28.564280055043575
0.42970078219798363,0.39659087200499615,-0.3587957305067559,-0.3215536402982116,1.0371849023855466,-0.2369087446621189,-1.0759860937666152,0.10550375261559833,0.8135621487241457,0.29033040644580904,0.5255270227507418,-0.5388322230485723,-0.481601765190219,-0.18832913243417562,0.02582716556527423,-0.6211406785701552,-0.47780688703158386,-0.504435845414178,0.8490215673345727,0.678723500163908,-0.09736936005963011,0.9863575124724697,1.1267331271930596,-0.10066361374540138,0.2930919385160206,-0.20679772455219322,0.9994284074552945,-1.2637731082951005,-0.3408010080270709,-0.3034470450378526,0.9131228075425416,-0.9978310452773457,-0.16701402174299973,15.186970562081715,madhya pradesh,bhind,15.186970562081715
-0.4130787715637325,0.8911718391767242,-0.15678494649036415,-0.2305846074150564,0.22163555976047683,-1.0916542664292983,0.8011210976080716,0.09629310754598247,1.4979775554811776,0.6187081443814911,-2.4102989564277997,0.5969240672785789,-0.6445366284586503,1.4217426356721496,-0.7554149907350431,-0.6886313099214596,-0.5329469983909495,4.360536331306077,1.8332217724698958,-0.5713567613282133,1.0730466683892999,1.1873510961285654,1.3220223597706873,-0.32290795578070314,0.5559294520155812,-0.6070502289751564,1.6419933137957077,1.9737710177363994,-1.4724178838914792,-0.73045488517055,-0.2786299164848634,-0.3312975527659204,-0.39096059861031174,5.6634304207119746,karnataka,ramanagar,5.6634304207119746
0.4432940008070435,-1.6788002893044038,-0.8573755378663609,0.49716765565018467,-1.3604075259332677,0.9953493825522317,-0.11560567027258914,-1.2622770402223382,-1.953856669902113,-0.5071583856837106,0.7814976152413975,2.213706551156053,-0.3186669019217877,-2.4371070564835056,3.388606396181487,3.8752992092832526,3.4993358215607784,-0.45994512281975514,0.9008215781311651,-0.8589339106855558,-0.21322990068138672,-0.7181579064658161,-1.0060308601678776,-0.32290795578070314,-1.1643420738390418,0.838881404202404,-0.598347233310519,-0.36235113590916584,0.8177591267864901,-0.9202361474517488,-0.5525960599394395,1.6374448927076413,-0.31306613709124675,2.5461900633997927,bihar,purbi champaran,2.5461900633997927
0.08987031697148526,0.3133903354714346,-0.2814298983302656,-0.2305846074150564,-1.366539475877817,-1.2982177675230333,0.2627260117099056,-0.05568253610267702,1.0367410857101342,0.7125303552202593,-0.7961170568438687,-1.7280358682146482,-0.7178573169294445,1.1556150706958976,0.45641883450922277,0.5581707053940559,-0.0582555103060577,-0.41828124758151225,1.00442159972435,0.7843640856421157,-0.18478459925091956,-0.20837529763974091,0.20810285552855942,-0.32290795578070314,1.1933104222520152,0.22567534339272674,-1.0301784875715498,0.39514631987733384,1.8101691647469438,-0.73045488517055,-1.045735118157676,-0.4794161066573482,-0.28385571402159737,13.075266419007926,haryana,faridabad,13.075266419007926
-0.4266719901727924,0.5167694247756968,1.1885209130230525,-0.2305846074150564,0.44238575776425565,-0.3295061761868965,0.30637966732327054,0.03181859205867239,-0.04195710972214403,0.6187081443814911,-0.25805642364922476,-0.8327926746626585,-0.3512538745754739,0.6366663189922063,-0.1251078152225454,-0.505373830487135,-0.2617468477418342,0.37574162685093787,0.5382215025550179,-0.20748363356994326,-0.20790680333767358,0.6607254495659465,0.8774823961400343,-0.13029619268344161,0.6111253298504886,-0.587961575796182,0.18240367439342378,-0.13813188899636172,-0.68208228804967,0.40823268851664285,0.5843634353970506,-1.1829792376416304,-0.220566464037357,13.024287360570545,chhattisgarh,durg,13.024287360570545
1.8433955175402168,0.8911718391767242,-0.10520772503937072,0.1332915241175642,0.39946210815240973,-0.8708450066394435,0.7429162234569187,0.19761020331175566,-0.3023325362057974,0.5483414862524166,0.04492917562542883,1.1046739382483641,-0.04982437752887591,0.9227534513416771,-0.5306397194225672,-0.44033837433722245,-0.3311179731358597,0.529772684497333,1.2634216537073344,-0.8941474391782916,0.045273014072683325,1.088538608074172,1.2333713265611064,-0.2784590873736428,0.3154331271634831,-0.6227543691791353,1.0339749077961764,1.8949912823346036,-0.7180066333152066,0.9301311597899398,0.050129455660627265,-0.4053568297116342,1.162060227926047,21.300430742043897,karnataka,hassan,21.300430742043897
1.12295493126004,0.21170079081930349,-1.3000800219873891,0.8610437871828054,1.0433168523300964,-0.08020539900480246,-1.0177812196154623,-1.1010907515040629,0.8358800424227454,0.47797482812334213,0.47851201596674353,-0.659088771436153,-0.1964657544704642,-0.913526746994462,-0.929600751126039,-0.5106044211335785,-0.4169905877381659,0.4547327364969203,0.5900215133515883,-1.8507816298976147,-0.21680635670919401,0.17115448602372452,-1.2141680685729812,-0.32290795578070314,-1.7938379186704891,-0.40844700760242275,0.8612424060917644,-2.210644928028225,0.15315873937405983,-0.9202361474517488,-0.7032774388394563,-0.7077655439066328,0.193247862782676,5.397503654559765,jammu and kashmir,bandipora,5.397503654559765
-1.174299013671089,-0.1164791032853007,1.162732302297556,-0.594460738947677,-1.1764490275967858,-1.1201457838215376,1.1357991239772025,0.777880842697547,0.3448863810535698,0.43106372270395804,-2.4102989564277997,-0.32504280369287325,-0.6771236011123367,-0.47441626478364646,1.069239153661132,0.07532847801598185,-0.49147028227283845,-0.3972405087372184,1.00442159972435,-1.3167097810911215,-0.13621133598953702,0.5787559992480973,-0.3494992953838783,-0.2043776400285422,-0.7043764252148111,-0.41866823678690906,1.4675334870742516,1.1935486382763052,-0.7404593491061677,2.54327188918013,-0.3882163738666941,-1.2446953017630589,0.2127214781624422,15.937390792547221,andhra pradesh,east godavari,15.937390792547221
0.5792261868976429,-1.8267123542529577,-0.6209799395493069,-0.2305846074150564,-2.2066166182810845,0.3044300857904282,1.368618620581814,-1.4879378444279237,-1.604209668624064,0.5717970389621103,-1.459551041462507,0.022365002760137708,-0.13129180916309158,-0.4677630756592405,-1.0768911589096994,-0.670190809224049,-0.5058634731056141,-0.48721777515380926,0.8490215673345727,-1.9975046652840136,-0.22063233292498785,-1.0628787454737565,-1.2334400323141943,-0.30809166631168305,-1.529686217603431,-0.6426553054721087,-1.3393696656224479,-1.6985766479165514,0.3327804657017435,-0.49322830731905143,1.8172110809426425,-0.5041025323059196,4.818231515477161,2.327611288914751,nagaland,phek,2.327611288914751
-1.1878922322801486,-0.9993292409469832,-0.9132508611049371,0.9520128200659604,-0.08496193746699308,1.0950696934250692,-0.5230397893306609,-1.5892549401936968,-0.659418835383379,0.14959709018765674,-0.46178811971321637,0.6236477446980413,-0.5712159399878562,-1.38590317482731,-0.5510351401271077,0.13361220236206672,-0.26458494170886043,-0.4960837964072826,-0.13517863780072845,-0.8824095963473797,-0.22005011915301922,-0.24206137311282958,-1.1807633314215447,-0.30809166631168305,0.6860340211978633,-0.4100038835709207,-0.48434378218560714,-0.012387311335803121,-1.5667192902135132,-0.5881189384596509,-0.11425023041211807,0.3414075461576477,-0.3812237909204287,4.12266073744673,bihar,sheohar,4.12266073744673
-0.8344685484445904,-1.5355104763854919,-1.1238578486964945,0.49716765565018467,-0.09722583735609161,0.5964681390608813,-1.0759860937666152,-1.1241173641781024,-1.8720243930072502,-0.1787806477480253,0.6561242638174029,0.7572661317953532,-0.6119496558049641,-0.49437583215686515,1.5968066142680613,3.53152130771445,0.984581845777945,-0.45882080853036533,0.7454215457413877,-0.7063419538837006,-0.17189272287161428,0.5293497552209004,-0.5049598028963324,-0.32290795578070314,-0.33771809388292434,1.1009780889860528,-0.18033457918584195,-0.5047606575970275,-0.951514877541196,-0.5406736228893512,-0.9224503536031169,0.3414075461576477,-0.5029338870439677,2.3851357287182635,bihar,begusarai,2.3851357287182635
-1.2286718881073286,-0.9022619483244945,1.343252577376033,-0.4125226731813667,0.8164347043817686,0.6819426912375989,-0.26111785565047185,-0.07410382624190842,-1.604209668624064,-0.342969516715868,0.9277665252360577,0.9042463576023962,0.056083283595604376,-1.0865096642290264,-0.7315168782138531,-0.3855506059844239,-0.3599854432004687,-0.3005494798497002,-0.49777871337689783,1.2890913273713285,-0.22063233292498785,-0.34199673034965933,-0.585902050609428,-0.32290795578070314,1.2287934865744554,-0.5598701181037197,-0.5914379332423425,0.2830366964209321,-1.4275124523095581,-0.01877515161605442,-1.333399568784981,0.1809457794419341,-0.5418811178035001,24.091688757211916,assam,udalguri,24.091688757211916
-0.4674516459999723,-1.21195283431053,0.26013092690516737,-0.2305846074150564,-0.8514556805356678,1.0950696934250692,-0.6394495376329671,-1.1056960740388706,-0.5031935794931863,-0.8824472290387768,0.7501542773853987,0.6370095834077725,-0.15573203865335633,-0.9667522599897127,-0.08061919536398876,1.099510150613988,-0.4163013363461738,-0.4118887177646962,-0.3941786917837129,-0.5772256827436693,-0.18694710754680302,-0.03545344354455253,0.21067245069405438,-0.32290795578070314,-0.88442012196201,1.5052243187195105,-0.7883529851853728,0.4057512842583449,-0.8212891259536251,0.4556780040869428,0.47477697801522023,-0.6830791182580614,-0.5175390985787923,13.092224231464737,jharkhand,dumka,13.092224231464737
-0.7393160181811709,0.5583696930424772,0.4105644894705654,-0.594460738947677,-1.0354141788721498,-2.053242978417375,2.518164885067088,1.2153864835042942,1.2078449373993931,0.689074802510569,-2.4102989564277997,-0.8060689972431961,-0.7993247485636602,1.0691236120786158,3.1494922573562967,1.933629238599899,0.6043177983959668,4.343430692474648,0.17562142697882638,-0.007940305444440087,-0.0687577118371719,1.091907215621481,-0.7297993798771539,2.418105595988018,-0.15110345929823643,-0.5403753233677457,-1.413644641355345,1.401102941161806,3.1393699395718033,8.995834806740888,-0.7032774388394563,-1.1089199606959166,-0.9995110792280071,4.097051204537969,telangana,hyderabad,4.097051204537969
-0.24996014825501311,-0.19505738778922022,1.3647430863139471,-0.5034917060645219,0.12965631059223584,-0.20129434792181974,0.597404038079036,-0.23068479242537615,-0.9718693471637627,0.5952525916718007,-0.2737280925772243,0.9042463576023962,-0.7585910327465524,1.2421065293131794,-0.9538713017644425,-0.5273903472387467,-0.2718828976240706,-0.3911049650436915,-0.186978648597343,-1.2814962525983855,-0.22063233292498785,-0.6036252498573145,-1.0921122982119638,-0.32290795578070314,0.5467301390430963,-0.12969851898179668,-0.10951425348703252,1.1874886586300128,-1.521813858631592,-0.7779002007408496,-0.31972483800305,0.699360718061932,-1.023853098452715,3.4590107229332414,uttarakhand,chamoli,3.4590107229332414
0.28017537749832416,0.9974836358584973,-0.2771317965426828,-0.1396155745319013,-0.287316285637123,-0.36512057292719563,-0.6540007561707556,-0.3412125332607649,-0.6668581332829115,0.5952525916718007,-2.4102989564277997,-3.5318840940283587,-0.7504442895831307,0.5435216712505176,-0.9578705777373762,-0.5486596367551523,-0.5454751560453935,0.5972957883915402,1.00442159972435,2.4393999248006994,0.5493037938055226,2.0441002823274537,0.8774823961400343,-0.32290795578070314,0.39165600607835577,-0.5935121770751746,0.5503239030238223,1.4026179360733788,-0.017481900637239714,3.5396235161564236,-1.1553215755395065,0.3660939718062189,-0.4931970793540846,11.356660527931247,the dadra and nagar haveli and daman and diu,daman,11.356660527931247
-0.3587058971274927,0.48903591259784246,0.04092773573844446,0.31522958988387445,-0.1033577873006411,-0.35087481423107625,-0.45028369664171947,1.219991806039102,1.0962554689063988,0.7125303552202593,0.34791477490008244,-0.4319375133707228,-0.5630691968244347,0.37053875401595415,1.077707687040626,-0.5541837809582839,-0.5313657746093207,-0.3994570140505867,0.5382215025550179,-0.6183081326518609,-0.03898163607077645,1.0200435879455585,0.6410796409144847,1.8106377277581938,1.5008303130465008,-0.29141054892707974,-0.6484396588047987,-0.8274545737620768,-1.090721715445151,-0.6355642540299506,0.11862099152427137,1.2733201143912145,0.34416838197586447,6.956820258583697,madhya pradesh,indore,6.956820258583697
-0.5897906134815116,0.7571265303170966,2.039545066964447,-0.2305846074150564,0.3197467588732677,-0.22978586531405898,0.07356017071865799,0.5061668131438826,-0.7784476017759058,0.689074802510569,0.18075030633475644,0.5033911963104606,0.2108714037006142,0.3173132410207039,-0.7049318907041954,-0.68508198055423,-0.5483132500124198,-0.3577931388123439,-1.0675788321394593,-0.1546633408308394,-0.18569950660687026,1.5343176735013788,1.814099833963,-0.2636427979046227,-0.6688933608923706,-0.636427801598117,0.013125822723100571,0.25273679818947226,-0.7135160901570148,0.3133420573760436,0.18711252738791548,-0.9422865875680604,-0.1718824255879414,16.606449585960817,chhattisgarh,dhamtari,16.606449585960817
1.0006159637785008,-1.2905311188144493,-0.5436141073728163,-0.2305846074150564,-1.2561643768759279,0.475379190143864,0.9757357200615312,-1.3175409106400326,-0.7263725164791754,0.5952525916718007,-2.2065672603638085,-0.872878190791852,0.23531163319087894,0.9626725860881145,-1.0292811529259263,-0.5865280455679245,-0.5405287637028623,-0.46768682978383885,-0.03157861620754351,-0.7885068537000842,0.05658459592807378,-1.419951145488496,-1.439007645553803,-0.32290795578070314,1.5179147514239724,-0.4122376621344177,0.9165168066371762,0.06790741897756646,-0.16117928169938675,2.7330531514613283,-0.14164684475757555,-1.1953224504659161,-0.2887241178665389,12.919254658385091,nagaland,kohima,12.919254658385091
-0.14121439938253377,-0.6850161029313058,1.2873772541374566,-0.4125226731813667,-0.5571220831972965,1.0380866586405904,-0.042849577583647776,-0.677401078301739,-1.0685802198576915,-0.03804733148987633,1.716573861278691,0.6503714221175037,2.0275951291436236,-1.6653371180523744,-0.555238370307087,-0.6613842025234042,-0.4926866082587068,-0.4621616281331235,-2.8287791992236913,-0.30138637621723846,-0.11882809622647375,0.9661458671886167,1.1575682691790008,-0.32290795578070314,-0.08933664362583989,-0.5279203156197625,-0.8591733108841815,0.10123730703217217,-0.017481900637239714,0.6929045819384412,1.1322957223062022,0.1809457794419341,0.4366680550297541,23.370028540716856,chhattisgarh,bastar,23.370028540716856
-0.7936888926174107,-1.669555785245119,-1.1152616451213289,1.497827017364891,0.10512851081403878,0.7389257260220778,0.6119552566168245,-1.3175409106400326,-2.028249648897442,-1.89103599555552,0.13895918919342468,0.7839898092148155,0.5285943870740554,-1.1131224207266517,1.936408104147101,3.1382662885002066,3.2212431569917426,-0.32528439421627464,-0.6531787457666973,-0.031415991106264196,-0.21472702180930608,-0.7248951215604337,-0.8377223768279484,-0.24882650843560253,-1.2221663268089453,1.3881201697846677,-1.007723262349976,-0.07904708744501487,-0.7135160901570148,0.6454592663681413,-0.018362080203016475,0.9030237296626449,0.6070621896027087,1.6104527499240353,uttar pradesh,gonda,1.6104527499240353
-0.3179262413003128,0.507524920716412,-0.247045084029603,-0.5034917060645219,0.09899656086948885,-0.2654002620543581,-0.69765441178412,0.358796492030031,0.21841831676150936,0.05577487934889187,0.2538847613320866,-0.5388322230485723,-0.6363898852952288,0.1909026476569838,0.12966645967404397,-0.27191869285913567,-0.5541921589441169,-0.49470249599460386,1.0562216105209645,-0.7122108752991565,-0.18461825245892852,1.0144292420333767,0.993114178587314,-0.30809166631168305,0.6282097682279599,-0.4971212475473038,-1.258185389821374,-0.3138712987388297,0.08131004884298654,-0.8253455163111494,0.10492268435154298,0.859822484777645,0.02285372820972124,2.3682745316384226,maharashtra,latur,2.3682745316384226
-0.5761973948724516,0.7340152701688851,0.30741004656857823,-0.594460738947677,0.2584272594277737,2.4056794934680776,-0.6394495376329671,0.8699872933937043,-0.21306096141140177,0.24341930102642495,-0.9737293046945277,-0.2047862553052925,4.178335324286917,0.8828343165952396,-1.053001913962729,-0.6040878855952705,-0.4593187320463848,-0.3996818769084647,1.00442159972435,-1.4751706593084324,-0.09695349307965252,-1.162814102710586,-1.18333292658704,-0.2784590873736428,0.014484174206486464,-0.5428798629692424,-1.8972956461276993,0.34666648270699807,0.7234577204644561,3.6819594628673222,0.009034534142441387,-0.7447951823794896,0.8456139780048458,19.53842119066352,mizoram,lunglei,19.53842119066352
-0.4130787715637325,0.16547827052288033,0.9951063325818263,0.31522958988387445,1.0801085519973925,1.1164383314692485,-0.5666934449440257,0.34958584696041517,-0.5701472605889834,-1.750302679297371,0.09716807205209327,0.4766675188909982,1.4980568235212217,-0.6008268581473666,-0.49797157599842473,-0.2843546889879248,-0.21690496306282073,-0.43716972764325995,0.22742143777541884,0.537869386192965,-0.19235337828651172,0.07683347469907591,-0.8852598873896077,-0.2636427979046227,0.5519868893130875,-0.4640884009113481,-1.4551004417644038,0.7966199714441785,0.14866819621586796,-0.39833767617845195,-0.66218251732127,-0.232551850171635,-0.6587228100820978,11.743501124180092,assam,marigaon,11.743501124180092
2.251192075812015,-2.242715036920766,-0.6123837359741411,0.1332915241175642,0.5527608567661446,0.49674782818804375,0.6701601307679773,-1.5938602627285046,-2.229110692184832,-2.5008803660075065,-1.7259694132384955,-0.45866119079018514,1.0907196653501434,0.48364296913086147,-1.0849961217461996,-0.633149687707398,-0.5507053577846275,-0.4942527702788479,0.020221394589048963,-1.4516949736466087,-0.22063233292498785,-1.302049881332686,-1.3362238389339989,-0.32290795578070314,2.0961572811230047,-0.6033272647026613,-0.45325193187881285,0.6102755973206998,1.7113772152667177,-0.9202361474517488,-0.04575869454847397,0.6006150154676465,-1.023853098452715,7.7773229635693815,arunachal pradesh,east kameng,7.7773229635693815
0.7287515915973022,1.0159726439770669,-0.530719802010068,-0.5034917060645219,-0.28118433569257356,-0.5075781598883922,0.35003332293663547,0.5936679413052323,1.1632091500021946,0.6656192498008752,1.021796538804054,-0.4987467069193787,-0.726004060092866,1.2820256640596177,-0.661658128513692,-0.3129895041085059,-0.4463040439975934,0.3685781386642546,1.315221664503949,-0.6300459754827727,-0.14369694162913366,1.7611372483535088,1.844934975948941,-0.32290795578070314,0.03682536285394923,-0.20835460052069113,-0.1423334288108712,0.08305736809329592,0.6246657709842299,-0.73045488517055,-1.2923046472667945,-0.23872345658377797,-0.5126706947338509,13.558948354737364,haryana,jhajjar,13.558948354737364
-0.6713499251358712,-0.144212615463155,2.2286615456180905,-0.4125226731813667,0.5588928067106937,0.4468876727516248,-1.2069470606067094,-1.3589888134533035,0.6945333823316188,0.47797482812334213,0.7240348291720665,-0.44529935208045396,0.3493660374787809,0.583440805996956,-0.18506148451967527,-0.6740336921479666,-0.5204188407365054,-0.3018022872007345,0.4346214809617887,0.06835567295648724,0.0006920738190856743,-0.5879050813032066,-0.2017475733679098,-0.30809166631168305,-0.8436803073695782,-0.3382522085010169,-0.4722525070662979,-1.8334111950465486,0.21153580043055709,-0.7779002007408496,0.02273284131516977,-0.8929137362709176,-0.35201336785077914,8.679192523203666,rajasthan,dausa,8.679192523203666
-0.08684152494629399,0.6230812214574699,-1.0335977111572556,-0.5034917060645219,-0.27505238574802404,0.09786658469669325,0.02990651510529358,-0.34581785579557284,-1.5372559875282674,-0.1787806477480253,1.1523937798707151,-0.7793453198237337,1.2373610422917316,-2.0379157090191273,-0.1273956493711417,0.42265570895201415,-0.04974122840497919,-0.4797973008438369,-0.44597870258028327,1.2362710346322252,-0.15442630971255547,1.1008901690809714,0.9751270124288482,0.1660295966969607,-1.1262306343816058,-0.5296125721072602,-0.5914379332423425,-0.31235630382725676,0.6920239183571113,-0.5406736228893512,1.6665297020426257,-0.6151914477244905,0.4464048627196372,23.20551525255711,maharashtra,nandurbar,23.20551525255711
0.03549744253524547,0.26254556314536937,0.8446727700164284,-0.594460738947677,-0.8698515303693158,-0.6785272642418282,0.8447747532214365,-0.0050239882197904125,0.4192793600488993,0.6187081443814911,0.13895918919342468,-0.8327926746626585,-0.5060419946804837,1.0292044773321776,-0.04695788362727756,0.16208689736081786,0.18646927805065627,-0.35567300329520896,1.0562216105209645,-1.0467393959801468,0.006098344558794358,-0.14437175424087278,-0.9122406366273065,-0.32290795578070314,-0.812139805749631,1.5765698522324147,-1.2996411902304326,1.457157752890007,0.5168927351876195,-0.73045488517055,-0.4019146810394225,0.6499878667647889,-0.6003019639427989,3.5038462416398453,uttarakhand,udham singh nagar,3.5038462416398453
-1.0383668275804894,0.8357048148210162,0.466439812709142,-0.5034917060645219,-2.4518946160630604,-0.16567995118152062,-1.177844623531133,1.0265682595771715,1.0813768731073325,0.31378595915549945,0.729258718814733,-0.6991742875653466,-0.3756941040657386,-1.4125159313249351,-0.34929782663654324,-0.5492467438685286,0.39377177024215376,-0.4487662264566799,0.2792214485720334,-0.23095931923176705,0.14308492776341253,1.4725598684673828,1.6637785167815367,0.07713185988284002,-0.0012860766034871048,-0.6301326074646254,0.8180592806656616,-0.7926096907958978,-0.7898553238462804,-0.5881189384596508,0.666553278433423,-0.911428555507346,-0.298460925556422,14.162655957818583,gujarat,patan,14.162655957818583
-0.0324686505100542,0.31801258750107664,2.0094583544513673,-0.4125226731813667,-0.0236424380214991,-0.09445115770092233,0.1754187004831763,-0.3227912431215335,0.6275797012358219,0.47797482812334213,0.2382130924040874,0.5835622285688477,-0.45716153569995427,1.0292044773321776,-0.048562914560982585,-0.6507629011086874,-0.5403260427052176,-0.19704831869502124,0.7454215457413877,-0.8824095963473797,-0.18278843774702713,0.1632944017466707,0.4894735261502733,-0.2043776400285422,-0.5742718560325288,-0.3487441987235028,-0.5050716823901369,-1.2789230574108306,-0.28691449012876546,-0.6355642540299506,-0.9361486607758458,-0.8990853426830604,0.11048499741866934,16.486257584722658,rajasthan,jhunjhunu,16.486257584722658
0.7287515915973022,0.7155262620503162,-0.07941911431387384,-0.594460738947677,0.6815318056016817,1.9569380945403085,1.3395161835062381,0.5844572962356164,0.8284407445232118,0.6421636970911848,-0.6655198157772076,0.4365820027618046,3.5184491280497703,0.9693257752125214,-0.999379692658226,-0.6574078861646284,-0.5536245401507116,-0.4110213895985955,0.17562142697882638,-1.1230353743810744,-0.22063233292498785,-0.4666352096000874,-0.4008911986937805,-0.32290795578070314,-1.515230154360955,-0.6348709256296191,-2.265215874758097,0.33606151832598735,1.2757945289220838,2.1162640490474325,1.5295466303153376,-0.9484581939802031,0.728772285726248,17.306590257879655,mizoram,aizawl east,17.306590257879655
-0.14121439938253377,0.8680605790285125,-0.13529443755245013,-0.2305846074150564,-1.4707826249351568,-0.3864892109713754,0.36458454147442343,0.4462976201913804,0.18866112516337816,0.24341930102642495,-2.4102989564277997,-1.434075416600562,-0.3431071314120524,-0.6008268581473666,-0.09485165198607035,0.09296837810424279,-0.4999034757748591,0.5911923679634246,0.07202140538564143,0.6669856573329959,-0.05395284734996969,1.0806785237971184,1.3528575017566284,-0.30809166631168305,-1.0394942549267507,-0.11643122811981445,-0.3237025556005033,0.034577530922960106,-0.5832903385694442,-0.8253455163111494,0.44738036366976275,-0.9484581939802031,-0.5905651562529158,21.813172094447207,gujarat,anand,21.813172094447207
-0.4674516459999723,-0.16732387561136658,1.1885209130230525,-0.5034917060645219,1.6197201471177394,1.0380866586405904,0.08811138925644646,-0.16621027693806575,-0.7933261975749719,0.05577487934889187,-0.20059363757989418,-0.48538486820964755,1.2780947581088395,0.10441118903970206,-0.5332290510946218,0.10110781763059631,-0.502214495148009,-0.3811146295008283,-0.7049787565632898,0.4850490934538611,0.08918856715831687,-0.7439838976618507,-1.3195214703582805,-0.08584732427638128,2.0330762778831106,-0.43883993411788197,-0.9973593122477115,0.45574611634025364,-0.6596295722587098,0.21845142623544406,0.18711252738791548,-0.9299433747437744,-0.05504073330934389,14.991116375481194,assam,lakhimpur,14.991116375481194
-0.8344685484445904,1.126906692688482,-0.21695837151652358,-0.2305846074150564,-1.2193726772086317,-0.17992570987763998,-0.9013714713131561,1.3120982567352593,1.274798618495189,0.5248859335427263,-0.1588025204385624,-0.5388322230485723,-0.21275924079730726,-1.2661457705879964,0.41676304260022046,0.18266233301596047,0.02822526728918267,1.9333345201060812,0.2792214485720334,-0.6183081326518609,-0.06451586864140046,1.0795556546146816,1.2526432903023197,-0.07103103480736113,-1.3404432078837476,-0.2902598145155813,-0.5240722575776215,0.09366233247430729,0.8177591267864901,-0.9202361474517488,0.6939498927788813,0.6438162603526462,-0.18161923327782448,11.119512212040705,gujarat,kachchh,11.119512212040705
-0.7936888926174107,-1.6002220048004843,-1.0335977111572556,-0.3215536402982116,-0.15854533680158558,0.6890655705856589,-0.4357324781039315,-1.2530663951527223,-2.0059317551988434,-5.057535611363902,-0.6446242572065419,-0.3517664811123356,-0.1638787818167779,-0.846994855750399,0.779198536094126,1.7416452125258446,1.895934362789578,-0.11876392088808374,-0.49777871337689783,0.9134803567821466,-0.18370334510297784,-1.3593162096369364,-1.0933970957947112,-0.32290795578070314,1.6072795060138227,1.7051813452822424,-0.28224675519144454,-0.9910740242119608,-0.28691449012876546,-0.25600172946755295,-0.5251994455939819,1.0573138899662158,0.11535340126361088,6.4464528513156845,uttar pradesh,unnav,6.4464528513156845
-0.3043330226912529,-1.9099128907865197,-0.831586927140864,0.04232249123440896,-0.28118433569257356,0.4896249488399838,-0.26111785565047185,-1.653729455681007,-1.2396840715469493,-0.8120805709097023,0.7971692841693967,0.9176081963121274,-0.45716153569995427,-2.3439624087418176,2.874384634774703,2.8764165159343706,0.6262927545406552,-0.510121663391949,0.48642149175840327,-1.18759350995109,0.01591280528626546,-0.773178496405194,-1.315667077610038,-0.32290795578070314,-1.4718619646335276,1.2563272345383443,0.19794959954682148,-0.48203573392343246,-0.5967619680440203,-0.1611110983269535,1.145994029478931,0.24266184356336248,-0.3666185793856039,1.8418113363857596,bihar,west champaran,1.8418113363857596
-0.10043474355535388,1.1361511967477667,-0.44045966447082907,-0.2305846074150564,0.01314926164579781,-1.3267092849152724,-0.5812446634818142,0.9298564863462064,0.724290573929751,0.7125303552202593,-0.1535786307958959,-1.2069241585351318,-0.7993247485636602,0.929406640466083,-0.537503221868356,-0.4203500457954562,-0.44095220965977255,0.1046533900463645,0.7972215565379802,-0.44810941160363776,0.24073049466215074,1.0481153175064655,1.8320870001214657,-0.32290795578070314,0.8660777179450619,-0.07162027633087459,-0.18724387925401803,0.2421318338084615,0.47198730360569824,-0.20855641389725318,-1.0594334253304047,-0.03506044498306458,-0.5175390985787924,14.722315838019052,haryana,kaithal,14.722315838019052
0.37532790776174385,0.7432597742281699,-1.3774458541638799,6.2282167272889595,1.3192545998348195,0.41127327601132563,-0.7267568488596969,-0.612926562814429,0.7689263613269484,0.40760816999426763,0.41582534025474643,-0.6056414165972283,-0.7015638306026013,-0.2615142128026446,-0.44865012819031397,-0.5459109079970722,-0.5559761037233905,-0.4675904599876054,-0.49777871337689783,-0.3542066689563423,-0.053204286786010004,-1.4356713140426043,-1.378622159164668,-0.2784590873736428,-1.800408856507978,-0.2821369833755922,2.047914692801076,-0.36992611046703106,-0.32732937855249444,-0.5406736228893512,0.11862099152427137,-0.26958148864449216,-0.6928016369966886,3.434182205131926,jammu and kashmir,anantnag,3.434182205131926
-0.6033838320905716,-0.24127990808564337,2.022352659814116,0.04232249123440896,0.7183235052689786,0.7389257260220778,-1.6289323982025696,-1.4603059092190764,-0.4957542815936538,0.40760816999426763,1.251647683081377,-0.3116809649831421,0.4715671849301044,-0.28812696930027015,-0.09050654061858139,-0.6682693677620901,-0.4876185833175886,-0.44799526808681267,0.1238214161822339,0.9193492781976028,-0.0738312889928985,-0.32403082343067874,0.20810285552855942,-0.11547990321442149,-1.0394942549267507,-0.010631352521456356,-0.21660840454376792,-2.1258052129801372,2.12450718582039,-0.6355642540299504,1.50215001596988,-0.7324519695552041,0.19811626662761755,20.97870463567172,rajasthan,karauli,20.97870463567172
-0.8480617670536503,-0.486259265656686,-1.1840312737226537,0.04232249123440896,-0.7165527817555809,-0.7497560577224265,-0.013747140508071338,-0.9260884951813639,0.5234295306423611,0.31378595915549945,-0.8379081739852001,-0.4720230294999163,-0.7422975464197091,-0.09518448469248701,1.824118011807276,1.613228874818262,1.7173777080641028,-0.3657597086343055,0.2792214485720334,-0.6652595039755088,-0.11017806304293987,-0.3981401894714734,-1.1126690595359245,-0.29327537684266286,0.7188887103853084,1.289969293509799,-0.5707100330378132,-0.40780098325635583,-0.6147241406767885,-0.1611110983269535,-0.31972483800305,0.4401532487519329,-0.2984609255564221,4.893767410918464,uttar pradesh,saharanpur,4.893767410918464
-0.9568075159261299,-1.1333745498066103,-0.9992128968565932,-0.1396155745319013,-0.299580185526222,0.39702751731520575,-1.1923958420689216,-0.8846405923680931,0.5011116369437625,-1.797213784716755,0.008361948126763573,-1.2603715133740565,-0.1638787818167779,0.6300131298677993,2.7092526676616786,1.0449892491309059,1.4676254389657992,0.06209006337660973,0.5900215133515883,1.4006008342649925,0.10989874276120086,1.5668808797920313,-0.9700565278509463,0.847578912271886,0.35354456662091943,4.669134738004766,-1.4291905665087419,-1.7258465563248655,-1.4230219091513656,2.0213734179068332,-1.251209725748608,-0.5843334156637762,0.8504823818497871,2.5030971599149288,uttar pradesh,kanpur nagar,2.5030971599149288
-0.91602786009895,0.8957940912063662,1.214309523748549,-0.2305846074150564,-1.0047544291494028,-1.3836923196997513,1.0193893756748957,1.703550672193928,0.7838049571260145,0.5483414862524166,-2.4102989564277997,-0.2715954488539485,-0.7585910327465524,0.41711107788679846,0.2913932782868315,-0.6726726711124125,-0.5400016891089859,-0.11249988413291234,0.9008215781311651,-1.4810395807238883,0.42279705849633975,-1.4760946046103105,-1.0201636335781008,-0.18956135055952208,-1.4915747781459945,-0.5822755939981896,1.6022648384036928,1.310203246467426,-1.423021909151366,0.3607873729463433,-0.8265622033940153,-1.065718715810917,-0.12319838713852567,2.39745193005244,andhra pradesh,west godavari,2.39745193005244
-1.0111803903623695,-0.9993292409469832,-1.1410502558468256,0.2242605570007193,-0.9005112800920628,0.34004448253072733,-0.7558592859352734,-1.1885918796654122,-1.3066377526427457,-2.1021359699427467,-0.08044417579856575,0.36977280921314865,-0.5304822241707484,-0.9068735578700561,0.5942564081750398,-0.019062333802746287,0.39133911827041706,-0.44250218970150845,0.22742143777541884,-0.6946041110527886,-0.1761345660673857,-1.1055477744063353,-1.1756241410905546,-0.32290795578070314,-0.007857014440976022,0.16353568517181,-1.2150022643952707,-0.40022600869849095,-0.3363104648688786,-0.44578299174875174,-0.5388977527667107,2.0200844902604964,-0.5175390985787923,3.777007324409341,uttar pradesh,etah,3.777007324409341
1.0957684940419203,0.29490132735286506,0.12259166970251792,-0.1396155745319013,0.6815318056016817,-0.4149807283636146,-1.2360494976822862,1.2338077736435253,0.4267186579484329,0.31378595915549945,-0.5088031264972143,-1.0465820940183574,-0.1638787818167779,-0.8004225318795557,-0.5291499669537137,-0.5716101875507718,-0.33387497870382804,-0.4422773268436305,-0.23877865939391338,1.4358143627577282,-0.16432394383602214,1.2142999565070363,1.090758794876128,-0.32290795578070314,-0.5966130446799915,-0.4100038835709207,0.5365053028874694,-0.9744090801846574,-1.0233635680722695,0.3133420573760436,0.3651905206333903,0.5018693128733612,-0.3179345409361883,27.005102149734217,madhya pradesh,burhanpur,27.005102149734217
-0.0324686505100542,-1.65106677712655,0.9134423986177532,-0.5034917060645219,0.36880235842966275,1.0879468140770094,0.33548210439884696,0.02721326952386446,-0.04939640762167656,-3.016902525620725,0.6717959327454021,0.5969240672785789,0.49600741442036916,0.9626725860881145,-0.6994251271139694,0.15063830864997976,-0.4542912513047956,-0.41937343860549087,-1.481978918512221,-0.7356865609609803,-0.005961797860555745,0.4518717816327967,0.16955892804613285,-0.32290795578070314,-1.534942967873422,-0.21519131673018202,-1.8022927701902725,-0.3153862936504026,-1.521813858631592,1.2622483687820374,-0.6484842101485409,-0.9052569490952033,-0.3666185793856039,8.743584869796617,jharkhand,simdega,8.743584869796617
-1.147112576452969,-1.0825297774805451,-1.0207034057945072,1.2249199187154258,0.3626704084851128,0.275938568398189,-0.36297638541499017,-1.2899089754311854,-2.028249648897442,-1.2811916251035367,-0.7438781604172042,1.6792330027668052,-0.5875094263146994,-0.05526534994604958,1.4628353029618877,1.9397404899164068,2.8590212784001454,-0.17334134882160318,0.7454215457413877,-0.7591622466228044,-0.13163679920978355,-1.571538485117395,-1.1820481290042926,-0.32290795578070314,0.8844763438900318,0.37588002922302516,-1.9905711970480817,-0.26236147174534774,2.259223480566153,-0.1611110983269535,0.3240955991152033,0.3660939718062192,-0.41043421399007796,0.5978278919924275,uttar pradesh,kushinagar,0.5978278919924275
-0.7800956740083507,-1.2443085985180262,-1.287185716624641,-0.1396155745319013,-0.489670633807253,0.19758689556953074,-0.7413080673974849,-1.4280686514754215,-2.028249648897442,-0.788625018200012,0.6770198223880686,0.7706279705050844,-0.595656169478121,-1.2727989597124028,1.8855791687216976,2.907800059813032,1.4407851788776378,-0.47597463225991177,0.6418215241482028,-0.5361432328354773,-0.1734730173955291,-0.5654476976544807,-1.2796927452931064,-0.32290795578070314,1.7952083281660085,0.6969349300310945,-0.08360437823137068,-0.49567068812758963,2.380468145837339,-0.6830095696002503,-0.26493160931213466,1.0017694322569304,0.032590535899604464,1.2354909594886618,bihar,saran,1.2354909594886618
1.7346497686677371,-2.2704485490986204,-0.5350179037976508,0.2242605570007193,0.7428513050471757,0.17621825752535147,1.2085552166661437,-0.9675363979946348,-2.4746075228694195,0.40760816999426763,-1.4386554828918412,0.2628780995352991,0.3738062669690457,1.1489618815714917,-0.9027674715382392,-0.5083894261149314,-0.3016828842778454,2.6840231094989098,0.6936215349447732,-0.6828662682218768,-0.056032182249857634,-0.7350009442023604,-0.4921118270688567,-0.32290795578070314,1.4114655584566502,-0.5005734507817992,0.04767232306398253,1.1905186484531587,-0.6910633743660541,0.6454592663681413,0.5843634353970506,-0.5349605643666338,-0.22543486788229866,5.5984346124578765,arunachal pradesh,papum pare,5.5984346124578765
-0.6441634879177514,-1.087152029510187,1.1799247094478866,0.5881366885333399,1.1598239012765346,1.529565333656719,-0.042849577583647776,-0.023445278359022142,0.33744708315403726,-0.4602472802643266,0.8128409530973962,0.11589787372825604,1.1966273264746239,-0.22824826718061306,-0.7359772680461939,-0.2752011553566487,-0.4371410549040517,0.9729452541093601,-0.7567787673598823,-0.36007559037179854,-0.19775964902622037,0.1049052042599832,-0.7966088541800267,-0.17474506109050195,1.7097861362786517,-0.560276259660719,-0.6156204834809603,0.49059099930643324,-1.3377015891457162,0.17100611066514435,-1.0731317325031338,-0.10911972192877857,-0.41043421399007796,20.39609813774756,assam,dhemaji,20.39609813774756
1.1501413684781603,-0.10261234719637388,1.1455398951472244,-0.1396155745319013,0.2584272594277737,0.21895553361371003,1.2813113093550852,-0.332001888191149,-1.4405451148343391,0.689074802510569,-1.6528349582411654,4.164535002776807,-0.4897485083536406,0.6965450211118625,-0.836331605486753,-0.4711614977894789,-0.22558142176201504,-0.32236117706386125,-0.34237868098714247,-0.829589303608276,0.0043517032428884725,-0.2229725970114128,-1.2796927452931064,-0.30809166631168305,0.7806555260577053,-0.4794540898178275,-0.04387590283935591,0.8132849154714819,0.07681950568479422,-0.1611110983269535,-0.5251994455939819,-0.03506044498306458,-0.1962244448126491,2.734584450402145,uttarakhand,almora,2.734584450402145
-0.5354177390452718,-1.2997756228737338,-1.1281559504840772,0.1332915241175642,-1.2561643768759279,-0.36512057292719563,-0.4939373522550844,-0.6037159177448131,0.15890393356524593,-0.1787806477480253,0.2643325406174196,0.0357268414698689,-0.53862896733417,-0.25486102367823865,1.0344516599985611,0.31011794999256365,2.324973082204877,-0.3903982532046465,0.3310214593686038,-0.2837796119708709,-0.16224460893613415,-1.5692927467525226,-1.3529262075097168,0.5512531228914838,-1.634821223003255,0.7372783246930404,-2.002662472167391,-0.19873168545928183,1.0198335689051343,-0.20855641389725318,0.18711252738791548,1.7176757760654981,-0.43964463705972734,5.139500734214391,uttar pradesh,rampur,5.139500734214391
-1.0927397020167293,-1.5401327284151343,-1.0421939147324213,-0.04864654164874616,-0.4160872344726605,0.29730720644236824,-1.5416250869758399,-1.1379333317825258,-0.4139220046987917,0.24341930102642495,1.131498221300049,0.7305424543758908,-0.7422975464197091,-0.8802608013724306,-0.36007192931307225,0.5020486026926747,0.3953124498242536,-0.3799903152114386,-0.03157861620754351,-0.5126675471736535,-0.22063233292498785,0.13971414891550832,0.0372247770231348,-0.32290795578070314,-1.7438987911055728,-0.12685552808280048,0.4225018517625579,-0.7517048281834265,1.9628476321254742,-0.7779002007408496,0.5843634353970506,0.2796914820362193,-0.7512224831359875,1.1403108662853936,bihar,lakhisarai,1.1403108662853936
3.610513936718009,-0.9068842003541369,1.1799247094478866,-0.4125226731813667,-1.2009768273749832,1.3657391086513426,-1.221498279144498,0.1377410103592532,-1.1578517946520865,-1.1404583088453877,0.9852293113053887,-0.28495728756367966,1.8402200363849277,-0.6873183167646483,-0.8969326077018966,-0.6402483464418571,-0.2906143178064433,-0.4923896208850021,-0.03157861620754351,-1.1054286101347064,-0.21930155858905956,-1.1953773090012385,-0.47926385124138127,-0.32290795578070314,-1.800408856507978,-0.6268834750086297,-1.4810103170200655,-0.19570169563613565,2.519674983741295,-0.3034470450378526,-0.2238366877939484,0.4339816423397901,-0.35201336785077914,19.890685749704176,meghalaya,ri bhoi,19.890685749704176
1.571531145359018,1.1500179528366936,0.08390875361427247,-0.5034917060645219,0.7489832549917256,-0.6785272642418282,-0.0865032331970127,1.0403842271815955,0.7094119781306849,0.5952525916718007,-0.1379069618678967,1.866298744703042,-0.8237649780539248,0.9493662078393027,-0.726613109670544,-0.2277789126080256,-0.30594002522838465,-0.3995855071122313,0.48642149175840327,-0.23095931923176705,-0.1213232981063393,0.6596025803835102,1.0265189157387502,-0.30809166631168305,-0.04465426633091463,-0.16523590521924902,0.8474238059554114,1.2238485365077647,0.4136102425492014,-0.39833767617845195,-0.05945700172120272,-1.4360151005394863,-0.24490848326206485,15.086345252616036,himachal pradesh,mandi,15.086345252616036
0.361734689152684,0.8865495871470821,-0.8057983164153671,-0.3215536402982116,-0.5755179330309449,-1.1343915425176572,0.6410576936924008,0.6028785863748478,1.1706484479017283,0.6656192498008752,0.8389604013107285,-1.2870951907935189,-0.7993247485636602,0.8961406948440515,-0.5170723308669379,-0.377971586884475,-0.5207837385322659,-0.4915865392497237,-0.1351786378007726,-0.1546633408308394,-0.12290359263025415,0.5181210633965373,1.6869048732709924,-0.32290795578070314,1.231421861709451,-0.14398116373627745,0.20831354964908563,0.5042259535105894,0.2788939478034385,-0.5881189384596509,-0.10055192323938895,0.1562593537933632,-0.6733280216169224,15.53559296444478,haryana,yamunanagar,15.53559296444478
0.6879719357701223,1.177751465014548,0.7157297163889443,-0.4125226731813667,-1.2561643768759279,-1.4050609577439308,1.586886898648638,1.9890806693520158,1.557491938677441,0.6656192498008752,-2.4102989564277997,2.026640809219816,-0.8074714917270818,1.415089446547744,-0.22409654623332215,-0.68783070931231,-0.3007503676886797,1.308344268267027,1.8332217724698958,-0.606570289820949,-0.054119194141960716,0.3575507703081486,-1.2655599718828834,-0.32290795578070314,0.28783518824602944,-0.5489719863242343,0.8975162314496911,1.2208185466846189,-0.8482323849027776,0.4556780040869427,-1.4703826405122689,-1.4360151005394863,0.1981162666276173,2.8000605418495534,kerala,kollam,2.8000605418495534
-1.3238244183707482,1.1084176845699132,-0.333007119781259,-0.5034917060645219,-1.4769145748797061,-0.6215442294573496,-0.26111785565047185,1.2568343863175648,1.52773474707931,0.5483414862524166,0.6561242638174029,-1.434075416600562,-0.3105201587583661,0.004613352173607521,2.2695007945491263,0.472613186962944,-0.07029713756615441,0.947632120965385,1.00442159972435,-0.07836736242991178,-0.08921836725206934,1.1727537967568935,0.9558550486876349,1.0698232543071877,0.28257843797603827,-0.06796500231787948,0.14440252401845377,0.052757469861836034,-0.20608471328130804,1.546920262203836,2.008987381360845,-0.8990853426830604,0.9916660933530922,10.65481956071191,gujarat,surat,10.65481956071191
-0.6305702693086914,0.9281498554138625,-0.81009641820295,-0.594460738947677,-0.8391917806465689,-0.14431131313734083,0.2627260117099056,0.6673531018621579,0.7168512760302175,0.03231932663919816,-0.6289525882785424,-0.7659834811140025,-0.10685157967282696,0.4237642670112044,1.1384062325721827,-0.20346734077685188,-0.5554490291295141,-0.5442365712585749,0.8490215673345727,-0.5302743114200217,-0.08589143141224861,0.6876743099444173,-0.015451923869514597,0.5364368334224635,0.754371774707749,-0.33859065979851644,-2.120120573326391,-0.17752175669725972,-0.6865728312078623,0.740349897508741,0.24190575607883083,-0.9176001619194888,0.5778517665330595,11.54999885507545,maharashtra,solapur,11.54999885507545
0.33454825193456394,1.0390839041252784,-0.4791425805590744,-0.04864654164874616,-0.15854533680158558,-1.2198660946943751,0.8011210976080716,0.9114351962069747,0.9772267025138709,0.7125303552202593,-0.2893997615052235,-1.5409701262784115,-0.8319117212173464,1.1622682598203036,1.0589616351408873,-0.5626167740413255,-0.41423358217019757,-0.46701224121020496,-0.8603787889530893,2.4980891389552586,-0.12306993942224517,0.7629065451676487,-0.006458340790281966,0.5957019912985442,-0.300920841992986,0.014278662974510201,0.27740655033085104,0.46938107054441114,-0.05340624590277635,0.9775764753602393,-0.9224503536031169,-0.7077655439066329,0.8456139780048453,10.782124613831709,delhi,north west,10.782124613831709
0.28017537749832416,0.7201485140799583,-0.15678494649036415,-0.5034917060645219,1.0923724518864915,-0.22266298596599904,0.08811138925644646,0.8745926159285119,-0.34696832360299473,0.5483414862524166,0.04492917562542883,-0.8327926746626585,-0.5549224536610131,-0.24820783455383177,0.19314942351048145,-0.6698705689803892,-0.49110538447707797,-0.2605560144128364,-0.186978648597343,1.271484563124961,-0.1454435829450395,0.8987737162424394,0.8479320517368404,-0.21919392949756233,0.8397939665951063,-0.3960596901139394,0.39141000145576327,-1.4743574010037472,-0.6596295722587098,-0.1136657827566538,1.0501058792698295,-0.8682273106223464,0.7433774972610726,15.796478099022123,madhya pradesh,ujjain,15.796478099022123
1.014209182387561,0.7432597742281699,1.5409652596048422,-0.594460738947677,-0.15241338685703612,-1.2056203359982554,0.9611845015237428,1.8647369609122033,0.657336892833954,0.38415261728457395,0.18075030633475644,1.4921672608305687,-0.0009439185483465372,1.3485575553036808,-0.625043914561932,-0.681719457995802,-0.50371463053058,-0.5443008177893973,1.2634216537073344,0.866528985458499,-0.20000533071809937,-1.578275700212013,-1.3028191017825623,-0.32290795578070314,0.5677571401230611,-0.45549173795485964,1.9580937919147825,1.1374938265481034,-1.0503068270214218,-0.44578299174875174,-0.018362080203016475,0.6253014411162177,0.5729833626881177,6.159754607346816,tamil nadu,thiruvarur,6.159754607346816
0.37532790776174385,1.066817416303132,1.2057133201733838,-0.1396155745319013,1.0126571026073494,-1.4193067164400504,1.6305405542620035,1.8324997031685482,1.274798618495189,0.5717970389621103,-0.49835534721188124,1.9865552930906227,-0.5875094263146994,1.4350490139209626,-0.619173580428712,-0.6766489874711885,-0.5565031783172667,-0.5591417664093419,0.6936215349447732,0.3265882152365499,-0.1541767895245689,-1.0011209404397605,-0.6681290959052716,0.032682991475779674,0.7333447736277843,-0.4950905397623065,1.22398065967103,1.8359064807832566,-0.7404593491061673,-0.5881189384596509,-1.333399568784981,1.4769831259919277,-0.20596125250253222,10.564032865880026,tamil nadu,theni,10.564032865880026
-0.05965508772817422,-0.7219941191684442,-0.4275653591080808,0.31522958988387445,0.6876637555462316,1.0024722619002913,-0.6248983190951787,-0.7326649487194336,-1.4851809022315365,-0.10841398961895081,0.7501542773853987,0.4766675188909982,-0.3186669019217877,-2.5169453259763817,0.6033545393241088,-0.1782484215886421,-0.30752124901001354,-0.4420524639857526,-0.08337862700415806,-0.8354582250237318,-0.1739720577715022,0.7168689086877605,0.9892597858390716,-0.24882650843560253,-0.5992414198149869,-0.29086902685108046,0.9614272570803237,-0.8713894261976939,-0.9380432480666195,-0.9202361474517488,-0.2238366877939484,0.026655619138363472,-0.2887241178665389,11.494252873563218,madhya pradesh,rewa,11.494252873563218
1.5987175825771378,0.7571265303170966,-0.7198362806637111,-0.1396155745319013,0.2522953094832238,-0.9563195588161615,2.489062447991511,0.7548542300235076,-0.09403219501887386,0.6656192498008752,0.18075030633475644,-1.5810556424076052,-0.6608301147854935,1.2886788531840236,1.9689875718290495,0.8455596373917611,-0.47748253343535235,-0.46357505181121345,-0.8085787781564747,2.4746134532934345,-0.1604979676202283,-1.0089810247168147,-1.1152386547014197,1.9736169119174147,0.06836586447389637,-0.15061480916726863,0.42595650179664596,0.7057202767497992,-0.5024605617219858,3.587068831726723,-0.6210875958030834,-0.21403703093520676,1.532058920141606,13.644321277447618,delhi,central,13.644321277447618
-0.9024346414898902,0.25330105908608463,1.4893880381538485,0.31522958988387445,-0.02977438796604815,-0.05883676096062319,0.5683016010034595,-0.5346360797226951,-0.6371009416847798,0.5952525916718007,0.7240348291720665,-0.2715954488539485,0.26789860584456526,0.017919730422420316,-0.12068289568708196,-0.6746474859483147,0.11138142052304957,5.073255220982944,-0.49777871337689783,-0.11944981233810373,-0.19152164432655652,0.20259482313194072,0.5768397617771068,-0.32290795578070314,0.07756517744638101,-0.5605470206987188,-0.9161750364466379,0.16032210858351903,-0.8796661870101222,0.5031233196572423,0.33779390628793243,-0.849712491385918,-0.0453039256194608,4.759589549374344,chhattisgarh,janjgir champa,4.759589549374344
3.039598755137491,1.24246299342954,0.8059898539281832,-0.594460738947677,-1.0783378284839953,-1.1700059392579563,1.0775942498260491,1.3719674496877614,1.609567023974172,0.47797482812334213,-2.4102989564277997,0.12925971243798723,-0.6363898852952288,0.9626725860881145,-0.7636440996106142,-0.6859092678503512,-0.4244912646510208,1.3577177272039425,1.315221664503949,0.27376792249744636,-0.1254819679061152,0.648373888559147,-0.7285145822944064,-0.30809166631168305,-0.5230185409001146,-0.6093516977981533,0.4950495024784106,0.8708547221112558,-0.21955634275588404,0.07611547952454513,-0.4978028312485245,-1.4298434941273437,1.1669286317709886,3.129272368221176,kerala,idukki,3.129272368221176
-0.7665024553992907,0.25330105908608463,2.331815988520077,0.04232249123440896,1.6565118467850364,1.009595141248351,-1.0323324381532504,-0.714243658580202,1.356630895390052,0.5483414862524166,0.12328752026542548,-0.5655559004680346,-0.13943855232651312,-1.0665500968558073,-0.3111051844737362,-0.2782167509844452,-0.5272302662573682,-0.3612303282113354,-1.481978918512221,1.2656156417095048,-0.13687672315750116,-0.6283283718709128,-0.13622289664778478,-0.21919392949756233,-1.4245512122036068,-0.2579038704746247,0.757602905069117,-1.1834783779817317,1.2084363815492023,0.5031233196572423,0.5843634353970506,-1.0780619286352024,0.7385090934161312,22.386568059164503,rajasthan,jhalawar,22.386568059164503
-0.23636692964595324,1.3164190259038173,0.8833556861046735,-0.594460738947677,-0.25665653591437604,-1.3124635262191529,0.6556089122301888,2.2654000214404877,-0.22793955721046788,0.5952525916718007,-0.2789519822198908,1.2650160027651385,-0.4734550220267974,1.3552107444280868,-0.27640636655335904,-0.6798247032208149,-0.5453129792472778,1.2097900899856628,0.3310214593686038,1.582537398144127,-0.11550116038665303,-1.376159247373481,0.6757691756486682,-0.29327537684266286,1.3838676195391963,-0.5156683786502789,2.0064588923920166,1.9268061754776367,-0.7180066333152066,-0.1136657827566538,-1.319701261612252,0.9153669424869308,0.728772285726248,7.1595478752309525,tamil nadu,tirupur,7.1595478752309525
-0.8344685484445904,0.6230812214574699,-0.6037875323989755,0.04232249123440896,-0.6920249819773834,-0.5503154359767513,0.30637966732327054,-0.00041866568498280705,1.044180383609668,0.7125303552202593,0.6874676016734013,-1.794845061763304,-0.5793626831512778,1.1090427468250534,-0.6957894216840297,-0.30383597047722977,-0.5483943384114777,-0.4586601922033097,1.108021621317535,-0.9293609676710274,-0.09653762609967494,0.9223539690736011,0.42651844459564353,-0.32290795578070314,0.6926049590353521,-0.5587193836922212,0.2981344505353808,0.34363649288385223,-0.9021189028010829,1.3571389999226369,-0.004663773030287726,-0.17700739246234976,-0.15727721405311662,9.248820011083296,haryana,rewari,9.248820011083296
-0.7529092367902309,1.1130399365995551,1.4721956310035171,-0.2305846074150564,0.6570040058234846,-1.4905355099206485,0.1317650448698114,2.2055308284879858,0.9549088088152722,0.5248859335427263,-0.6707437054198742,0.4499438414715358,-0.2697864429412583,1.3285979879304612,-0.35212658281252085,-0.6583152335216645,-0.5565031783172667,-0.5591417664093419,0.4346214809617887,1.1893196633085776,-0.15941671347228656,0.6270393740928578,1.2397953144748437,-0.21919392949756233,0.8857905314575296,-0.5923614426636761,1.572900313113943,1.8980212721577494,-0.2150657995976922,-0.5406736228893512,-1.045735118157676,0.5080409192855041,0.8748244010744949,15.50144613674897,tamil nadu,krishnagiri,15.50144613674897
-0.5761973948724516,0.47979140853855773,1.760168450771565,-0.1396155745319013,0.7244554552135276,-0.4363493664077939,0.0008040780297166242,0.0502398821979038,0.4044007642498332,0.6187081443814911,0.9329904148787243,0.06245051888933128,-0.7341508032562876,0.8029960471023638,-0.9636256334057444,-0.565632369669122,-0.40304338310020865,-0.41930919207466855,-1.2229788645292587,-0.2955174548017828,-0.1379579773054429,-1.2189575618324007,-1.260420781551893,-0.29327537684266286,0.762256900112736,-0.47586650606433234,0.15131182408662988,1.1026489435819251,-0.8527229280609699,-0.1611110983269535,-0.10055192323938895,0.10071489608407763,-0.7317488677562212,11.760299625468166,uttarakhand,uttarkashi,11.760299625468166
-0.9024346414898902,-1.1795970701030334,0.273025232267916,-0.2305846074150564,-1.8816232712199665,0.318675844486548,0.07356017071865799,-1.2530663951527223,-0.46599708999552153,0.36069706457488354,-0.017757500086568647,-0.44529935208045396,-0.15573203865335633,0.21086221503020253,0.7642566735344951,0.4159573505221299,0.3664449797596446,-0.12920398214670278,1.0562216105209645,-1.4575638950620646,-0.22063233292498785,-0.49358406997855825,-0.8659879236483945,0.5660694123605038,-0.8515654327745652,0.33106907743408537,-1.7003805941846692,0.25273679818947226,-2.3839981450044743,-0.9202361474517488,-0.8950537392576594,-0.6707359054337758,-0.6100387716326819,1.0310239174248867,jharkhand,dhanbad,1.0310239174248867
0.9054634335150814,1.0760619203624169,-1.179733171935071,-0.5034917060645219,-1.5321021243806507,-0.25115450335823825,0.0008040780297166242,-0.7787181740675122,-0.8454012828717028,-0.03804733148987633,0.9225426355933912,-0.48538486820964755,0.08867025624929067,-0.5342949669033036,1.0373602243425128,0.4778170909224159,-0.5470158356274936,-0.46765470651842767,1.108021621317535,-1.164117824289266,-0.1163328943466082,0.7112545627755794,0.9609942390186254,-0.30809166631168305,0.7609427125452382,-0.590127664100179,-1.199456339241874,-0.29266136997680764,-0.15668873854119492,-0.6830095696002503,0.5158718995334062,-0.41152843612377715,-0.07938275253405175,6.381103973622875,maharashtra,jalgaon,6.381103973622875
1.4627853964865385,-0.19505738778922022,-0.788605909265036,0.679105721416495,-0.3854274847499135,0.5608537423205822,-0.0865032331970127,0.6212998765140793,0.36720427475216844,-0.01459177878018261,1.998663901982679,0.9844173898607834,-0.10685157967282696,0.09775799991529519,0.8464856892706711,0.1414047149577886,0.49115893751068046,-0.4389686305062836,-1.4301789077156286,0.8489222212121309,-0.16632010533991456,-1.0718616989332468,1.449217320462695,0.832762622802866,-1.4718619646335276,-0.4287540854523955,-0.2615188549869155,0.2133469304885739,-0.012991357479047871,0.9775764753602393,-0.2238366877939484,-1.1891508440537735,0.20785307431750064,18.657003174528107,west bengal,uttar dinajpur,18.657003174528107
-1.5820955719428869,1.00210588788814,0.05812014288877591,-0.5034917060645219,-2.3169917172829737,-0.30813753814271716,0.3791357600122119,0.5752466511660006,-0.8900370702689001,0.17305264289735045,0.8755276288093933,-1.4207135778908309,-0.3105201587583661,-2.2375113827513164,-0.02256318694980315,-0.3049301246430674,-0.2087555789575027,0.7803984012350133,-0.03157861620754351,0.8078397713039389,-0.03299315155909913,1.1660165816622756,1.6663481119470316,-0.32290795578070314,-0.440224724147753,-0.5669775953512101,-0.5862559581912105,0.08457236300486884,-0.7449498922643596,-0.73045488517055,0.2556040632515592,-0.19552221169877818,-0.17675082943288295,18.115619491872454,gujarat,mahesana,18.115619491872454
-0.3722991157365526,-1.609466508859769,-0.9433375736180168,-0.2305846074150564,0.6018164563225397,1.3087560738668642,-1.1632934049933452,-1.4925431669627316,-1.3363949442408773,-1.1639138615550781,-0.117011403297231,-0.9263255456307768,0.09681699941271221,-1.4857010116934046,-0.3640357349891286,-0.03873042210085279,0.09451503351900828,-0.029557612841360086,0.17562142697882638,1.1482372134003858,-0.21156643276147635,0.2183149916860486,-0.16834283621647342,-0.18956135055952208,-1.6177367846257837,0.7137898046465719,0.09085544849008609,-0.5729354286178124,1.2353796404983548,-0.6355642540299504,0.036431148487898884,0.6006150154676465,0.17864265124785136,7.075047793336711,uttar pradesh,chitrakoot,7.075047793336711
-0.4266719901727924,1.00210588788814,-0.2384488804544376,-0.3215536402982116,-0.4958025837518025,-2.1387175305940933,1.4413747132707553,1.1324906778777528,-0.458557792095989,0.6421636970911848,1.3352299173640405,-1.30045702950325,-0.913379152851562,1.1689214489447104,-0.23175813035885393,-0.17952938256328133,-0.5346093105716363,-0.378191412348415,-0.44597870258032746,-0.019678148275352296,-0.17804755417528262,-0.15110896933549037,-0.8569943405691617,1.855086596165254,0.45867957202074383,-0.4688267190763418,0.6228715537396751,0.619365566790138,0.18908308463959644,-0.8727908318814491,-0.6758808244939987,0.14391614096907726,-0.8193801369651692,1.6376546037562985,punjab,patiala,1.6376546037562985
-0.04606186911911409,0.8680605790285125,-0.32011281441851075,-0.3215536402982116,0.01314926164579781,-0.03034524356838397,-0.8286153786242147,-0.3550285008651884,1.2971165121937878,0.5014303808330325,-0.14835474115322975,-0.3384046424026044,-0.20461249763388573,0.32396643014510984,0.10466876794965277,-0.2520104243782843,-0.39825916755579316,-0.4765207277719011,-0.6013787349701049,1.8877213117478377,-0.12764447620199867,0.2924243577268437,0.5061758947259917,0.5808857018295239,-0.13007645821827168,-0.5476181811342361,-0.7209873095206517,0.13759718490992404,0.37319535412547294,0.07611547952454513,0.9542177290607282,0.06368525761122079,0.24193190123209146,14.253315146770404,maharashtra,amravati,14.253315146770404
-0.8616549856627104,-1.5909775007412,-1.2227141898108989,0.40619862276702967,-0.6858930320328339,0.14772674013311174,0.29182844878548203,-1.4188580064058056,-1.6786026476193934,-0.48370283297401695,0.776273725598731,0.12925971243798723,-0.2860799292681014,-0.7471970188843045,0.20139626753449133,0.4617517053654823,1.2554170986312998,-0.37552518131929075,0.7454215457413877,0.6024275217629808,-0.17821390096727363,-1.3705449014612994,-1.3619197905889497,-0.32290795578070314,0.502047761748171,4.329465015834222,-1.7021079192017134,-0.06238214341771185,1.3925486510350777,-0.7779002007408496,-0.5936909814576259,2.094143767206211,-1.023853098452715,0.2455426095634886,uttar pradesh,hathras,0.2455426095634886
-0.290739804082193,-0.2181686479374318,-0.8358850289284468,-0.5034917060645219,1.4725533484485545,1.273141677126565,-0.3338739483394132,-0.12936769665960296,0.5606260201400258,0.29033040644580904,0.128511409908092,0.08917419630879365,0.19457791737377111,-1.9447710612774394,-0.6794819526946165,-0.6266114493993435,-0.523743465097879,-0.4234852165781162,-1.481978918512221,0.36767066514474184,0.14899023887909432,0.8909136319653854,0.9468614656084018,-0.2784590873736428,-0.9869267522268387,-0.5380738545447489,0.9337900568076171,-1.4289075536565574,-0.3363104648688786,0.5031233196572423,1.7898144665971851,-1.3928138556544867,-0.5759599447180912,53.645533577681526,madhya pradesh,umaria,37.781636137288096
-1.0927397020167293,1.066817416303132,0.42775689662089655,-0.5034917060645219,-1.6486091733270896,-0.24403162401017883,0.24817479317211766,0.29432197654272096,-0.11635008871747357,-0.3898806221352521,0.1703025270494234,-0.4319375133707228,-0.38384084722916023,-0.6473991820182099,-0.22900918235085055,-0.5907979154833886,-0.4878213043152334,-0.4605233415971556,-0.29057867019052797,0.9897763351830748,-0.0669278971252705,1.24349455525038,1.8372261904524563,-0.15992877162148186,-1.071034756546698,-0.2044962557291963,-0.4238874065890626,0.10578229176689091,1.2039458383910104,-0.8253455163111494,4.721252201561146,0.44632485516407605,-0.05990913715428531,22.8677239060299,gujarat,sabar kantha,22.8677239060299
0.15783641001678494,1.0159726439770669,-0.4275653591080808,-0.5034917060645219,-0.3854274847499135,-1.2626033707827342,-0.6248983190951787,0.6673531018621579,1.4607810659835128,0.6656192498008752,0.6717959327454021,-1.4875227714394867,-0.8726454370344542,1.2354533401887735,-0.665515523299116,-0.3276671819429137,-0.5452724350477489,-0.468200802030417,-0.03157861620754351,-0.44810941160363776,-0.13205266618976114,0.6674626646605638,1.4569261059591805,-0.32290795578070314,0.8713344682150534,-0.14472575659077652,0.03039907289354155,0.46180609598654593,-0.2779334038123813,-0.44578299174875174,-0.716975746012185,-0.343640765590206,-0.1962244448126491,20.706020706020706,haryana,fatehabad,20.706020706020706
-1.5820955719428869,-1.8960461346975925,-0.7327305860264596,-0.594460738947677,-1.0967336783176438,0.8386460368949153,0.6556089122301888,-1.5339910697760024,-1.4926202001310696,0.17305264289735045,-1.8095516475211586,0.2896017769547615,0.8707575999377611,0.8029960471023638,-1.0849872541719803,-0.6452387569055558,-0.5408125730995649,-0.4685862812153506,-0.23877865939391338,-1.6218936946948317,-0.00962142728435858,-1.777023545503236,-1.3799069567474156,-0.32290795578070314,1.9489682735632516,-0.6501012340170986,0.6315081788248958,-0.263876466656921,-2.406450860795435,0.9775764753602393,1.0090109577516433,-0.485587713069491,-0.18161923327782448,12.858555885262117,nagaland,mokokchung,12.858555885262117
0.18502284723490472,-0.9993292409469832,-0.9605299807683481,0.1332915241175642,-2.7094365137341354,1.9854296119325474,0.08811138925644646,-0.953720430390211,-0.9941872408623619,-0.4602472802643266,-1.0677593182625238,-0.6724506101458841,1.7424591184238687,0.16428989115935821,-1.0317286034104711,-0.6625050433762136,-0.5182294539619423,-0.5135588527909405,1.0562216105209645,-1.6688450660184793,-0.0669278971252705,-1.688316880090769,-1.444146835884793,-0.2784590873736428,-0.8187107435871199,-0.6484089775296009,-1.3790981410144623,0.8738847119344023,-0.2779334038123813,-0.44578299174875174,-0.19644007344849093,-0.15849257322592117,-0.5370127139585587,4.069355980184006,manipur,ukhrul,4.069355980184006
-0.9024346414898902,0.9882391317992125,-0.7284324842388769,-0.4125226731813667,-0.17080923669068457,-0.7497560577224265,-0.36297638541499017,0.14234633289406112,1.0516196815092005,0.5483414862524166,0.776273725598731,-2.342680448862283,-0.7015638306026013,1.2886788531840236,-0.24583097064498693,0.25503662808307687,-0.5446642720548147,-0.4643138869156696,-0.44597870258032746,-0.21922147640085515,-0.02891765515531877,1.0761870470673724,1.7794102992288163,-0.32290795578070314,0.2654939995985667,-0.182361540872726,-0.41006880645271043,0.40272129443519905,-0.6147241406767885,-0.20855641389725318,0.009034534142441021,0.03282722555050661,0.1883794589377342,11.81274609887706,haryana,sonipat,11.81274609887706
-0.44026520878185227,-1.2073305822808875,-1.2785895130494753,0.04232249123440896,-0.20760093635798105,0.17621825752535147,-1.439766557211322,-1.3958313937317663,-2.1547177131895023,0.21996374831673457,1.1576176695133813,-0.21814809401502372,-0.7422975464197091,-1.1530415554730895,0.4860897378472197,1.9080900791680293,0.17969839672932247,-0.4246416541329171,0.1238214161822339,-0.20748363356994326,-0.17180954947561877,-1.0213325857236137,-0.8749815067276274,-0.32290795578070314,1.7807522649235323,0.43199525434845,1.564263688028722,-0.03056725027467905,-1.3556637617784841,-0.7779002007408496,0.11862099152427137,0.15008774738122008,0.4853520934791698,4.057277345019137,bihar,bhojpur,4.057277345019137
0.42970078219798363,-2.0439581996461467,-0.745624891389208,-0.1396155745319013,-1.906151070998164,0.6392054151492403,-0.013747140508071338,-1.9576807429783263,-3.3152481855166434,-0.08495843690926043,-1.365521027894511,-0.9797729004697016,0.2760453490079868,-0.3546588605443332,-1.0659751750456607,-0.6262912091556838,-0.4929298734558805,-0.46007361588139967,0.020221394589048963,-1.792092415743055,-0.11275643831880096,-1.4873232964346734,-1.1846177241697875,-0.2784590873736428,1.9266270849157892,-0.5625100382242161,-1.132090663577153,-0.012387311335802799,0.01844244462829693,1.7367015244850343,2.0226856885335738,-0.16466417963806415,-1.023853098452715,5.483658697082693,nagaland,tuensang,5.483658697082693
-0.27714658547313314,1.1731292129849051,0.8360765664412626,0.40619862276702967,0.6508720558789347,-0.10157403704898225,-1.5852787425892048,0.8884085835329354,0.7689263613269484,0.6421636970911848,0.833736511668062,-2.7034500940250252,-0.668976857948915,1.208840583691148,-0.9041064752453633,-0.48655971617212135,-0.5505026367869829,-0.4323191145661785,-0.7567787673598823,4.205945270852945,-0.04771484265030584,0.42380005207188964,1.128017924775807,-0.29327537684266286,-0.16293114740571682,-0.6348709256296191,0.9666092321314566,1.3632280683724811,0.5303643646621959,0.9301311597899398,-0.5115011384212529,-0.7941680336766324,0.11048499741866934,26.98138966731336,the dadra and nagar haveli and daman and diu,dadra nagar haveli,26.98138966731336
0.1986160658439646,1.2979300177852477,0.8102879557157661,-0.594460738947677,-0.31184408541532055,-2.302543755599469,1.2813113093550852,1.8647369609122033,0.724290573929751,0.689074802510569,0.18075030633475644,0.23615442211583676,-0.8807921801978759,1.4550085812941813,1.3002837999466994,-0.39739949499983673,-0.5565031783172667,-0.5591417664093419,0.7972215565379802,-0.20748363356994326,-0.15800276574036276,-1.1650598410754587,-0.7079578209704456,-0.2043776400285422,1.3759824941342094,-0.20605313169769426,0.9199714566712641,1.016294233622264,-1.1221555175524958,0.07611547952454513,2.0637806100517606,-1.1829792376416304,0.7677195164857803,10.833940897104815,tamil nadu,chennai,10.833940897104815
2.672581852692873,-0.6572825907534519,0.04952393931361018,-0.594460738947677,0.2522953094832238,1.3301247119110433,0.45189185270115323,-0.3918710811436515,-0.4957542815936538,-0.41333617484494245,0.7553781670280653,-0.7526216424042713,0.8463173704474963,0.7298109667338939,-1.041039556340805,-0.6310414394366376,-0.5228109485087132,-0.49544133109905997,0.9526215889277576,-1.017394788902867,-0.22063233292498785,-1.628804813421646,-1.3516414099269694,-0.32290795578070314,0.2720649374360556,-0.5505288622927321,-0.31852058054937127,0.8163149052946277,-0.1521981953830026,-0.5406736228893512,-0.5662943671121682,1.7238473824776406,-1.023853098452715,2.576298057867618,arunachal pradesh,changlang,2.576298057867618
1.3812260848321791,0.04992196978182242,0.42775689662089655,-0.594460738947677,0.6140803562116386,0.9312434684196929,-0.8140641600864262,0.9482777764854382,1.0664982773082665,0.31378595915549945,0.8076170634547297,0.8507990027634715,0.438980212276418,0.7630769123559255,-0.7325100465264222,-0.45603014627655303,-0.5341633243768178,-0.4810179849294601,0.07202140538564143,0.5730829146857006,-0.15567391065248826,-0.9213972284867841,0.24022279509724834,-0.32290795578070314,-1.3667269592337035,-0.29824726513657057,1.0754307082052352,0.5421008262999149,-0.030953530111815713,-0.5881189384596508,-0.5115011384212532,0.8659940911897881,-0.48346027166420147,14.211471833696908,odisha,nayagarh,14.211471833696908
-0.712129580963051,0.572236449131404,2.3361140903076603,0.2242605570007193,0.9758654029400526,0.2616928097020691,-1.2506007162200745,-0.38266043607403566,-0.525511473191786,0.07923043205858227,-0.5558181332812122,-0.4319375133707228,-0.5304822241707484,0.31066005189629703,-0.5974480235912666,-0.5741721095000502,-0.48903763030110176,-0.5161929605546537,-0.8085787781564747,-0.9469677319173954,-0.09096500856797521,-0.3936487127417285,0.0012504447062031846,-0.2636427979046227,-1.2418791403214124,-0.22047115697117492,-0.7451698597592695,-1.8470461492507053,1.1410782341763208,-0.49322830731905143,-0.3060265308303209,-1.1150915671080595,-0.3812237909204287,10.754355029356482,rajasthan,jaisalmer,10.754355029356482
-0.14121439938253377,-0.24590216011528543,-1.153944561209574,-0.2305846074150564,-1.2990880264877738,-0.6714043848937683,0.16086748194538783,-0.5530573698619269,0.575504615939092,0.36069706457488354,1.282991020937376,-1.086667610147551,-0.5549224536610131,0.21751540415460938,-0.17019056255379938,-0.5923457433277443,0.2961413377764534,-0.301448931281212,0.6418215241482028,-0.18987686932357511,0.02522822563776352,0.2744584508078632,-0.4664158754139055,-0.2784590873736428,-1.1144029462741254,0.3259923079715922,-0.9559035118386523,-0.25478649718748253,1.4015297373514624,-0.9202361474517488,-0.9909418894667609,1.0634854963783584,0.168905843557968,3.480740331633636,uttar pradesh,bagpat,3.480740331633636
-0.8344685484445904,1.1500179528366936,1.515176648879345,-0.2305846074150564,-0.5141984335854509,-1.1201457838215376,0.6847113493057658,1.054200194786019,0.8656372340208766,0.40760816999426763,0.18075030633475644,1.799489551154386,-0.45716153569995427,1.3152916096816494,-0.7570377568171871,-0.6803317502732763,-0.5565031783172667,-0.4118887177646962,1.5224217076903188,0.907611435366691,-0.1634090364800714,-0.7832843190471205,-0.03215429244523292,-0.32290795578070314,1.0014390373973359,-0.6097578393551528,1.4865340622617365,1.0238692081801284,-1.2209474670327218,-0.3508923606081524,-1.1964164970576927,1.1313731669119298,0.16403743971302648,9.988508795191374,tamil nadu,karur,9.988508795191374
-1.2286718881073286,0.1747227745821651,0.13548597506526622,-0.2305846074150564,0.9084139535500095,0.3614131205749066,0.4809942897767297,0.40024439484330177,-0.34696832360299473,0.36069706457488354,0.8128409530973962,-0.15133890046636778,-0.07426460701914067,-1.9713838177750644,-0.48101677409099797,-0.6469467048717413,-0.17891504810419895,-0.4799579171708926,0.3310214593686038,0.34419497948291805,0.005599304182821244,0.6921657866741622,0.427803242178391,-0.32290795578070314,0.6597502698479073,-0.6561256671125906,0.25495132510927726,-0.8365445432315146,0.9794186804814059,-0.7779002007408496,2.913075654760945,-0.3744987976509202,-0.3860921947653701,19.494137170158833,madhya pradesh,alirajpur,19.494137170158833
-0.290739804082193,0.04529971775218037,-0.46195017340874306,-0.5034917060645219,0.8777542038272625,0.6534511738453597,0.8011210976080716,-0.04186656849825354,-2.1770356068881016,0.05577487934889187,-0.5662659125665452,-0.9129637069210456,0.8055836546303885,-1.499007389942217,-0.48779160079459316,-0.6770226010887915,-0.48644280153124925,-0.44105664275800743,-0.23877865939391338,0.7021991858257318,-0.06351778788945425,0.26884410489568156,0.765705006440997,-0.21919392949756233,0.45473700931825006,-0.4873738501793169,1.1307051087506477,-0.8638144516398286,-0.2779334038123813,-0.5881189384596509,1.693926316388083,-0.0042024129223505536,1.089034170251924,15.79764405077162,madhya pradesh,hoshangabad,15.79764405077162
-1.174299013671089,-0.8699061841169985,-1.0121072022193416,-0.04864654164874616,-1.1028656282621927,-0.14431131313734083,-0.2320154185748954,-1.059642848690792,0.23329691256057547,-0.03804733148987633,0.18075030633475644,-0.9263255456307768,-0.3105201587583661,0.4437238343844231,2.7428607739530744,1.1721779992377928,1.4803157734183594,1.33870075408055,-2.3107790912577446,1.259746720294049,-0.0973693600596301,3.6767520735898165,-0.643717941833068,12.59689646120484,0.2431528109511042,2.0914219659887245,0.3948646514898513,-0.6229302606997218,0.07232896252660237,0.17100611066514435,-1.0320368109849472,-0.5349605643666338,0.10561659357372778,10.007076273311304,uttar pradesh,lucknow,10.007076273311304
-0.3315194599093729,0.8310825627913742,2.512336263598555,0.679105721416495,1.2763309502229734,0.5608537423205822,-1.9636104245716999,-0.18923688961210508,0.8210014466236792,-0.342969516715868,-0.49835534721188124,-0.44529935208045396,-0.6200963989683856,0.5435216712505176,1.2650085897020635,-0.38696500039392134,0.22867578976028835,-0.44722430971694543,-0.29057867019052797,-0.6887351896373326,-0.15791959234436723,-0.6754888775332369,-0.48183344640687636,-0.2636427979046227,-1.2011393257289802,0.4971809742468626,-0.9006291112932406,-1.3107379505538637,0.19357362779778878,-0.6830095696002503,-0.31972483800305,-1.0472038965744883,-0.32280294478112986,14.532318099341634,rajasthan,barmer,14.532318099341634
-1.1063329206257893,0.5398806849239084,-0.3630938322943388,-0.594460738947677,0.7060596053798797,0.24744705100594974,-0.6831031932463321,-0.11555172905517948,0.3597649768526359,0.6656192498008752,0.7083631602440673,-1.3806280617616373,-0.39198759039258174,-0.34800567141992633,-0.7074059439113983,-0.6882576963038565,-0.4956868790238488,-0.4894021572017665,-0.186978648597343,1.8407699404241902,-0.08131689463249511,0.9784974281954157,1.174270637754719,-0.29327537684266286,-0.36531603280037833,-0.5654884096422121,0.8802429812792502,-0.9683491005383654,-0.7763836943717044,-0.5406736228893512,1.5432449374880661,-0.590505022075919,-0.3666185793856039,34.766962679203665,madhya pradesh,datia,34.766962679203665
1.3404464290049993,0.7155262620503162,-0.767115400327122,-0.5034917060645219,0.38719820826331075,-0.08020539900480246,-0.45028369664171947,0.2666900413338737,-0.175864471913737,0.47797482812334213,1.0583637663027192,0.1559833898574496,0.11311048573955543,0.017919730422420316,1.1601406569838475,0.010533202048814168,0.12009842342177285,-0.38182134133987333,0.7454215457413877,1.242139956047681,-0.16216143554013865,-0.36557698318082144,1.1305875199413025,0.04749928094479981,-0.6938629246748288,0.17098161371679998,-0.5223449325605776,0.37090640129216595,0.503421105713043,1.404584315492937,-0.5388977527667107,-0.7941680336766324,-0.09885636791381794,10.146071851559416,west bengal,east medinipur,10.146071851559416
-0.3043330226912529,1.177751465014548,0.9306348057680843,-0.594460738947677,-0.31184408541532055,-1.4121838370919906,1.2958625278928726,2.1042137327222123,0.06963235877085028,0.5717970389621103,0.2538847613320866,0.5568385511493853,-0.4897485083536406,1.4350490139209626,0.3295149798558837,-0.6879641427471682,-0.5565031783172667,-0.5591417664093419,1.315221664503949,-0.18987686932357511,-0.1753028321074305,-0.23644702720064822,0.5048910971432442,-0.29327537684266286,0.8621351552425693,-0.18628757592372075,1.372530611136825,1.3041432668211337,-0.7314782627897831,-0.44578299174875174,-1.7306504767941158,0.21180381150264813,1.0306133241126252,2.8616239716038847,tamil nadu,coimbatore,2.8616239716038847
-0.01887543190099432,1.3533970421409558,0.4019682858954,-0.594460738947677,-2.102373469223745,-1.6686074936221442,1.805155176715462,1.5101271257319975,1.8922603441564239,0.7125303552202593,-2.4102989564277997,1.9731934543808916,-0.7504442895831307,0.6233599407433935,-0.00555517959706011,-0.6166039417849746,-0.5468536588293778,-0.21680412692286966,1.5742217184869114,-0.49506078292728567,-0.0913808755479528,-1.2908211895083228,-1.3940397301576386,-0.32290795578070314,-0.34166065658541783,-0.5912107082521776,-0.39625020631635677,1.18597366371844,-0.8078174964790487,0.17100611066514435,-0.9909418894667609,-1.4421867069516292,0.15430063202314337,3.7604792280140162,kerala,thrissur,3.7604792280140162
-0.6849431437449311,0.11001124616717241,0.8618651771667595,0.04232249123440896,-0.20760093635798105,0.9811036238561119,-0.7849617230108499,0.08247713994155899,-1.61908826442313,-1.0466360980066196,1.2307521245107118,-0.2582336101442173,0.838170627284075,-1.9514242504018458,0.3701107346321388,0.7551184552448371,1.9459253608087677,-0.4569576591365195,-1.1193788429360738,0.4146220364683894,-0.12489975413414657,0.34969068603109404,0.6462188312454749,0.09194814935186016,1.4219790589966326,0.12427533466186272,-1.8852043710083903,0.7481401342738427,-0.5877808817276361,-0.06622046718635412,-0.5525960599394395,1.2548052951547866,-0.12806679098346735,21.33525110871389,assam,dhubri,21.33525110871389
-1.0247736089714297,-0.9115064523837793,-1.175435070147488,1.5887960502480465,0.44238575776425565,0.1833411368734109,-0.6831031932463321,-1.4280686514754215,-1.767874222413789,0.29033040644580904,-0.8170126154145344,0.6236477446980413,-0.4653082788633759,0.35723237576714134,2.3847703918266574,1.6715659725382899,2.8751984140121944,-0.14382006790876953,0.6418215241482028,-0.7122108752991565,0.4847612385130006,-1.0785989140278645,-1.1961809024145156,0.3734576492632424,0.621638830390471,3.1446147135478117,-1.4499184667132716,-0.17903675160883264,-0.039934616428200356,-0.25600172946755295,1.077502493615287,0.13774453455693444,0.5535097473083515,0.22252166495654646,uttar pradesh,jaunpur,0.22252166495654646
0.42970078219798363,1.2193517332813284,1.0939626736962307,-0.594460738947677,-1.691532822938935,-1.0845313870812383,0.5683016010034595,2.26079469890568,1.9294568336540887,0.008863773929507775,-2.4102989564277997,-0.004358674659324671,-0.07426460701914067,0.45037702350882997,-0.7483918719533057,-0.6888448034172328,-0.5411774708953254,-0.46518121508177024,1.2634216537073344,0.26203007966653413,0.14765946454316603,-1.2773467593190877,-1.4929691440292001,-0.32290795578070314,-1.1472576354615704,-0.5287325987337614,1.1911614843471923,1.1814286789837205,0.9120605331085245,0.9301311597899398,-1.5525724835486416,-1.4421867069516292,-0.712275252376455,2.5664693036763544,kerala,wayanad,2.5664693036763544
-0.44026520878185227,-1.3968429154962225,-1.201223680872985,0.679105721416495,-0.8759834803138653,0.06937506730445403,-2.021815298722853,-1.1379333317825258,-0.7561297080773072,0.36069706457488354,0.46806423668141084,-0.19142441659556134,-0.7911780054002385,-1.4324754986981538,0.13739011681911134,0.7422020987505583,0.4321671271960649,-0.2620658078871598,0.38282147016521834,0.08596243720285508,-0.19351780583044895,-1.3211386574341029,-0.7657737121940854,-0.32290795578070314,1.6007085681763336,-0.18473069995522287,0.6936918794384844,-0.5062756525086011,-0.8572134712191618,-0.6830095696002503,-0.48410452407579535,2.2546055339219238,0.017985324364779565,8.512657344609115,bihar,buxar,8.512657344609115
-0.20918049242783346,-1.6649335332154767,0.530911339522884,1.1339508858322707,0.9268098033836576,1.016718020596411,-0.6540007561707556,0.09168778501117453,0.7317298718292836,-1.8441248901361393,-0.07522028615589924,0.06245051888933128,0.26789860584456526,-0.1683695650609569,-0.340022344003087,0.6701747306140733,-0.31984668566681285,-0.3887599666686786,-0.9121787997496597,1.136499370569474,-0.15243014820866305,-0.6676287932561831,-1.1524977846010986,0.15121330722794057,-0.32194784307295077,0.16353568517181,-0.7451698597592695,-0.11843695514591256,-0.5114416480383704,2.0213734179068332,-0.4978028312485241,-1.1397779927566307,-0.46885506012937683,12.045037968054464,jharkhand,gumla,12.045037968054464
2.7405479457381725,0.9512611155620742,-0.8573755378663609,-0.4125226731813667,0.19097581003772984,-1.2198660946943751,1.8342576137910391,1.487100513057958,0.7391691697288161,0.689074802510569,-0.352086437217221,-1.514246448858949,-0.6852703442757582,1.3618639335524927,0.5077266189424715,-0.5622965337976656,-0.352403677888556,-0.4553836191313739,0.6418215241482028,1.0073830994294424,-0.15758689876038517,0.2486324596118283,-0.7709129025250756,-0.32290795578070314,-1.561226719223378,0.01989695451300273,0.37931872633645436,-2.3394194955119305,1.5227744026226488,-0.9202361474517488,-1.9361250843850477,-0.4794161066573482,0.4464048627196372,12.669162107687878,delhi,north east,12.669162107687878
-0.9704007345351898,0.5352584328942657,0.07101444825152418,-0.4125226731813667,-2.212748568225634,-0.27964602075047795,-1.2651519347578628,0.5061668131438826,-0.2725753446076652,-1.375013835942305,1.1732893384413803,-0.16470073917609895,-0.3268136450852092,-1.6919498745499997,1.0586512700432096,0.27163574737944357,-0.5194863241473398,-0.44356225746007594,-0.08337862700415806,0.0742245943719435,-0.06609616316531532,1.4501024848186568,1.811530238797505,-0.32290795578070314,-0.9501295003369002,-0.24294432312514475,-0.8902651611909761,-0.29266136997680764,-0.8212891259536251,-0.9202361474517488,0.5706651282243218,-0.3127827335294918,0.25166870892197457,20.250415819626685,gujarat,banas kantha,20.250415819626685
-0.5354177390452718,1.1453957008070514,-0.5779989216734788,-0.3215536402982116,-1.4953104247133546,-2.1315946512460333,1.9070137064799804,0.3726124596344545,0.5085509348432949,0.6187081443814911,0.18075030633475644,-0.29831912627341084,-0.8807921801978759,1.2421065293131794,-0.1821085823046266,-0.6172977956462375,0.5008895453976273,1.299606740075198,1.00442159972435,-1.7040585945112154,-0.16074748780821485,-0.3026963089643893,-0.8210200082522301,-0.32290795578070314,0.16035899419874233,-0.27293110808360455,1.5901735632843839,0.6784503683414849,-0.1836319974903474,0.6454592663681413,-0.31972483800305,0.7549051757712173,-0.5759599447180912,3.4696144285185375,punjab,jalandhar,3.4696144285185375
0.04909066114430536,0.7525042782874546,1.975073540150705,-0.594460738947677,0.5404969568770457,-0.8708450066394435,-0.8868202527753677,0.12392504275482973,0.8656372340208766,-0.01459177878018261,0.9486620838067235,-0.8327926746626585,-0.7667377759099739,0.9427130187148958,-0.11021915810823084,-0.5950944720858243,-0.5091475532674586,-0.484069695143518,-1.0675788321394593,0.027273223048295287,-0.1107602768149085,-0.02759335926749824,0.6385100457489897,-0.10066361374540138,-1.1879974500540025,-0.0786600633188651,-0.764170434946755,-1.2319582151520676,0.23398851622151726,0.028670163954245275,-0.8950537392576594,-0.522617351542348,-0.1718824255879414,13.672593500919682,rajasthan,ganganagar,13.672593500919682
-0.4266719901727924,-0.30599143650063604,-0.5092292930721539,-0.5034917060645219,0.5159691570988477,0.7389257260220778,0.29182844878548203,-0.5254254346530796,-0.6742974311824446,0.38415261728457395,0.4628403470387443,-1.1000294488572824,-0.07426460701914067,-1.2727989597124028,0.5525788093440221,-0.4018561717241024,-0.057931156709826105,-0.404950092435891,-0.44597870258032746,0.13291380852650297,-0.10036360231546876,0.18126030866565102,0.9018935502122377,-0.2043776400285422,-0.4441672868502464,-0.18831828370871803,0.8232412557167936,-1.1637834441312827,-0.7180066333152066,-0.06622046718635412,1.3788652514153206,0.21180381150264846,-0.19135604096770759,18.811281502093557,madhya pradesh,sagar,18.811281502093557
-0.290739804082193,-2.2981820612764743,-1.2570990041115613,1.9526721817806671,-0.4038233345835615,1.2660187977785051,0.6265064751546124,-1.0780641388300236,-2.340700160677826,-4.494602346331303,0.128511409908092,-0.097891545627443,1.2292142991283102,-1.9780370068994708,2.466999407562833,3.5556727594237927,3.752291082421868,-0.3545486890058192,-1.1711788537326442,-0.04315383393717609,-0.17447109814747533,-0.8259533479796997,-0.7837608783525513,0.3734576492632424,-0.007857014440976022,1.416685459293629,-0.7797163601001519,0.06790741897756614,0.8357212994192579,0.3133420573760436,1.4747534016244224,0.1686025666176488,-0.12319838713852567,7.922024056408129,uttar pradesh,bahraich,7.922024056408129
-0.712129580963051,0.5861032052203315,2.138401408078851,-0.2305846074150564,1.3621782494466654,0.04800642926027424,-1.2651519347578628,-0.7096383360453943,0.4713544453456302,0.5483414862524166,-0.17447418936656195,0.6637332608272348,-0.595656169478121,-0.1417568085633313,0.29579159509963665,-0.20274680022861732,-0.05261986657153423,0.43947418542663097,-1.0675788321394593,0.907611435366691,-0.11042758323092644,-0.3273994309779874,0.4008224929406923,-0.30809166631168305,-0.9685281262818695,0.13185664372585248,0.1323112488991449,-1.5546521313171162,0.26093177517067023,0.12356079509484483,-0.04575869454847397,-0.44238646818449134,-0.11346157944864257,22.672987443664493,rajasthan,bhilwara,22.672987443664493
-0.8752482042717702,-0.9392399645616332,-0.9003565557421889,-0.5034917060645219,0.46691355754245273,0.39702751731520575,-0.3338739483394132,-1.0181949458775212,0.03987516717271909,-0.6948028073612438,-0.21104141686522684,0.022365002760137708,-0.18017226814362097,-0.06857172819486237,0.08851204772196881,0.7035597760156082,1.0923077839263529,0.04455076046212964,-0.03157861620754351,-0.14292549799992751,-0.2124813401174271,-0.6092395957694958,-1.0548531683122846,-0.2636427979046227,-0.5966130446799915,2.020617954551819,-0.1630613290154002,-0.6532301589311817,0.7324388067808403,-0.9202361474517488,-0.5525960599394395,1.1745744117969292,-0.9556954446235331,2.9149177160370447,uttar pradesh,auraiya,2.9149177160370447
-0.45385842739091214,0.9096608472952936,-0.8015002146277844,-0.4125226731813667,-0.28118433569257356,-0.8850907653355632,-0.31932272980162524,-0.4102923712828829,-0.03451781182261045,0.5014303808330325,-0.32074309936122225,0.1693452285671808,-0.40013433355600336,-0.18832913243417562,1.466311392055879,-0.6419296077210711,-0.37158108426574715,4.051574764581775,0.48642149175840327,-0.4833229400963738,0.12686611554428656,1.185105357763693,1.6393673627093328,-0.15992877162148186,-0.4704510382002024,-0.22385566994617034,0.09776474855826219,1.8359064807832566,-1.000910852281309,0.028670163954245275,1.4336584801062362,-0.26958148864449216,0.4366680550297541,7.021406501507892,karnataka,belgaum,7.021406501507892
0.021904223926185587,0.9420166115027894,-0.204064066153775,-0.594460738947677,-0.5080664836409015,-0.6144213501092897,-0.2902202927260488,0.09168778501117453,1.0813768731073325,0.5717970389621103,0.5098553538227423,-1.9819108036995408,-0.7015638306026013,1.188881016317929,0.44095378507064953,0.24703062199158168,-0.5149859179996268,-0.4702566910167296,1.108021621317535,-0.7532933252073484,-0.1720590696636053,0.19024326212514128,0.2594947588384616,-0.24882650843560253,1.6559044460112415,-0.18012776230922897,0.7645122051372931,-0.3456861918818625,1.6036041794701068,-0.5406736228893512,-0.840260510566744,0.03282722555050661,-0.5321443101136171,14.543953459348929,haryana,gurugram,14.543953459348929
-1.1063329206257893,-1.1795970701030334,-0.8831641485918575,-0.594460738947677,-1.0660739285948968,-0.3366290555349564,-0.20291298149931897,-1.5155697796367709,-1.3438342421404104,-0.10841398961895081,0.40015367132674684,0.8374371640537404,-0.3349603882486308,-0.22159507805620715,0.10205283355493988,0.8010462435230479,0.007790990726594225,0.22980563208814875,0.2792214485720334,-0.4774540186809175,-0.11600020076262615,-0.5497275291003728,-0.5614908965372244,-0.2043776400285422,0.43896675850827677,0.5060483982413505,-1.7677462698493902,-0.24115154298332597,-0.43959295750729716,-0.9202361474517488,-0.7443723603576426,0.9709114001962161,0.37337880504551374,3.312072244575835,uttar pradesh,bhadohi,3.312072244575835
-1.2286718881073286,-0.819061411790933,-0.8015002146277844,0.1332915241175642,0.1725799602040818,0.4468876727516248,-0.013747140508071338,-0.8293767219503987,-0.8974763681684332,-0.6244361492321693,0.9956770905907217,1.7594040350251925,0.21901814686403573,-0.22159507805620715,0.4199908396160696,2.015744174411668,0.9354422759488633,1.5726544960698507,-1.4301789077156286,0.7021991858257318,0.09659099940191795,-1.67596531908397,-1.2283008419832044,-0.14511248215246172,0.7556859622752468,2.34072519172689,-0.12333285362338545,-0.015417301158948949,-1.194004208083569,1.072467106500839,0.06382776283335638,1.0881719220269297,-0.868064175414585,2.2253105629779943,uttar pradesh,sultanpur,2.2253105629779943
-0.8480617670536503,-2.048580451675789,-0.9906166932814277,0.8610437871828054,-0.8024000809792724,0.4326419140555049,-1.4106641201357457,-0.820166076880783,-1.3661521358390096,-0.5775250438127851,0.917318745950725,-0.44529935208045396,-0.7422975464197091,-0.1683695650609569,1.2684846787960544,2.5952989553750037,0.8543944210905015,-0.43977171214156197,-0.6531787457666973,-0.5537499970818455,-0.15484217669253308,-0.8248304787972633,-0.7233753919634162,2.418105595988018,0.5322740758006205,0.7014024871580885,-0.007602077481429194,-0.4320409018415237,0.2788939478034385,2.2111546801880313,0.33779390628793243,1.5572140093497846,-0.5029338870439677,27.98945906409586,bihar,bhagalpur,27.98945906409586
-0.1276211807734739,-0.95310672065056,-1.287185716624641,0.679105721416495,-1.3604075259332677,0.3471673618787873,-0.5084885707928729,-1.1471439768521416,-0.7114939206801093,0.5014303808330325,0.8180648427400623,-0.8996018682113144,-0.21275924079730726,-0.10849086294129981,2.226466456862545,0.29866936128172555,3.4053949112522126,0.25672492850268047,0.6418215241482028,-0.3072552976326947,-0.022679650455654916,-0.08822829511905819,-0.709242618553193,-0.17474506109050195,0.08676449041886568,5.488051497434668,-1.0837255630999174,-0.37750108502489593,-0.1521981953830026,-0.5881189384596509,0.1734142202151867,0.5018693128733612,-0.687933233151747,0.7959618726382195,uttar pradesh,agra,0.7959618726382195
1.408412522050299,0.3642351077974998,-0.07082291073870813,-0.4125226731813667,0.0928646109249398,0.3329216031826674,0.1317650448698114,1.7910518003552778,1.557491938677441,0.26687485373611536,0.18075030633475644,-0.8461545133723897,0.7404097093230162,0.7298109667338939,-0.9014462029795536,-0.4908295860875855,-0.5536245401507116,-0.4708349097941301,-0.186978648597343,1.1834507418931215,-0.050875431698135486,-1.0774760448454284,0.3391522089688097,-0.24882650843560253,-0.6399812344074189,-0.5317786604112573,0.08567347343895401,-0.19267170581298984,1.7338299310576768,0.21845142623544436,-0.48410452407579535,0.6253014411162177,-0.8242485408101109,12.058910744291785,odisha,jharsuguda,12.058910744291785
0.18502284723490472,-1.3090201269330186,0.444949303771228,-0.2305846074150564,-0.8330598307020194,0.5181164662322231,0.43734063416336477,-0.6589797881625077,-0.6147830479861811,0.33724151186519313,0.8128409530973962,-0.8595163520821208,-0.23719947028757202,0.6832386428630506,-0.5302761488795731,0.06983102049982172,0.13035610590259597,0.3973927077380432,0.7972215565379802,-1.2932340954292973,-0.21181595294946293,0.004969847023153708,-0.7169514040496785,-0.32290795578070314,-0.2693803403730386,-0.20381935313419727,-1.2115476143611827,0.32242656412183013,-2.0427168649818754,-0.9202361474517488,-0.66218251732127,-0.664564299021633,-0.6733280216169224,7.90332023082713,jharkhand,ramgarh,7.90332023082713
-0.7529092367902309,0.9096608472952936,2.4435666349972305,-0.2305846074150564,1.0555807522191956,-0.08020539900480246,-1.1487421864555567,-0.09252511638114015,-0.175864471913737,0.6421636970911848,-0.21104141686522684,0.8775226801829339,-0.5630691968244347,1.062470422954209,0.1879441574437138,-0.41237072639093275,-0.1401547933545272,0.22521200513435635,-1.0675788321394593,-0.3894201974490783,-0.13113775883381043,-0.5497275291003728,0.01923761086466899,-0.05621474533834103,-0.7319743641322651,-0.031683023225928086,-0.08187705321432666,-2.0273305437278926,0.6067035983514611,-0.5881189384596509,-0.4978028312485245,-1.0780619286352024,-0.24004007941712316,16.582490131522245,rajasthan,pali,16.582490131522245
1.5443447081408983,-0.7820833955537945,1.7257836364709025,0.8610437871828054,1.4173657989476094,0.6748198118895394,-0.2320154185748954,0.2759006864034892,-0.22050025931093428,0.38415261728457395,-0.649848146849208,-0.4720230294999163,-0.1475852954899348,-0.7671565862575241,-1.0060569760454081,-0.6811323508824259,-0.41176038599893194,-0.4969190013079723,-0.6013787349701049,-1.175855667120178,-0.22063233292498785,0.037533053313805895,-0.05014145860369873,-0.32290795578070314,-1.800408856507978,-0.6412338100226106,-2.3671280507637005,0.11487226123632904,1.0063619394305579,-0.1611110983269535,-0.26493160931213466,0.48335449363693284,-0.5759599447180912,32.7009485771343,meghalaya,south garo hills,32.7009485771343
0.1986160658439646,0.5814809531906888,2.0696317794775267,-0.3215536402982116,0.5343650069324967,0.16909537817729153,-1.1487421864555567,0.022607946989056528,0.017557273474120443,0.33724151186519313,-1.177461000758519,0.3029636156644927,-0.3756941040657386,0.7564237232315195,2.147420900271122,0.8169781956451233,-0.27836996954870186,-0.49746509681996154,-1.0675788321394593,0.6611167359175402,-0.18511729283490164,-0.8573936850879158,-0.7824760807698035,-0.2784590873736428,-0.9159606235819573,-0.08238302759136014,-0.3150659305152832,-1.1001536578452165,1.4554162552497674,-0.39833767617845195,-0.6895791316667275,-1.0842335350473453,0.7774563241756637,17.89490735324556,rajasthan,jodhpur,17.89490735324556
-0.08684152494629399,-1.114885541688041,-0.9992128968565932,0.40619862276702967,-0.33637188519351807,0.005269153171915173,-0.9450251269265211,-1.3635941359881114,-0.592465154287582,-0.41333617484494245,0.11806363062275897,-0.04444419078851824,-0.7015638306026013,-0.4544566974104277,0.5926691123897734,0.2925581099652175,1.2438620017655504,-0.3638323127096374,0.8490215673345727,-0.9763123389946752,-0.14918638576483784,-0.21174390518705008,-0.3019617848222191,-0.21919392949756233,2.056731654098071,4.349298261867696,-0.9576308368556967,-0.4487058458688267,-0.09382113432650531,-0.44578299174875174,-0.15534515193030432,1.841107904308355,0.5389045357735268,0.27085066455145196,uttar pradesh,mainpuri,0.27085066455145196
-0.91602786009895,0.7109040100206735,1.4593013256407688,-0.594460738947677,-1.5014423746579038,-1.6543617349260247,0.4227894156255768,1.1693332581562157,0.9474695109157397,0.6656192498008752,0.598661477748072,0.5167530350201918,-0.6852703442757582,0.9560193969637086,0.3310490701958338,-0.30375591041631483,0.5989254198586171,0.5501709580334044,-0.29057867019052797,-1.0995596887192502,0.6996812937654192,0.22392933759822994,-1.0522835731467897,-0.32290795578070314,-1.3680411468012013,-0.505176388427793,0.7835127803247789,0.9284245287510298,-1.0727595428123824,0.028670163954245275,-0.2512333021394059,-0.36215558482663457,0.4123260358050464,13.624109709936084,andhra pradesh,cuddapah,13.624109709936084
-1.133519357843909,-1.2951533708440914,-0.745624891389208,-0.3215536402982116,0.1725799602040818,0.9953493825522317,-0.2902202927260488,-1.5570176824500417,-1.3215163484418118,-2.9934469729110313,0.5203031331080753,-0.28495728756367966,0.26789860584456526,-1.3326776618320593,2.3578573040708832,2.084088779746065,3.542028863664758,-0.333443703630703,-1.1193788429360738,0.5730829146857006,-0.20191831882599628,0.1543114482871802,-0.546073325544254,-0.04139845586932093,0.7793413384902069,2.28826524061446,-1.3290057155201833,-0.3047813292693919,0.22051688674694125,0.7877952130790405,0.17341422021518635,1.3288645721005001,-0.08911956022393484,2.6360369203489387,uttar pradesh,lakhimpur kheri,2.6360369203489387
1.585124363968078,0.32263483953071936,-0.9949147950690105,5.955309628639494,1.8711300948442653,-0.12294267509316154,-1.4106641201357457,-1.6721507458202385,0.6870940844320863,0.6656192498008752,1.716573861278691,-0.6991742875653466,-0.5793626831512778,0.32396643014510984,-1.0614083743226874,-0.6832672858401578,-0.5542327031436458,-0.4760710020561452,0.3310214593686038,-0.019678148275352296,-0.17921198171921987,0.6966572634039075,-0.6655595007397763,-0.32290795578070314,-1.3785546473411836,-0.6582240651570878,1.1911614843471923,-0.325991258031414,-0.1252549364338501,-0.25600172946755295,-0.36081975952123624,-0.3683271912387774,0.8017983434003714,10.091571668846944,ladakh,leh ladakh,10.091571668846944
-1.5820955719428869,1.2748187576370362,0.9435291111308327,-0.3215536402982116,-1.1028656282621927,-1.7754506838430417,0.16086748194538783,1.9153955087950902,0.9549088088152722,0.5952525916718007,0.18075030633475644,1.1982068092164824,-0.8807921801978759,1.268719285810805,0.01521267922469376,-0.6819329514915753,-0.5564220899182089,-0.5109568682926385,0.7454215457413877,-0.5244053900045658,-0.147439744448932,-0.9865236410680889,-0.07840700542414493,0.017866702006759567,1.0303511638822875,-0.5832909478906882,1.1548876589892654,1.558662411965398,-0.484498389089218,0.028670163954245275,-0.36081975952123624,1.1745744117969292,0.6800882472768321,11.592258306094907,tamil nadu,tirunelveli,11.592258306094907
0.10346353558054515,0.9096608472952936,1.2186076255361322,-0.4125226731813667,0.4975733072651997,-1.6899761316663238,0.23362357463432917,1.625260189102194,0.06963235877085028,0.5717970389621103,0.18075030633475644,2.721456422125838,-0.7422975464197091,1.4483553921697754,-0.6153516559401655,-0.6791041626725803,-0.5565031783172667,-0.4118887177646962,1.4706216968937045,1.0367277065067224,-0.1826220909550361,-0.21623538191679523,-0.19917797820241456,-0.30809166631168305,0.6544935195779158,-0.20327783105819794,1.0598847830518383,0.970844386275074,-1.0368351975468457,-0.20855641389725318,-0.6484842101485409,1.359722604161214,1.074428958717099,12.230478275060962,tamil nadu,sivaganga,12.230478275060962
-0.23636692964595324,0.8033490506135199,0.487930321647056,-0.594460738947677,0.15418411037043378,-0.5930527120651103,0.07356017071865799,0.7134063272102366,1.3789487890886507,0.6187081443814911,0.18075030633475644,-1.2336478359545942,-0.24534621345099356,0.004613352173607521,0.6457326765184563,-0.06360241435843117,-0.5046066029202168,-0.5166748095358207,-1.378378896919036,0.37940850797565345,-0.15251332160465858,1.453471092365966,0.45992318174707963,4.0775300165182715,0.6926049590353521,0.04067786417947479,0.8007860304952199,-0.5865703828219696,-0.3318199217106863,0.5980139507978418,0.5432685138788643,-0.7509667887916328,0.7677195164857803,36.59559526364045,madhya pradesh,bhopal,36.59559526364045
-0.27714658547313314,-0.26439116823385495,1.7816589597094787,-0.04864654164874616,-0.07269803757789411,0.09074370534863332,0.20452113755875273,-1.340567523314072,-1.2024875820492844,0.19650819560704086,0.1494069684787577,-0.378490158531798,-0.1475852954899348,0.45037702350882997,1.549781868182766,-0.44487511112240313,-0.18613191562035122,-0.4753321669516891,-0.49777871337689783,0.15638949418832676,-0.08281401576041446,-1.314401442339485,-0.6565659176605434,0.25492733351108143,-1.018467253846786,0.7385644396235387,0.3223170007739986,-2.05157046231306,1.7562826468486379,-0.6830095696002503,-0.42931129538488033,-0.9361149811559176,0.5437729396184684,16.64949240515991,rajasthan,alwar,16.64949240515991
1.6394972384043176,-0.8421726719391445,-0.9089527593173544,-0.4125226731813667,-0.9066432300366123,2.3202049412913595,0.1172138263320229,-0.7971394642067436,-0.19818236561233565,-0.6948028073612438,0.295675878473418,1.665871164057074,4.121308122142967,0.6167067516189876,-0.9750736717229452,-0.5180766934856407,-0.5264599264663182,-0.5139443319758741,0.9008215781311651,-1.3930057594920489,0.005931997766803297,-0.10731707122047497,-1.00474606258513,-0.32290795578070314,0.7767129633552114,-0.51478840527678,0.30158910056946886,0.6133055871438456,0.19357362779778878,1.0724671065008384,1.351468637069863,-0.9422865875680604,-0.01609350254981139,16.253684965341407,manipur,churachandpur,16.253684965341407
1.5171582709227784,1.1084176845699132,-0.37169003586950433,-0.594460738947677,0.18484386009318077,-1.1557601805618367,1.368618620581814,1.4226259975706483,1.044180383609668,0.5952525916718007,-0.4670120093558825,-1.794845061763304,-0.8156182348905032,1.2354533401887735,0.18586914507638225,-0.27488091511298884,-0.46629233436536344,-0.4339574011021464,0.22742143777541884,1.5649306338977595,-0.07291638163694782,0.2284208143279753,-0.7387929629563869,-0.23401021896658242,0.10384892879633725,0.23955184659020806,0.8526057810065435,-0.7168599452172479,1.361114848927734,2.0688187334771326,-1.127924961194049,0.12540132173264884,1.6781110354898527,41.119815076409395,delhi,east,37.781636137288096
-0.3587058971274927,0.350368351708573,1.61403298999375,-0.4125226731813667,-0.07882998752244359,-0.2654002620543581,-0.5521422264062373,0.01339730191944099,0.7986835529250806,0.5952525916718007,-0.472235898998549,-0.48538486820964755,-0.04982437752887591,-0.4078843735395834,0.44669997316479837,-0.2187588124116077,-0.48052334840002325,-0.45281375789848305,0.07202140538564143,-0.2779106905554146,-0.2135625942653688,-0.29034474795759013,1.568703495658217,1.6772911225370126,1.301073802786835,-0.6509812073905975,0.10294672360939426,0.2754617218630672,-1.6250963512700105,-0.39833767617845195,0.10492268435154298,-0.9361149811559176,-0.5467495216484417,7.119314436387607,chhattisgarh,raipur,7.119314436387607
-1.351010855588868,-0.481637013627044,0.6125752734869572,1.4068579844817364,0.6079484062670887,1.216158642342086,0.0008040780297166242,-0.7741128515327044,0.441597253747498,-1.3515582832326112,0.6561242638174029,0.463305680181267,2.7363617843613004,-1.4657414443201855,-0.6289988526637689,-0.31982129597324843,-0.22728427814223073,-0.430070485987399,-1.8963790048850049,-0.3072552976326947,-0.18062592945114367,-0.20276095172755956,1.5776970787374507,-0.23401021896658242,-0.24835333929307385,-0.02721546609893408,-0.7848983351512847,0.3890863402310422,-1.0727595428123824,-0.44578299174875174,1.0775024936152877,-0.9608014068044888,-0.6197755793225651,28.39471464717458,assam,hailakandi,28.39471464717458
-0.3451126785184328,-0.7266163711980866,0.5652961538235463,-0.594460738947677,0.24616335953867477,0.05512930860833418,0.07356017071865799,-0.332001888191149,-0.07171430132027522,-0.5306139383934011,0.3688103334707485,0.3163254543742239,0.01534956777849654,-0.2748205910514574,-0.7609838273448045,-0.6312015595584676,-0.5022550393475379,-0.4579534803642647,0.6936215349447732,0.5261315433620528,-0.13138727902179698,0.029672969036752084,0.8106729218371612,-0.29327537684266286,1.2997596152193371,-0.5512734551472313,-0.354794405907298,0.4542311214286814,-0.30038611960334194,-0.20855641389725318,-1.0594334253304047,1.760877020950498,-0.644117598547273,17.370706671930517,assam,nalbari,17.370706671930517
-0.11402796216441377,0.4659246524496309,-0.6897495681506316,1.0429818529491157,1.4418935987258075,-1.1059000251254179,-0.26111785565047185,0.2574793962642578,1.6021277260746394,0.7125303552202593,-0.23193697543589253,-1.0733057714378198,-0.8726454370344542,1.1423086924470849,0.7060410487843609,0.7795100871369258,-0.17794198731550426,1.1599669053329917,-1.3265788861224437,-0.7415554823764364,0.12270744574451062,-1.334613087623338,-1.2244464492349616,-0.32290795578070314,0.16167318176624063,0.52141408714783,0.605598303569234,0.3012166353598081,0.5887414257186933,-0.3508923606081524,-0.42931129538488033,-0.8743989170344892,1.0841657664069824,16.583448635424816,jammu and kashmir,jammu,16.583448635424816
0.04909066114430536,-0.16732387561136658,-1.3344648362880518,0.31522958988387445,1.8282064452324194,-0.35087481423107625,-0.7704105044730614,-1.3589888134533035,1.1334519584040634,0.5952525916718007,0.8807515184520598,-1.1802004811156694,-0.42457456304626806,-0.5542545342765223,-0.9835688078250973,-0.6012324100893038,-0.548191617413833,-0.3822068205248069,0.6936215349447732,-1.4693017378929765,-0.22063233292498785,-0.5834136045734615,-1.3118126848617953,-0.32290795578070314,-1.7833244181305068,-0.4477073581123701,1.3224381856425447,-4.305882890733684,0.04538570357744941,-0.9202361474517488,-1.4429860261668113,0.298206301272648,-0.8485905600348187,6.324110671936758,jammu and kashmir,ganderbal,6.324110671936758
0.021904223926185587,-1.7712453298972501,-1.1410502558468256,0.1332915241175642,-0.19533703646888206,0.9739807445080519,-1.2942543718334394,-1.5524123599152337,-2.742422247252606,0.05577487934889187,0.8180648427400623,1.452081744701375,-0.06611786385571913,-2.30404327399538,0.5948150653508598,0.42495076403157617,1.3119762569741786,-0.385065791146398,0.07202140538564143,0.4733112506229492,-0.19210385809852515,-1.175165663717385,-0.7220905943806686,-0.29327537684266286,1.6493335081737523,0.17301232150179727,0.5434146029556455,-0.46234080007298395,2.591523674272368,-0.5881189384596509,2.5980145897881832,3.6000157317690604,-0.342276560160896,4.96898597626753,bihar,saharsa,4.96898597626753
-0.3994855529546726,0.4936581646274852,-1.265695207686727,0.5881366885333399,1.6442479468959372,-0.001853726176144251,-0.7704105044730614,-0.5852946276055817,1.8550638546587592,0.5014303808330325,-0.44089256114255027,-0.8862400295015832,-0.668976857948915,0.46368340175764183,-0.8778495879818221,-0.5916252027795097,-0.5530569213573064,-0.5303271973355532,0.6418215241482028,-1.745141044419407,-0.0858082580162531,-1.7747778071383633,-1.0895427030464688,-0.2784590873736428,-1.800408856507978,-0.35679933960399207,1.388076536290222,-1.8849210220400305,-0.1701603680157714,-0.9202361474517488,-1.2101148042304217,-0.20169381811092096,-0.35201336785077914,5.8376323649199025,jammu and kashmir,pulwama,5.8376323649199025
-0.20918049242783346,-0.19043513575957816,-0.7714135021147048,-0.2305846074150564,-0.9189071299257109,-0.2155401066179391,-1.003230001077674,-0.8984565599725167,-0.30977183410532994,-2.383602602459048,-0.31551920971855574,-1.30045702950325,-0.53862896733417,-0.4677630756592405,0.3178718549058567,-0.407380315927234,1.763679183926158,-0.32672994115977577,-0.6531787457666973,0.3735395865601978,-0.20632650881375875,-1.2526436373054894,-0.9494997665269855,0.28455991244912165,-1.1130887587066276,2.050672429769779,-0.9248116615318585,-0.35780615117444675,-1.7867559049649258,-0.7779002007408496,-0.9361486607758458,1.359722604161214,-0.08425115637899316,3.1967395188472416,uttar pradesh,pilibhit,3.1967395188472416
0.8374973404697817,-0.09336784313708912,-1.390340159526628,-0.1396155745319013,1.7546230458978263,-0.5645611946728711,-0.11560567027258914,-0.6083212402796211,0.858197936121344,0.6421636970911848,-0.9267142979105298,-1.6745885133757235,-0.7667377759099739,0.48364296913086147,-0.8104560239146447,-0.6665614197959046,-0.3780276119908495,-0.47269805918797597,-0.8085787781564747,-1.7686167300812312,-0.1314704524177925,0.19473473885488618,-0.3212337485634324,-0.2784590873736428,0.7280880233577933,-0.17918009867623028,0.7524209300179843,-0.8244245839389306,0.6695712025661508,-0.9202361474517488,-1.1142266540213202,0.08220007684764888,-0.6976700408416302,1.2031625988312136,jammu and kashmir,kathua,1.2031625988312136
-0.7665024553992907,-1.5216437202965651,-0.9218470646801029,0.1332915241175642,0.24616335953867477,0.6605740531934197,-1.1487421864555567,-1.0043789782730976,-0.3618469194020608,-4.025491292137469,0.7344826084573995,-0.6056414165972283,-0.10685157967282696,-0.12845043031451853,0.5855927881627198,0.5877662412456164,0.7095299961735798,-0.028915147533137522,0.020221394589048963,-0.09010520526082398,-0.21505971539328814,-1.2054831316431651,-1.3053886969480573,-0.30809166631168305,-0.011799577143469485,1.6023598411018802,-0.19415317932219486,-0.2759964259495046,-0.23302797223046004,-0.6830095696002503,-0.08685361606666057,0.8227928463047884,-1.023853098452715,0.3532921595310374,uttar pradesh,kanpur dehat,0.3532921595310374
-0.8888414228808302,-0.8005724036723637,-1.2356084951736472,1.9526721817806671,0.3626704084851128,-0.25115450335823825,-0.5957958820196022,-1.6214921979373518,-1.0090658366614276,-1.2108249669744622,-0.8535798429131994,0.4499438414715358,-0.5793626831512778,-0.03530578257283086,1.5797897393410987,1.9755273371453903,3.026144468858458,0.39993044570552294,0.5382215025550179,-0.6769973468064209,0.36881752449524857,-0.7787928423173756,-1.1383650111908756,-0.30809166631168305,-0.9146464360144595,3.300911522733102,-1.9732979468776404,-0.38962104431748024,0.14417765305767566,-0.3508923606081524,0.5021735923606782,0.7734199950076457,-0.8047749254303446,2.3118750550754985,uttar pradesh,ghazipur,2.3118750550754985
0.6607854985520024,-1.798978842075104,-1.0207034057945072,-0.1396155745319013,-0.07269803757789411,0.17621825752535147,-1.2069470606067094,-1.3820154261273427,-2.013371053098376,-0.5775250438127851,0.8755276288093933,1.2249304866359447,-0.6526833716220719,-1.8383200352869384,0.45229541249721783,2.345858492250985,0.39640714321153514,-0.4666588852906825,0.2792214485720334,-0.3600755903717982,-0.12348580640222276,-1.568169877570086,-0.8685575188138895,-0.32290795578070314,-1.6124800343557926,-0.05402080886089813,0.279133875347895,-0.5638454591483746,0.8491929288938349,-0.7779002007408496,-0.12794853758484645,1.4337818811069278,-0.25464529095194793,0.762344536167803,bihar,khagaria,0.762344536167803
0.8510905590788413,-0.19505738778922022,0.3976701841078171,-0.5034917060645219,1.1966156009438313,0.6605740531934197,0.2627260117099056,0.6995903596058131,0.6275797012358219,0.05577487934889187,1.256871572724044,0.4232201640520734,0.9522250315719768,-0.507682210405678,-0.3094203453720567,0.3145479400298577,-0.265639090896613,-0.46514909181635905,-2.9841792316134907,1.459290048419552,-0.09537319855573768,-0.17468922216665228,1.3875470364908127,0.38827393873226246,-1.1617136987040464,-0.1839861071007238,0.028671747876497525,0.3315165335912679,0.29685612043620685,0.17100611066514435,0.40628544215157614,0.008140799901935057,0.06666936281419515,38.25080574274832,odisha,kalahandi,37.781636137288096
1.7482429872767973,1.18237371704419,0.9349329075556673,-0.594460738947677,1.0862405019419425,2.4270481315122567,-0.013747140508071338,1.0081469694379404,0.07707165667038386,0.5014303808330325,-0.12223529293989752,-0.2315099327247549,4.813781291033799,1.0757768012030218,-1.0755078173314785,-0.6268516295820884,-0.5063500034999614,-0.036367745108521,0.5382215025550179,-1.005656946071955,-0.13841543098341824,-1.372790639826172,-1.395324527740386,-0.32290795578070314,-1.7465271662405681,-0.6600517021635853,0.6366901538760287,-0.03056725027467905,1.9763192616000516,1.3096936843523372,0.9131228075425416,-0.5473037771909194,-0.31306613709124664,28.156996587030715,mizoram,kolasib,28.156996587030715
0.2529889402802044,-0.32910269664884734,-1.2957819201998066,7.228876089003665,0.8286986042708676,-0.3437519348830163,-1.2651519347578628,-1.5155697796367709,0.9623481067148048,0.10268598476827598,-0.52969868506788,-1.3939899004713685,-0.7097105737660229,-1.3060649053344342,-0.9378387275758295,-0.47372341973875737,-0.41723385293533954,-0.4283358296551977,1.108021621317535,-1.6218936946948317,-0.033492191935072246,0.5944761678022054,-0.2338675129365987,-0.2784590873736428,-0.6228967960299473,-0.36559907333898023,0.21176819968317442,-0.4699157746308488,-0.3183482922361103,-0.9202361474517488,-0.5388977527667107,-0.3559839784144916,-1.023853098452715,0.1981113385722776,jammu and kashmir,ramban,0.1981113385722776
-1.2966379811526283,0.17010052255252306,-1.2399065969612302,-0.4125226731813667,-0.7104208318110314,-0.25115450335823825,-0.4066300410283546,-1.2853036528963777,-0.9718693471637627,-0.03804733148987633,0.09716807205209327,-0.7125361262750778,-0.36754736090231704,-0.18832913243417562,-0.14596434978649298,-0.013805056469331169,-0.5559761037233905,-0.4673655971297274,1.4706216968937045,-0.8706717535164678,-0.14078587276929053,0.9122481464316751,-0.12209012323756169,-0.30809166631168305,-0.672835923594864,-0.6232958912551346,-1.4205539414235213,-0.12601192970377778,-0.004010271162663712,-0.6355642540299506,0.7761397358152538,0.11922971532050572,-0.6197755793225651,6.470939509931571,maharashtra,parbhani,6.470939509931571
0.5112600938523432,1.18237371704419,0.10969736433976934,-0.594460738947677,0.1725799602040818,-0.8708450066394435,-0.3047715112638368,1.3259142243396826,1.1483305542031286,0.5248859335427263,-0.8170126154145344,-0.9664110617599704,-0.7015638306026013,1.0824299903274288,-0.7791002814749682,-0.34909659158114914,-0.3700809488831761,-0.2747866209899694,0.4346214809617887,-0.18400794790811917,-0.15708785838441205,0.7977154898231735,1.2089601724889025,-0.32290795578070314,0.4731356352632194,-0.3104315118465542,0.39831930152393935,1.399587946250233,0.43606295834016157,-0.25600172946755295,-0.8676571249122019,-1.4421867069516292,-0.3276713486260714,8.510279743849006,himachal pradesh,solan,8.510279743849006
-0.9432142973170698,0.19783403473037667,-1.2742914112618926,-0.5034917060645219,-0.48353868386270393,-0.6215442294573496,0.059008952180870024,-0.857008657159246,-1.1652910925516196,-0.2960584112964839,0.06060084455342801,-0.9530492230502392,-0.36754736090231704,-0.4211907517883962,0.01410423244727314,0.04429186106795211,-0.5537867169488274,-0.48779599393120965,0.38282147016521834,-0.28964853338632685,-0.16108018139219693,0.9021423237897481,0.24536198542823826,-0.32290795578070314,0.28257843797603827,-0.5315078993732577,-0.6087111834127839,-0.21388163457501191,0.15764928253225166,-0.6355642540299504,0.46107867084249116,0.5944434090555036,-0.7901697138955199,3.9350309986165906,maharashtra,jalna,3.9350309986165906
-0.3451126785184328,0.290279075323223,-0.13099633576486758,-0.4125226731813667,0.9636015030509545,-0.1371884337892814,-0.7704105044730614,-0.12476237412479502,0.8061228508246131,0.5952525916718007,0.33746699561474974,-0.7392598036945401,-0.53862896733417,-0.7072778841378671,0.31338486235085783,0.3699228154960326,-0.28432996687945683,-0.27844867324683886,-0.6013787349701049,0.907611435366691,-0.1753028321074305,0.13971414891550832,0.5973965231010676,-0.2636427979046227,-0.10642108200331117,-0.14648570333777414,0.8698790311769853,-0.6835300571626416,0.5483265372949643,-0.39833767617845195,0.7213465071243388,-0.6213630541366332,-0.03556711792957758,15.472547774377924,madhya pradesh,morena,15.472547774377924
-0.92962107870801,-0.7173718671388019,1.2873772541374566,-0.4125226731813667,0.9942612527737015,0.767417243414317,-0.3484251668772017,0.8239340680456256,0.33000778525450364,-0.1318695423286412,1.5964243994973628,-0.2315099327247549,0.8218771409572319,-0.501029021281272,-0.6136047438189505,-0.529658715631337,-0.4294376569935521,-0.3004531100534668,-0.9639788105462742,0.015535380217383704,-0.12623052847007485,-0.21511251273435875,0.04107916977137779,0.06231557041381988,1.181482734144535,-0.5675191174272094,-0.511980982458313,0.4799860349254222,-0.26895231749599763,-0.1611110983269535,0.050129455660627265,-0.7509667887916328,0.806666747245313,27.205148119383118,assam,golaghat,27.205148119383118
-0.8888414228808302,0.28103457126393827,-0.7327305860264596,-0.3215536402982116,-0.4958025837518025,-0.5360696772806314,-0.4939373522550844,-0.6221372078840448,0.48623304114469634,0.4545192754136517,0.17552641669208993,-0.16470073917609895,-0.06611786385571913,-0.8137289101283675,-0.04656771036162535,-0.6782768753764591,-0.5335551613838837,0.4544436271082201,1.2634216537073344,-0.7943757751155401,-0.10959584927097125,0.2272979451455386,0.03593997944038732,-0.21919392949756233,0.09596380339135033,-0.6046810698926596,0.26531527521154213,1.987405971940557,-1.1041933449197272,-0.39833767617845195,0.46107867084249116,0.7240471437105033,-0.7317488677562212,5.273521681442105,karnataka,bagalkote,5.273521681442105
-0.6849431437449311,-0.4123032331824092,-1.1410502558468256,1.2249199187154258,-0.39769138463901205,-0.20129434792181974,0.3936869785500004,-0.7234543036498178,0.1961004230629107,0.05577487934889187,-1.5065660482465049,-0.9129637069210456,-0.4897485083536406,0.49694934737967333,1.274798391640243,1.6210747607879272,2.3116340405598543,2.3874932464887166,0.6936215349447732,-0.988050181825587,-0.037734035130843675,0.5832474759778421,-1.06256195380877,-0.32290795578070314,0.6755205206578812,0.9955166646851941,-1.96466132179242,-1.0547038104980266,-1.6206058081118182,0.3133420573760436,-0.7854672818758289,-0.016545625746636164,0.34416838197586447,0.9307877201723599,uttar pradesh,varanasi,0.9307877201723599
0.8782769962969617,1.2378407413998977,-0.5393160055852335,-0.594460738947677,-0.01751048807694918,-0.06595964030868312,-0.17381054442374252,0.9022245511373596,0.2556148062591741,0.5014303808330325,-0.4095492232865519,0.7171806156661596,-0.7341508032562876,0.6100535624945806,-0.8589350521719156,-0.6150027405666756,-0.24877270389257175,-0.4811464779911046,-0.34237868098714247,-0.988050181825587,-0.12423436696618242,-0.06801664983520496,0.4059616832716822,-0.32290795578070314,-1.6466489111107354,-0.344141261077509,-1.094089513202182,1.545027457761241,0.5303643646621959,-0.6830095696002503,0.2556040632515592,-1.4421867069516292,-0.37148698323054546,17.78367617783676,himachal pradesh,chamba,17.78367617783676
-0.6441634879177514,0.9974836358584973,0.39337208232023424,-0.594460738947677,0.7919069046035706,0.5537308629725222,-0.26111785565047185,0.36340181456483894,0.7763656592264809,0.4545192754136517,-0.4879075679265486,0.1693452285671808,0.781143425140124,-0.567560912525335,-0.021392667152846906,-0.0887145867987544,-0.42218024527787096,-0.4846479139209184,-0.8603787889530893,-0.2955174548017828,-0.09953186835551357,0.8055755741002275,1.3361551331809103,-0.05621474533834103,0.2129264968986545,-0.6018380789936634,0.4829582273591017,-1.0153139427971287,-0.21955634275588404,0.40823268851664285,0.7076481999516097,-0.06591847704377878,-0.14754040636323354,25.702502170652775,madhya pradesh,chhindwada,25.702502170652775
0.4840736566342232,0.008321701515041973,-0.9261451664676856,-0.4125226731813667,-0.04817023779969617,-0.9135822827278026,-1.1196397493799801,-0.5991105952100055,-0.391604111000192,0.6421636970911848,1.1994087866547125,0.182707067276912,0.1619909447200848,-0.6207864255205853,0.22923158300907942,-0.5233606575060274,-0.35670136303862415,0.2769625857116959,-0.13517863780072845,-0.3894201974490783,-0.11051075662692196,1.1031359074458438,1.621380196550867,0.1660295966969607,0.12750430501129748,-0.5106592994472857,0.47950357732501364,1.9828609872058376,-0.43510241434910485,0.2658967418057439,0.666553278433423,0.8783373040140737,0.47074688194434516,19.014139520349975,karnataka,raichur,19.014139520349975
0.769531247424482,0.16085601849323827,-1.244204698748813,1.4068579844817364,1.4418935987258075,0.6107138977570006,-0.7995129415486383,-0.7649022064630886,0.8953944256190088,0.5483414862524166,-0.022981389729234792,-0.4319375133707228,-0.38384084722916023,-1.9580774395262517,-0.7021652075477534,-0.26108389794864556,-0.32110355585221023,0.07972573608732314,-0.49777871337689783,-1.6453693803566556,5.499202109686788,-0.31280213160631604,-0.7426473557046295,5.248016884570861,-1.60196653381581,0.04000096158447576,1.6091741384718696,-1.2698330879413926,1.8371124236960958,-0.9202361474517488,-0.03206038737574522,-0.33746915917806336,0.07153776665913683,117.429718875502,jammu and kashmir,kupwara,37.781636137288096
0.2393957216711445,-2.2149815247429125,-0.8659717414415264,0.8610437871828054,-0.7840042311456243,0.9027519510274536,-0.14470810734816608,-1.3635941359881114,-0.30977183410532994,0.38415261728457395,1.141946000585382,2.774903776964763,-0.5304822241707484,-1.3792499857029037,2.345371759570017,4.0974125049483,1.2482813195142053,-0.48998037597916694,0.6418215241482028,-0.9176231248401155,-0.20499573447783045,-0.8012502259661013,-0.6784074765672516,-0.32290795578070314,0.9462431595624284,2.200200213005078,-0.7641704349467553,-0.3138712987388297,-0.259971231179613,-0.8253455163111494,-0.5388977527667104,1.4461250939312138,-0.6246439831675069,1.7363644322526044,bihar,madhubani,1.7363644322526044
-0.8888414228808302,1.1869959690738325,-0.6166818377617239,-0.594460738947677,-0.734948631589229,-2.4521242219087256,1.7032966469509447,0.45090294272618836,-0.391604111000192,0.6421636970911848,0.18075030633475644,-0.5521940617583034,-0.9296726391784053,0.9227534513416771,-0.6382122622776897,-0.289531906260425,-0.5035119095329352,-0.4994246160100408,-2.1035790480713747,-1.3343165453374892,-0.05628170243784421,-1.7264944322936029,-1.2360096274796897,-0.32290795578070314,0.048653050961429335,-0.15102095072426808,0.08912812347304205,0.33454652341441377,0.04089516041925757,-0.1136657827566538,-1.0868300396758626,1.125201560499787,-0.6051703677877405,9.896139525769154,punjab,tarn taran,9.896139525769154
0.1986160658439646,-2.0901807199425697,-0.8530774360787781,2.316548313313288,-0.8391917806465689,0.8528917955910352,-1.2506007162200745,-1.299119620500801,-2.236549990084365,-0.1787806477480253,1.272543241652043,0.9977792285705146,0.06423002675902606,-2.7764197018282273,1.7565648314041495,3.652251879574197,0.18861812062569042,-0.5231315858834589,0.2792214485720334,0.34419497948291805,-0.18994134980264168,-0.2847304020454087,-0.7375081653736393,-0.32290795578070314,-1.800408856507978,0.786827594646974,-0.011056727515517242,-0.25478649718748253,-1.009891938597693,-0.73045488517055,-0.3882163738666941,1.0141126450812157,-0.27411890633171415,2.052715581264473,bihar,araria,2.052715581264473
2.427903917729794,-0.7913278996130789,-0.10950582682695358,-0.2305846074150564,1.3253865497793684,0.7745401227623769,1.9943210177067103,-0.921483172646556,-1.142973198853021,-2.9465358674916473,-1.3864165864651767,-0.12461522304690538,0.7404097093230162,1.188881016317929,-1.0936154038874228,-0.6445449030442928,-0.5493268550006434,-0.30636379088911575,-1.2747788753258291,-0.28964853338632685,-0.22063233292498785,-1.4940605115292913,-1.1011058812911967,-0.32290795578070314,0.4705072601282239,-0.6425199249531087,0.037308372961718385,0.4996809687758707,-1.5981530923208578,1.4994749466335362,-1.0183385038122186,-0.5102741387180623,0.5973253819128257,9.523809523809526,arunachal pradesh,lower dibang valley,9.523809523809526
-1.0655532647986095,0.6739259937835351,-0.6553647538499691,-0.5034917060645219,-0.00524658818785108,-0.15143419248540074,-0.4939373522550844,-0.060287858637484947,-0.6147830479861811,0.05577487934889187,-0.6446242572065419,-0.9530492230502392,0.2271648900274574,-0.3746184279175519,-0.594060610239469,-0.3418378127248602,-0.5539488937469432,-0.4811786012565158,1.00442159972435,-0.2016147121544873,-0.11417038605072476,0.2497553287942648,1.092043592458876,-0.29327537684266286,1.349698742784253,-0.5940536991511738,-0.5551641078844162,-0.5002156728623087,-0.06687787537735332,-0.73045488517055,0.5158718995334068,0.014312406314078025,0.5389045357735266,7.857223032888092,maharashtra,washim,7.857223032888092
-0.6985363623539911,0.7663710343763814,0.8188841592909315,-0.4125226731813667,1.0923724518864915,0.36853599992296654,-0.17381054442374252,0.4232710075173411,0.18866112516337816,0.12614153747796636,0.5568703606067402,-0.5388322230485723,-0.23719947028757202,-1.805054089664907,-0.4476835626004032,-0.683400719275016,-0.4226667756722183,-0.4797973008438369,-2.3107790912577446,1.165843977646754,-0.13022285147785975,1.1997026571353644,1.39397102440455,0.9216603596169867,-1.2655345165363725,-0.4339662354338885,0.7593302300861619,-0.6986800062783717,0.6111941415096539,-0.6830095696002503,2.2281602961245057,-1.2508669081752017,0.0033801128299550537,30.974933755672645,madhya pradesh,shahdol,30.974933755672645
1.4491921778774788,0.5583696930424772,0.9521253147059984,-0.594460738947677,1.1230322016092384,0.8101545195026761,-0.15925932588595407,1.408810029966225,0.8656372340208766,0.5952525916718007,0.18075030633475644,0.3430491317936863,1.1396001243306728,0.9693257752125214,-0.5174270338357125,-0.6022465041942267,-0.5458805980406831,-0.4617761489481898,0.4346214809617887,0.4733112506229492,-0.09304434346786317,-0.03994492027429767,0.08219269241929932,-0.30068352157717293,-1.017153066279288,0.052523659591958934,0.39141000145576255,-0.007842326601084058,0.11723439410852317,0.8352405286493404,-0.14164684475757555,1.0758287092026442,-0.7268804639112796,13.885461764507953,odisha,puri,13.885461764507953
0.6064126241157629,-1.0963965335694719,-1.1109635433337461,0.8610437871828054,-1.0047544291494028,0.5537308629725222,-1.3961129015979572,-0.9813523655990584,-0.019639216023544324,-1.2108249669744622,0.08149640312409408,-0.6323650940166906,-0.41642781988284644,-1.1397351772242768,1.0257437021151443,0.5839767316956419,1.215075620099999,-0.3932572238262376,-0.49777871337689783,0.27376792249744636,-0.17804755417528262,0.04988461432060532,-1.008600455333373,-0.24882650843560253,-0.41919772306778824,2.190114364339592,-1.4654643918666685,-0.3456861918818625,0.3417615520181272,-0.3508923606081522,-0.66218251732127,0.8845089104262168,-0.12319838713852567,4.242500556949275,uttar pradesh,farrukhabad,4.242500556949275
-1.2558583253254485,-1.087152029510187,-0.9519337771931825,-0.04864654164874616,-0.8269278807574699,-0.04459100226450333,-1.221498279144498,-1.308330265570417,-0.5031935794931863,0.36069706457488354,0.2538847613320866,0.27623993824503035,-0.856351950707611,-0.3879248061663647,1.0133024954853744,1.4558841684334098,0.4435195030641696,-0.42759699455074157,0.5382215025550179,0.18573410126560683,-0.21015248502955255,0.18912039294270508,0.1721285232116278,-0.32290795578070314,1.3089589281918212,1.2385246962898684,0.3171350257228658,-0.8577544719935366,1.0243241120633266,-0.8727908318814491,-0.44300960255760913,1.0079410386690733,-0.5516179254933834,1.010429388558425,bihar,rohtas,1.010429388558425
0.06268387975336524,1.0853064244217014,-1.0593863218827524,-0.4125226731813667,-0.8085320309238219,-0.4434722457558538,0.24817479317211766,-0.11094640652037155,-0.35440762150252725,-0.3898806221352521,1.4240360412893702,-1.4207135778908309,0.3167790648250946,0.07779843254207647,2.3100965493253813,0.906058356756493,-0.45514267949490345,-0.5126272780940175,0.3310214593686038,0.20334086551197436,-0.1379579773054429,0.48555785710588534,0.40467688568893473,1.8995354645723144,0.41136881959082283,-0.4975273891043033,-0.9092657363784611,-0.20479166510557378,0.04089516041925757,-0.3034470450378526,0.3925871349788474,-0.8990853426830604,-0.0696459448441684,8.636174981323151,maharashtra,nashik,8.636174981323151
-0.5761973948724516,-0.14883486749279703,1.9406887258500427,-0.04864654164874616,1.2088795008329305,0.45401055209968466,-0.6248983190951787,-0.5668733374663503,0.5308688285418937,0.19650819560704086,0.19642197526275562,-0.4319375133707228,-0.23719947028757202,0.2707409171498596,-0.3485263476794584,-0.6383535916668699,-0.4748877046654998,0.21673146306581662,-0.7049787565632898,0.09183135861831103,-0.1041895785312626,-0.16346053034228955,0.13101500056370627,-0.24882650843560253,-0.8804775592595168,-0.28904138984458294,-0.27015548007213563,-1.1031836476683627,0.7728536952045688,-0.5881189384596509,0.41998374932430527,-0.775653214440204,-0.1524088102081752,18.104024258621575,rajasthan,tonk,18.104024258621575
1.856988736149277,-0.30136918447099337,0.681344902088282,-0.3215536402982116,0.46691355754245273,1.0523324173367101,0.23362357463432917,0.23445278359021848,0.05475376297178521,-0.15532509503833491,0.7240348291720665,0.36977280921314865,1.3595621897430552,0.45037702350882997,-0.5926595335128092,-0.051246478290556965,-0.5086204786735823,-0.4573431383214531,-0.5495787241735124,-0.11358089092264778,-0.12989015789387764,-0.41049175047827285,0.10403425132600756,-0.23401021896658242,-0.5374746041425904,-0.1343691468872904,0.21176819968317442,0.8829746814038398,0.35972372465089597,-0.20855641389725318,-0.14164684475757555,1.594243647822642,-0.4250394255249026,14.385614385614385,odisha,dhenkanal,14.385614385614385
-0.0324686505100542,0.6785482458131779,0.4965265252222214,0.49716765565018467,-1.691532822938935,-1.6970990110143838,1.179452779590567,0.25287407372944987,0.2556148062591741,0.6187081443814911,0.11806363062275897,1.719318518895999,-0.36754736090231704,1.1556150706958976,-0.7305503126239422,-0.6827335521007248,-0.4403845908663674,3.290895839646084,1.0562216105209645,0.40288419363747785,-0.08755489933215897,1.6376216382855169,1.4466477252972,-0.32290795578070314,0.983040411452367,-0.605087211449659,0.8249685807338377,1.8525714248105594,-0.785364780688088,1.4994749466335362,0.15971591304245797,-0.775653214440204,0.504825708858936,8.614684437839596,karnataka,udupi,8.614684437839596
0.021904223926185587,1.284063261696321,-0.5006330894969884,-0.594460738947677,-0.9066432300366123,-2.217069203422751,2.7073307260583355,0.5522200384919612,0.6275797012358219,0.689074802510569,0.18075030633475644,-0.2715954488539485,-0.9215258960149837,1.2820256640596177,-0.48001473820420965,-0.6347775756126687,-0.17936103429901737,2.506734807694852,0.22742143777541884,-1.1171664529656185,-0.0572797831897904,-1.2324319920216358,-1.0561379658950323,-0.30809166631168305,-0.040711703628421164,0.26689871142817145,-0.1388787787767824,0.38454135549632285,-0.3677442669762234,0.6454592663681417,-0.7580706675303713,0.9338817617233592,-0.45424984859455203,6.53639272826309,punjab,hoshiarpur,6.53639272826309
-0.712129580963051,-1.637200021037623,-1.1238578486964945,0.1332915241175642,-0.2198648362470796,0.5608537423205822,-1.803547020656029,-0.995168333203482,-0.9867479429628289,0.5483414862524166,1.356125475934706,0.8775226801829339,-0.4897485083536406,-1.658683928927968,-0.33918879202646657,0.19995530617359003,-0.23555529484613558,-0.27391929282386873,-0.13517863780072845,1.1306304491540176,-0.11874492283047823,-0.35210255299158605,-0.35335368813212115,-0.2784590873736428,-0.43233959874276634,0.5713018083992631,1.571172988096899,-0.46385579498455687,1.271303985763892,-0.9202361474517488,-0.6895791316667275,3.390181113756204,0.660614631897066,6.945066762254682,bihar,jehanabad,6.945066762254682
1.585124363968078,-0.042523070811023904,0.12688977149010047,-0.1396155745319013,0.2645592093723228,0.6961884499337188,0.3936869785500004,0.8055127779063939,0.14402533776617982,0.29033040644580904,0.18075030633475644,-0.004358674659324671,1.1640403538209376,0.7031982102362693,-0.18551373080486291,0.29952333526481834,-0.5292980204333444,-0.47382237347736567,-1.0675788321394593,0.5085247791156849,-0.11425355944672026,-0.512672846079975,0.010244027785436363,0.6105182807675642,-0.026255640385945325,0.1621141897223119,-1.1355453136112412,0.8693397271996829,-0.1252549364338501,-0.7779002007408496,-0.5115011384212529,-0.3251259463537774,0.38311561273539707,13.428163230253963,odisha,cuttack,13.428163230253963
0.2665821588892643,-1.5771107446522727,-1.330166734500469,0.5881366885333399,-0.32410798530441953,0.567976621668642,-0.959576345464309,-1.3635941359881114,-2.2886250753810957,-1.1639138615550781,0.776273725598731,0.4499438414715358,-0.4408680493731112,-1.9048519265310015,1.7907936678909,3.390642287191106,0.9812572214165715,-0.4766813440989568,0.1238214161822339,-0.7239487181300684,-0.18553315981487922,-0.6081167265870598,-0.5178077787238078,-0.32290795578070314,-1.3838113976111748,0.1390318112328429,0.05803627316624741,-0.172976771962541,-0.8437418417445853,-0.5406736228893512,-0.4978028312485245,-0.09677650910449312,-0.7414856754461042,1.3224303600892944,bihar,katihar,1.3224303600892944
-0.3043330226912529,1.1453957008070514,0.1999575018790082,-0.594460738947677,-2.1636929686692388,-1.9250311501522983,0.23362357463432917,2.0075019594912478,1.9145782378550236,0.5952525916718007,-0.9841770839798606,1.5322527769597623,-0.6526833716220719,1.0491640447053971,-0.4374592495254747,-0.6875104690686502,-0.3335100809080675,3.6833457731739276,1.5742217184869114,-0.36007559037179854,2.2111082457959728,0.4294143979840708,-0.9276582076202771,-0.32290795578070314,-0.63341029656993,-0.5775372758331959,-1.538012042582522,0.9829643455676579,0.6426279436169987,0.17100611066514435,-0.9909418894667609,-1.3989854620666295,0.03259053589960433,5.328079492890183,kerala,kasaragod,5.328079492890183
0.18502284723490472,-0.13034585937422752,0.7802012432026864,-0.4125226731813667,0.6999276554353296,1.280264556474625,0.45189185270115323,0.6627477793273503,0.2630541041587077,-0.3898806221352521,0.18075030633475644,0.4499438414715358,0.7567031956498593,0.08445162166648335,-0.9756677991956426,-0.6202066445261475,-0.5302305370225102,-0.46463511956978093,-0.44597870258032746,1.1071547634921939,-0.17580187248340362,0.29916157282146105,0.07319910934006642,-0.32290795578070314,-1.2155953889714561,-0.3909829206514462,0.45704835210343986,-0.38962104431747957,0.8671551015266032,0.3133420573760436,-0.03206038737574522,0.6438162603526462,-0.35688177169572066,26.789635485287658,odisha,deogarh,26.789635485287658
-0.9024346414898902,0.7571265303170966,-0.4748444787714915,-0.1396155745319013,0.14192021048133482,-0.4007349696674948,-0.07195201465922474,-0.5668733374663503,-1.41822722113574,0.38415261728457395,0.2591086509747531,0.5434767124396541,-0.24534621345099356,-0.6540523711426168,-0.5736651895349284,-0.6730462847300157,-0.472536141092821,1.096137976961065,0.07202140538564143,-1.2110691956129138,-0.11649924113859925,0.8942822395126946,2.0427938036920645,-0.30809166631168305,-1.1130887587066276,-0.5613593038127177,1.4537148869378986,1.9510460940628045,-1.0368351975468457,-0.39833767617845195,2.0363839957063026,0.13157292814479166,0.25166870892197485,9.457086059483142,karnataka,gadag,9.457086059483142
3.5833274994998887,-1.8683126225197388,-0.638172346699638,0.679105721416495,1.3253865497793684,0.3899046379671463,1.7760527396398862,-1.40964736133619,-1.3587128379394766,0.19650819560704086,-1.2558193453985156,-0.04444419078851824,0.5285943870740554,0.9493662078393027,-1.0980491909971055,-0.6651203386994354,-0.5417450896887307,-0.46582368038999294,-0.186978648597343,-0.9410988105019393,0.040199436916956766,-0.20949816682217715,-0.93665179069951,-0.32290795578070314,-0.22469796307811338,-0.5480920129507354,0.4535937020693518,-0.35932114608602,-0.46653621645644916,-0.1611110983269535,0.48847528518794936,1.7732202337747838,-0.6976700408416302,16.027874564459932,arunachal pradesh,lower subansiri,16.027874564459932
0.021904223926185587,-0.1811906317002934,-1.196925579085402,1.7707341160143568,-0.36703163491626506,-0.3366290555349564,-0.7558592859352734,-1.2668823627571462,-0.0568357055212091,0.38415261728457395,0.47328812632407735,-1.4073517391810997,-0.5549224536610131,-1.3326776618320593,0.09909993133989119,1.2178389206462867,0.5995741270510802,-0.4934496886435696,-0.9639788105462742,-0.5772256827436693,-0.0821486285924503,0.4047112759704724,0.3802657316167313,0.2252947545730412,-1.7425846035380748,0.13361659047285018,-1.8575671707356847,1.0223542132685561,0.7548915225718009,-0.1611110983269535,1.3651669442425918,0.20563220509050564,-0.5078022908889093,24.730026979505546,haryana,nuh,24.730026979505546
1.2588871173506395,0.3734796118567846,-0.5822970234610615,-0.1396155745319013,0.41785795798605774,0.6605740531934197,-0.7849617230108499,0.8515660032544726,-1.41822722113574,-0.36642506942555836,0.8755276288093933,0.9309700350218586,0.5937683323814279,-0.7205842623866798,0.8802090740269181,-0.6470000782456846,-0.4661707017667766,-0.3700642261993976,0.1238214161822339,1.3888629914340807,-0.20166879863800974,-1.2694866750420337,0.95328545352214,-0.2043776400285422,-1.3181020192362847,-0.5227758558977694,-0.30297465539597357,0.19365199663812507,0.8940983604757556,1.689256208914735,-0.03206038737574522,-0.8929137362709176,0.9673240741283845,18.219416030218643,west bengal,west medinipur,18.219416030218643
0.008311005317125456,-1.1056410376287567,0.7501145306896067,-0.2305846074150564,-0.06043413768879514,-0.27964602075047795,-0.5521422264062373,-1.5063591345671552,0.45647584954656406,0.03231932663919816,0.7083631602440673,1.6257856479278805,-0.8237649780539248,0.1310239455373267,-0.5512568294825919,0.3552184509746532,-0.45453451650196924,1.626428842368092,-0.186978648597343,-1.346054388168401,-0.019186367823843142,-0.23083268128846685,-0.19789318061966735,-0.32290795578070314,0.2129264968986545,0.140453306682341,-1.002541287298844,0.6042156176744082,-2.132527728145717,-0.6355642540299504,-1.2649080329213367,-0.7879964272644896,-0.7074068485315135,3.4192054417830526,jharkhand,koderma,3.4192054417830526
0.42970078219798363,1.066817416303132,1.6484178042944122,-0.4125226731813667,-0.8453237305911183,-1.0702856283851188,1.7032966469509447,1.675918736985081,1.2004056394998595,0.6187081443814911,0.18075030633475644,1.2382923253456761,-0.033530891202032835,1.3685171226768995,-0.4270221146692816,-0.6764354939754152,-0.556341001519151,-0.5055922829689788,1.00442159972435,0.11530704428013483,-0.13845701768141602,0.2486324596118283,0.7669898040237447,-0.2043776400285422,1.5271140643964565,-0.35476863181899476,0.5865977283817491,1.6601670710407883,-1.297286700721987,-0.25600172946755295,-0.9498469679485746,1.260976901566929,0.4902204973241114,7.190133803152232,tamil nadu,erode,7.190133803152232
-1.0519600461895493,0.7617487823467394,1.4550032238531863,-0.594460738947677,-0.299580185526222,-1.476289751224529,0.33548210439884696,1.2061758384346786,0.6424582970348879,0.6187081443814911,0.4576164573960778,0.36977280921314865,-0.5304822241707484,1.1223491250738662,0.9414219388631979,-0.08284351566499121,-0.2295142091163227,0.18040004988582217,0.1238214161822339,-0.5420121542509333,0.0636543345876928,0.8459988646679341,-0.02059111420050506,0.13639701775892052,-0.5585016052225552,-0.11284364436631929,0.5675971531942633,0.23910184398531506,-0.7763836943717044,-0.25600172946755295,-0.23753499496667715,-0.6769075118459186,0.4171944396499879,14.45122239561167,andhra pradesh,ananthapur,14.45122239561167
2.618208978256633,0.7386375221985279,-0.8659717414415264,-0.3215536402982116,-0.1278855870788386,-1.2056203359982554,1.4559259318085438,1.141701322947368,0.8210014466236792,0.6187081443814911,0.008361948126763573,-1.0465820940183574,-0.8319117212173464,0.9427130187148958,-0.6705168351588381,-0.43446730320345944,-0.49414619944174887,0.7362289112947018,0.6936215349447732,0.5437383076084209,-0.1503508133087751,0.9302140533506557,1.1382963054377875,-0.32290795578070314,1.757096888708572,0.4152757602519723,-0.8263541355603431,0.0254875614535223,-0.18812254064853923,-0.3034470450378526,-0.8950537392576594,-0.09060490269235015,-0.488328675509143,15.638411455607429,haryana,kurukshetra,15.638411455607429
-0.8752482042717702,0.5167694247756968,1.8117456722225587,-0.2305846074150564,0.11126046075858784,-0.5788069533689905,-1.1487421864555567,-1.160959944456565,0.7168512760302175,0.5952525916718007,-0.12745918258256367,-1.006496577889164,-0.42457456304626806,0.9094470730928643,4.52920699772159,0.9705867658539441,-0.45716988947135073,-0.3619691633157915,-0.8603787889530893,0.9486938852748829,-0.16623693194391906,-0.34087386116722307,-0.8492855550726762,0.21047846510402107,-0.5545590425200618,1.1353647408120067,0.2065862246320416,-1.0334938817360046,0.34176155201812813,2.49582657360983,-0.5251994455939819,-0.8558840977980607,0.6362726126723582,19.405594405594407,rajasthan,jaipur,19.405594405594407
1.0006159637785008,0.42432438418285046,0.9220386021929187,-0.5034917060645219,-0.5387262333636484,-0.4577180044519737,0.8738771902970129,-0.0050239882197904125,-0.1237893866170061,0.5014303808330325,-0.7804453879158694,-0.07116786820798063,-0.5141887378439053,0.8362619927243953,-0.6431426335436569,-0.0823631552995015,0.3248060868434178,-0.07189607665323683,-0.29057867019052797,-0.25443500489359083,-0.0225964770596594,-0.4756181630595777,-1.3657741833371924,0.07713185988284002,0.023683487178971396,-0.2657559405766141,0.3413175759614836,1.6192622084283177,-1.0952122586033428,-0.73045488517055,-0.579992674284897,0.1686025666176488,0.4902204973241111,6.566380133715377,uttarakhand,nainital,6.566380133715377
-0.19558727381877358,1.24246299342954,-0.182573557215861,-0.5034917060645219,-0.6552332823100869,-2.0603658577654347,1.557784461573062,1.1601226130865998,0.1961004230629107,0.6187081443814911,0.18075030633475644,-1.6077793198270676,-0.9215258960149837,1.3219447988060553,-0.8900513701076691,-0.6551928911459813,-0.5359472691560915,-0.47366175715031006,1.2116216429107198,-1.2991030168447535,-0.09312751686385867,-0.7181579064658161,-0.93665179069951,-0.30809166631168305,0.6531793320104187,-0.5252803954992661,0.7662395301543379,0.02245757163037615,-0.8302702122700093,-0.7779002007408496,-1.1690198827122353,1.6374448927076413,-0.444513040904669,11.682556734255405,punjab,fatehgarh sahib,11.682556734255405
0.7423448102063622,1.2563297495184673,1.1584342005099728,-0.594460738947677,0.2952189590950698,-1.4905355099206485,1.0775942498260491,1.1601226130865998,-0.1237893866170061,0.4545192754136517,0.18075030633475644,0.7973516479245467,-0.8726454370344542,1.335251177054868,0.21760619320749128,-0.597256093730528,-0.5565031783172667,-0.5591417664093419,1.5742217184869114,0.825446535550307,-0.18079227624313468,-0.28922187877515365,-0.31609455823244204,0.43272280713932276,0.8963040319975114,-0.4028964063234302,1.422623036631104,1.2223335415961918,-0.785364780688088,-0.6830095696002503,-1.7032538624486582,0.3660939718062189,0.37337880504551374,6.287846884393652,tamil nadu,madurai,6.287846884393652
